-0.78032,-0.06862,-0.61919,-1.0409700000000002,-0.72446,-0.9655600000000001,-0.44908000000000003,-0.7198399999999999,0.5372399999999999,0.9303799999999999,-1.49585,-0.3338,0.9287299999999999,-0.25564000000000003,-1.02014,2.39584,-1.66671,-1.60625,-0.39148,-1.10693,1.0132,-0.72915,-0.46024,-0.24783000000000002,-1.09681,-0.64936,-0.09051000000000001,-0.85665,-0.8917200000000001,-1.04358,-0.26783,5.33938,-0.34583,0.34397,-0.8781700000000001,-0.05001,-0.7098800000000001,-0.80306,1.14523,-0.9339700000000001,0.0937,-0.79295,-0.61055,-0.3891,0.78786,-0.68455,1.05027,-1.39745,-0.48311000000000004,1.00111,1.18441,0.66623,1.0264,0.23374,0.23997,-0.70431,-0.5624399999999999,-0.375,-0.81829,-0.72448,-0.13432,-0.71134,-0.71182,-0.9797,-0.12994,5.3032900000000005,-0.36874,1.2535399999999999
0.21843,-0.14255,-0.72259,-0.20664000000000002,0.08156000000000001,-0.50047,0.5048199999999999,-0.69214,0.6238,-0.052770000000000004,0.27416,-0.16648,-0.42651999999999995,-1.2314399999999999,-1.38887,0.9855200000000001,-1.15185,0.81516,0.47918,0.97356,0.009179999999999999,-0.48816000000000004,-0.57589,-0.74035,-0.8236100000000001,-0.5105,-0.21328000000000003,-0.06216,-0.08297,0.18930999999999998,0.6947,0.30954,-0.03612,-0.49892,0.62312,-0.3075,0.18245,0.17722000000000002,0.6110300000000001,-0.47811000000000003,0.47348999999999997,-0.5523600000000001,-1.3366200000000001,0.5213300000000001,1.38093,2.2823900000000004,2.17613,2.08668,1.2203700000000002,0.9132600000000001,1.36122,1.52692,0.45955,-0.46971999999999997,0.6470100000000001,-0.39471999999999996,-0.64289,-0.61535,-0.62695,-0.67799,-0.2329,-0.20397,-0.25798000000000004,0.8292799999999999,0.8463700000000001,-0.2722,-0.18331,-0.47486999999999996
2.84934,-0.24586,0.21681,0.7814399999999999,0.64993,0.36546,-1.28702,0.1128,0.79798,-1.21139,0.24256,-0.60309,-1.40925,0.26871,-0.2654,0.82939,-0.48186,-0.07799,-0.23001999999999997,0.1791,0.20654,-0.20357999999999998,-0.49642,-0.47017,-0.8511799999999999,-0.7298600000000001,-0.503,-0.7360899999999999,-0.54964,0.52599,-0.5483600000000001,-0.35922,0.73507,-0.64799,0.91251,-0.42063999999999996,-1.69225,-0.11101,-0.12174000000000001,-0.1526,-0.89685,-0.25395999999999996,-1.21704,-1.04535,0.65432,0.9651,-0.39621,-1.4523700000000002,0.7622899999999999,0.77165,0.29973,0.11483,-0.71838,-0.95006,0.18448,-0.40654,-0.58605,-0.79425,-0.7105899999999999,-0.9562299999999999,-0.56219,-0.69936,-0.68178,0.9583299999999999,-0.67999,-0.03137,0.2857,-0.40098
-0.41796000000000005,-0.30164,1.0087,-0.5445300000000001,-0.58908,-0.49573,-0.68062,-0.48272,0.58297,-0.87325,-0.58728,0.25277,0.055,-0.76107,0.99754,1.0202,-0.14995,-0.55301,0.34085,-1.03824,0.07118,-0.40678000000000003,-0.47807,-0.64174,-0.49304,-0.41136000000000006,0.09452999999999999,0.43403,1.85258,1.53481,-0.52499,-0.7701899999999999,-0.61778,0.32964,-0.43642,-0.22141,-0.81983,-0.4923,-0.30537,-0.48898,-0.36321,-0.77132,-0.06175,-0.17974,-0.84283,1.0505200000000001,-0.9365600000000001,1.62249,0.03341,1.1355899999999999,1.39763,-0.58133,0.77323,-0.32861,0.79297,-0.46568000000000004,-0.611,-0.58599,-0.77898,0.30485999999999996,0.25155,0.71636,-0.40191,1.52499,-0.63642,-0.78835,-0.5263899999999999,-0.30489
-0.13011,-0.4209,-0.57255,-0.5796600000000001,-0.36322,-0.67282,-1.10346,-0.55858,0.27675,-0.51547,-0.5704600000000001,0.25203000000000003,-0.45543999999999996,-0.18767,0.36609,1.60402,-0.97645,-0.92194,0.59213,0.17078,-0.2963,-0.54903,-0.43072,-0.19959000000000002,-0.59329,0.44438999999999995,0.24015,1.7108299999999999,0.09856000000000001,-0.38988,-0.46726999999999996,-0.5555,-0.47665,-0.59083,-0.95595,-0.3108,-0.09955,-0.77336,-0.7106,-0.66903,-0.77891,-0.74784,-0.37492,-1.03244,-1.14872,-0.4503,-0.8526299999999999,-0.38611,-1.14794,2.19015,0.12385999999999998,1.65579,-0.43435,-0.9701200000000001,0.17955,-0.60865,-0.59037,-0.5270600000000001,-0.77299,-0.9286399999999999,0.60001,0.8635700000000001,-0.14323,-0.60728,-0.64428,-0.53499,-0.46351000000000003,-0.23715
-0.42636999999999997,-0.33261999999999997,-0.07945,-0.96124,-0.37374,-0.84225,-0.5812,-0.85203,0.44518,0.050539999999999995,0.52496,1.46049,0.2917,1.84369,-1.02367,-0.8496799999999999,0.23399999999999999,0.46371,-1.16286,1.32833,-0.26359,0.25375,0.13237000000000002,3.45134,0.23858000000000001,0.25178,-0.19022999999999998,-0.08008,-0.42039,-0.2375,0.01855,0.31499,0.22194,-0.13794,-0.6327,-0.36186999999999997,-1.25053,-0.76247,-0.24853000000000003,-0.7972,-0.86467,-0.80094,-0.8545200000000001,-0.81328,0.20847,-0.03807,-0.50659,0.46421,0.91148,0.9057,-0.66995,0.71178,-1.07408,-0.6913600000000001,-0.8644799999999999,-0.22671999999999998,-0.03549,2.12244,-0.6415,0.012969999999999999,-0.31754,-0.47853999999999997,-0.17644,-0.47848999999999997,0.01345,-0.12861,0.03038,0.0342
-0.67997,2.0240099999999996,-0.9891700000000001,-1.10007,-0.6458699999999999,-0.9850899999999999,3.23446,-0.73029,1.06467,1.2840799999999999,-0.7295699999999999,-2.9815,1.07984,-0.80553,-2.94687,-0.1575,0.80758,-2.2479,0.3877,3.62635,1.46646,-0.7955399999999999,-0.55165,-0.89592,0.02054,1.14667,0.45682,2.18408,-0.70095,-1.1947,-0.74797,-0.68902,-0.49806999999999996,-0.27528,-0.32682,0.44661999999999996,1.33559,-0.8871600000000001,1.0921399999999999,-0.96083,2.01883,-0.68629,-0.29923,-1.04735,3.3109900000000003,0.31672,2.2199400000000002,-0.80688,-0.00203,1.83992,-1.32805,2.22155,1.3141200000000002,0.21641,0.31368,-0.73341,-0.64144,-0.74508,-0.17164000000000001,0.82381,0.82649,2.40187,-0.5483899999999999,-1.29186,-0.72658,-0.6363800000000001,-0.28774,0.0709
-1.23463,0.99771,0.017159999999999998,-1.13099,-0.76486,-0.96393,1.1158299999999999,-0.9133600000000001,1.1009,1.10996,-0.19258,0.035039999999999995,-0.93711,-1.56995,0.8982399999999999,-1.81807,0.94181,-0.9400700000000001,1.1750200000000002,0.76574,0.69426,-0.37119,-0.3938,-0.70412,-0.03335,-0.30391,-0.2337,0.5899,0.7675,-1.10887,-0.49761000000000005,-0.6530199999999999,-0.06009,-0.33642,-0.85861,0.35872,0.71033,-1.0447799999999998,0.45608999999999994,-0.9349799999999999,0.27126,-0.83299,-0.9333799999999999,-0.21984,0.83934,-0.85835,0.14912999999999998,-0.0285,2.14566,0.18985,3.51804,-0.21188,-0.88336,2.99369,0.59935,-0.2452,-0.47411000000000003,-0.69745,-0.26955,-0.36353,-0.5772,0.62042,0.97977,-1.29561,-0.35584,-0.33746,-0.40354,0.29557
-0.41195,-0.5764199999999999,1.21409,0.13609000000000002,1.4419899999999999,-0.61552,0.84593,-0.8788299999999999,-1.80935,-0.2483,0.79174,1.1228799999999999,1.59865,-0.08202999999999999,-1.1259700000000001,-0.4,-0.08482,0.51595,-0.73424,-0.77018,-1.05148,-0.27336,0.016390000000000002,1.2007299999999999,0.81513,0.7128399999999999,0.01738,-0.58597,0.58396,0.08062000000000001,0.69338,0.30462,-0.22701,-0.34743,-0.3171,-0.47366,0.97215,-0.59137,0.27674,-0.81463,0.5100399999999999,-0.78928,0.15603,-0.3117,1.03993,-0.9526100000000001,-0.00298,-1.42499,-0.49686,-0.26344,-0.08215,0.51982,-0.2259,0.47031999999999996,-0.06517,-0.35841,0.09791,0.40354,0.76143,0.5410699999999999,0.00197,-0.62968,0.29412,-0.90896,0.41308,0.04172,-0.32532,-0.47418000000000005
-0.9011100000000001,0.95744,0.77666,-1.01641,-1.03186,-0.85962,-0.31919000000000003,-0.75255,1.33047,0.55176,-1.1674200000000001,-1.46759,0.31985,0.5168,0.0043100000000000005,-1.95216,1.07465,-0.7568600000000001,0.9671,-0.70438,1.9713900000000002,1.42934,-0.39812,0.27129000000000003,-0.92425,-0.08085,0.07267,-0.82047,-0.9392799999999999,-0.88728,0.47796000000000005,-0.7659199999999999,-0.01205,-0.5869800000000001,-0.5891,0.17199,-0.23917,-0.94591,-1.16507,-0.8456100000000001,-0.61693,-0.9128200000000001,-1.01296,2.33521,-1.5613700000000001,0.418,-0.5019600000000001,0.71133,-0.76172,-0.35543,-1.56399,-1.22645,-0.55064,-0.77955,-0.30453,0.48916000000000004,-0.42787,-0.061829999999999996,-0.72218,0.25373,-0.01252,-0.70558,-0.74342,-0.7600600000000001,0.28515999999999997,-0.72659,-0.0631,-0.8161
0.02193,-0.44968,0.5476,0.63937,1.2020899999999999,0.56963,0.6996,0.00605,-1.01928,-0.185,1.5106700000000002,0.77223,0.50766,-0.56477,-2.1484900000000002,0.22021,0.63864,-0.07007999999999999,0.60323,-0.60029,-0.2849,-0.58,-0.19772,1.9320599999999999,2.07547,0.3862,0.21945,2.3403400000000003,0.81023,0.37915,-0.16121,-0.13423,0.66073,0.53066,0.12065,-0.22549,0.19282,0.8214600000000001,0.55789,1.2165,-0.05395,0.73402,1.35706,2.7014299999999998,-0.07595,0.77384,0.59818,-1.20064,2.6149299999999998,-1.78837,-0.38506999999999997,-0.80466,-0.27026,-0.1064,1.21874,-0.57567,-0.27414,1.3955,3.03819,1.01777,-0.09103,3.662,0.53546,0.50248,-0.24591,-0.07894,0.77625,0.46506000000000003
-0.58201,-0.44154,1.0482,0.21665,1.12555,-0.5011800000000001,0.11997999999999999,-0.8515799999999999,-0.9772299999999999,-0.69029,0.39495,0.6229,0.20306,1.5011299999999999,-0.30309,-0.50855,0.12977,-0.20389000000000002,-0.60949,1.4153200000000001,-1.23098,0.01252,1.06176,2.33501,2.67117,-0.13024000000000002,-0.4072,-0.29772,1.94,-0.051739999999999994,-0.44423999999999997,-0.64495,0.053689999999999995,1.38297,-0.68581,-0.25856999999999997,0.17102,-0.97024,0.03581,-0.77382,1.18935,-0.80838,1.9193900000000002,-0.17543,0.8970799999999999,0.30909000000000003,0.50293,1.4222,-0.77635,-0.95554,-0.15115,-1.1959,-0.60859,-0.30735999999999997,-1.23786,0.60864,1.8368200000000001,2.7993900000000003,3.9922699999999995,0.31911999999999996,-0.29578000000000004,-0.21875999999999998,1.15846,-0.0215,-0.36972,-0.35662,0.31727,-0.71823
-0.47685,-0.54206,0.96754,0.65149,1.0563,0.44038,0.19503,0.21728000000000003,-1.57931,-0.8948,1.1702700000000001,1.1704,1.05542,1.21548,-0.30607,-0.22002,0.8856,-0.17966,-0.73883,0.31121,-1.23551,-0.6965600000000001,0.76126,0.10124,0.85387,2.53364,0.71837,0.79183,1.15209,0.76758,-0.41815,0.2605,-0.32281,0.46721,-0.09231,-0.39166,-0.01228,0.34418000000000004,-1.20336,1.0288,-0.52481,1.12449,1.1649200000000002,-0.15417,0.27071,0.02743,0.00945,-0.061939999999999995,-0.7321300000000001,0.9313600000000001,-0.04177,-1.3027600000000001,-1.1602,-1.30787,-1.28942,-0.6936100000000001,0.5456300000000001,-0.44061999999999996,1.92586,1.26728,0.51963,0.37661,0.99603,0.7710199999999999,-0.60677,0.74203,0.00409,-0.24085
-0.33021999999999996,-0.58365,2.17318,0.92612,2.64826,-0.36876,-1.3026,-0.8615700000000001,-2.32939,-1.03047,1.24804,1.3426200000000001,1.41908,0.01296,-0.80283,0.7270399999999999,0.29959,0.17487,-0.38771,-0.10227,-1.8182900000000002,-0.22073,6.4685,2.18273,4.05061,0.54771,0.62756,-0.27466,0.7975,0.19809000000000002,0.43373,0.63315,0.30977,3.9754300000000002,-1.03331,-0.48889,-1.69177,-1.24587,-1.37501,-0.85208,-1.12968,-0.8850600000000001,-1.5490000000000002,-1.21401,-1.7581200000000001,-1.36059,-1.79375,-1.64677,-1.29569,-1.7847099999999998,-1.30667,-1.77607,-1.20881,-1.41228,-1.06057,-0.60832,4.7885800000000005,1.15504,-0.08943999999999999,0.53405,0.23183,-0.47381,0.04858,-0.61821,-0.48805,-0.10191,-0.13882,2.91491
0.30918,-0.39147,0.53993,1.85336,1.9829599999999998,1.55749,0.06337000000000001,1.29931,-0.94476,-0.08307,1.54756,0.6936,-0.34825,-0.12579,-1.3219100000000001,0.07628,1.21583,0.49561000000000005,0.96831,-0.51467,-1.27105,-0.1511,0.46661,0.44906999999999997,0.51689,0.77786,-0.09834,-0.82816,-0.11110999999999999,0.29039,0.32754,0.03412,-0.38529,-0.11335,1.27026,-0.13722,0.17982,1.13811,-0.5531,1.85074,-0.49761000000000005,1.7528,2.15915,1.1342700000000001,-0.96967,0.027610000000000003,2.39111,-0.42312,0.07651000000000001,0.5100399999999999,-0.19804000000000002,-0.10216,-0.6251,-0.65717,0.07584,-0.2222,0.95947,0.15974000000000002,0.60768,1.7730700000000001,0.235,-0.7451800000000001,-0.12082000000000001,0.33348,0.99671,-0.50078,-0.35444000000000003,-0.32416999999999996
0.05318,-0.21324,0.01574,0.9352299999999999,0.4937,0.66064,0.80266,1.17802,0.01934,0.29538000000000003,0.62927,-0.1556,-1.26918,0.66652,0.60812,0.27065,0.64313,0.31585,-2.4533400000000003,-0.24945,1.4079,-0.6461600000000001,-0.2156,0.03057,-0.47586000000000006,0.46448999999999996,-0.69165,-0.8931399999999999,-0.83136,-0.66915,3.5323900000000004,-0.17213,-0.70738,0.51588,1.58007,-0.16673,-0.45377,1.8421900000000002,1.07112,0.9702700000000001,0.73821,1.4190200000000002,0.59617,0.22568000000000002,-0.8045,-0.46353,-0.0424,0.98725,-0.70052,0.46193,0.027760000000000003,-0.09769,0.8284600000000001,-0.28522,-0.75361,-0.6513,-0.33921,0.09362999999999999,-0.06175,0.63966,-0.56717,-0.6200899999999999,-0.53012,0.38153000000000004,3.8529699999999996,0.17593,-0.45451,0.6329
1.17272,-0.07565,1.19349,1.27409,0.0919,1.91865,-0.28013000000000005,1.96797,0.47189,0.21975999999999998,0.24935,-0.46448999999999996,-0.24143,-0.68102,0.39835,-0.8184,-1.06216,1.02659,1.6985700000000001,-0.94329,0.38044,-0.6982,-0.5868,-0.8973899999999999,-0.99016,-1.01814,0.956,-0.94063,-0.72343,1.62785,-1e-05,1.5815,0.05791,0.07668,2.58505,-0.16974,-0.7751100000000001,2.7105200000000003,0.09197999999999999,2.73663,-0.0582,2.39709,-0.42833999999999994,-0.26026,0.21829,-0.07458,0.17407,0.80621,0.55115,1.14689,-0.94719,1.99753,2.48541,0.19166,0.90765,-0.71297,-0.65461,-0.7629100000000001,-0.63593,-1.12727,1.2442799999999998,-0.6166699999999999,-0.45931000000000005,3.61171,0.08444,0.65168,0.24006,0.3257
0.2587,-0.32794,1.6245399999999999,1.20099,0.79402,0.6732600000000001,-0.27393,1.11625,0.0379,1.1342,-0.30496,0.28688,-0.3684,-0.8650200000000001,-0.65596,1.21049,0.43237,0.8312799999999999,0.56323,-2.0929900000000004,0.53352,-0.6623600000000001,-0.32887,-0.83299,-1.19859,-0.11515999999999998,-0.68276,-1.10733,-0.8953700000000001,-0.45385,5.0641,2.56501,0.35015999999999997,1.68113,1.10043,-0.43406999999999996,-0.9401,1.2665799999999998,0.42713,0.38438,-0.08584,1.2044700000000002,-1.14202,-0.27243,-0.0051,-0.9029799999999999,0.1906,-0.51169,0.98726,-1.42792,-0.82636,0.89279,1.30768,1.0403200000000001,2.07888,-0.73044,-0.23015,-0.6444,-0.85946,0.20736999999999997,-0.63752,-0.77469,-0.69435,-0.35768,4.0126800000000005,2.36945,0.86472,-0.07864
-0.5760000000000001,-0.5475300000000001,-0.1127,1.1229,1.8804400000000001,0.31726,1.30813,0.27497,-1.59407,-0.11986,0.82205,0.70314,0.77617,0.18591,-0.18022,0.99134,-0.54045,0.78672,-0.31477,-0.9688,-0.39175,-0.49141,0.35944,0.3975,1.35046,0.96186,-0.0665,-0.22191,1.266,-0.00683,2.92809,0.53562,-0.3375,0.85475,-0.71946,-0.40517,1.77925,1.81047,0.33849,0.8992700000000001,1.6493099999999998,1.43305,0.75858,0.28199,-0.45276000000000005,-0.14800000000000002,1.63815,0.19629000000000002,0.60931,-0.09982,1.40155,0.17051,1.0420200000000002,0.83501,1.72685,-0.60546,0.7672899999999999,-0.06415,1.1163299999999998,-0.10665,-0.05563,-0.26231,0.8414,0.10897000000000001,2.84614,0.69016,-0.28195,0.00937
-0.8290000000000001,-0.27516,-0.63163,-0.8523,0.08062000000000001,-0.9619200000000001,-0.26818000000000003,-0.7180300000000001,0.1078,1.25375,-1.7296099999999999,0.08141,0.5383600000000001,0.19462000000000002,1.06187,0.56597,-2.3778099999999998,0.055020000000000006,1.34113,0.49906999999999996,-0.85844,-0.29334,-0.40331999999999996,-0.63344,-0.74545,-0.19476,0.54313,0.67165,-0.60609,-0.80352,-0.5204300000000001,0.2958,-0.3823,-0.70804,-0.95501,0.01941,1.3240299999999998,-0.49706999999999996,2.45595,-0.9491200000000001,-0.33048,-0.8427,0.27193,0.22874,-0.41926,0.69338,-0.24522,-0.7128399999999999,-0.43908,-0.20656,1.83038,2.3662099999999997,-1.5871600000000001,0.9188799999999999,2.6569,0.11594000000000002,-0.40462,-0.5409,-0.8307700000000001,0.16308,-0.15993,0.38361,-0.68381,-1.026,-0.50226,0.60907,-0.36738000000000004,-0.75076
1.5585200000000001,-0.34226,-0.65947,2.12253,0.91141,1.3987399999999999,-0.37767,1.41151,-0.89415,-1.4279700000000002,1.12897,1.05332,0.6762100000000001,0.40662,-0.47522,-0.01066,-0.10726,0.45747,-0.22695,0.75913,-1.7053200000000002,-0.011000000000000001,0.1536,1.42619,0.56466,0.17454,-0.27457,-0.37944,-0.74463,-0.81342,-0.11554,0.47912,-0.62135,-0.46116,1.22766,-0.06095,1.50475,1.36053,1.37703,0.92511,0.34686999999999996,0.75131,2.35751,1.2654,2.07629,-0.38165,1.10037,-0.15192,-0.63625,0.24439,-0.7663,-1.48831,0.22859000000000002,-0.292,0.1345,0.54195,1.07925,2.98129,0.3383,0.8298200000000001,0.05848,-0.15722,-0.55558,-0.23362,0.66577,1.6140700000000001,-0.4069,0.6494300000000001
0.53513,-0.41612,-0.13601,0.98874,0.6612399999999999,1.57277,-0.71914,1.1457700000000002,-0.18868,0.21111,0.92835,-0.9276700000000001,-0.25625,1.27386,-0.42793000000000003,0.29027,-0.54295,0.42163,0.51358,-1.8917400000000002,-0.40509,3.94739,-0.05454,-0.5678300000000001,-0.67137,-0.74307,-0.69382,0.014159999999999999,-0.32004,-0.6899,-0.64008,-0.33178,0.5503,0.06709,1.44143,-0.33974,1.2174,0.64304,-0.7916,1.8329099999999998,-0.8856,1.4158600000000001,0.51703,-0.43995,-0.55762,-1.08186,0.14038,0.9176799999999999,2.8035099999999997,1.38834,-0.9458799999999999,0.87992,-0.6279100000000001,-0.48446999999999996,-0.71682,4.03335,-0.29661,-0.36346999999999996,-0.22773000000000002,-0.9375399999999999,-0.718,-0.28676999999999997,-0.54571,-0.93576,-0.78967,-0.33081,0.62011,0.15838
1.38906,-0.5161,0.54947,1.6401400000000002,0.64337,2.02408,-0.80467,1.29386,-1.2330299999999998,-0.8338200000000001,2.34899,-0.42438000000000003,0.54378,-1.90667,0.45976000000000006,-2.13308,2.05553,-0.9624799999999999,2.3362,0.47213,0.69195,-0.56928,0.09539,1.4904700000000002,0.26679,0.9091,-0.19285,-0.6580199999999999,-0.44533999999999996,-0.007490000000000001,-0.0317,-0.28304,-0.44436000000000003,-0.5955199999999999,0.5372600000000001,-0.41823999999999995,0.09342,-0.11394000000000001,-0.04177,0.72611,-0.00557,0.46403999999999995,0.45261,-0.66238,0.48200000000000004,0.61142,0.10003,0.73592,0.8593,2.5409,2.79613,-0.72254,0.86362,-0.8821899999999999,-0.28884,-0.27286,0.519,2.18748,0.11664000000000001,1.80286,0.21466999999999997,-0.6131,-0.17122,0.26191,0.09994,0.39373,-0.41961000000000004,0.1048
-0.40834000000000004,-0.20057,-1.2709,0.18832000000000002,0.72941,-0.46624,0.50665,-1.03419,-0.08842,0.7343,1.93999,0.64467,-1.45012,-1.63656,-1.59556,-0.93663,1.37632,1.25614,0.8781399999999999,-0.13024000000000002,-0.79438,-0.16852999999999999,-0.54408,-0.72616,0.26477,-0.8335299999999999,-0.61147,1.1628,-0.69806,-0.48821000000000003,1.20967,0.68229,0.19022999999999998,-0.07013,-0.78632,-0.06771,1.63873,0.48811000000000004,0.17285,-0.45941000000000004,-0.09744,-0.93916,0.72435,0.34287,0.08753,0.65062,-1.1260299999999999,-0.64789,-1.25734,1.13915,0.43287,-0.76189,-1.11606,-0.8174899999999999,0.17263,-0.06425,-0.57885,-0.6533399999999999,0.53566,-0.8708100000000001,-0.5559,1.7869700000000002,-0.57093,-0.15409,1.72574,-0.12499,0.10933,-0.24266999999999997
-0.78513,-0.35434,-0.89264,-0.90385,-0.5956100000000001,-0.78246,-0.20574,-0.70485,0.2259,1.50041,-2.0668599999999997,-0.37346999999999997,0.8970799999999999,-0.34691,0.1837,0.83841,0.00804,-1.58322,1.7498,0.5222100000000001,0.82716,-0.31408,-0.45018,-0.78446,-0.28668000000000005,-0.12057999999999999,0.61945,-0.51302,-0.40607,-0.65784,-0.11058,-0.32329,-0.41756000000000004,-0.96496,-0.67804,-0.35879,-1.3990799999999999,-0.67209,0.5212,-0.63376,-0.19508,-0.9045700000000001,-0.81342,-0.8275299999999999,-1.2405700000000002,-0.21093,-0.38742,-1.1649100000000001,0.09408,1.3047799999999998,-0.84057,-0.25296,0.41216,1.73833,-1.3426799999999999,-0.2895,-0.5859300000000001,-0.69287,-0.19906,-0.43981000000000003,-0.09114,-0.60931,-0.5424800000000001,-0.87589,0.1515,-0.69768,-0.48783000000000004,-0.69943
0.53513,-0.29039,-1.2105,0.23498000000000002,-0.52232,0.74641,-0.65208,1.47011,0.26675,0.99011,-1.2436,-2.29199,1.6661400000000002,0.01316,0.22232,-1.55335,1.73973,-0.80655,-0.6114,-1.29999,0.41033000000000003,-0.41366,-0.41186000000000006,-0.53109,-0.98051,-1.00229,0.39607,-0.98467,-0.91419,0.50803,-0.27047,-0.18804,-0.28719,-0.71308,1.27655,-0.36898000000000003,2.27199,1.71711,1.3632799999999998,1.3603299999999998,-0.29693,1.6070799999999998,-0.61278,0.8273299999999999,0.18899000000000002,3.68125,1.51383,-0.7477600000000001,0.35363,-0.16166,-0.07481,0.48371000000000003,2.01883,-0.28893,-0.29346,-0.31428,-0.55499,-0.45745,-0.8447899999999999,-1.07449,0.43604,-0.7569,-0.73669,1.12553,-0.29481999999999997,-0.056760000000000005,-0.53013,-0.32222
1.11443,-0.47036000000000006,-0.30993000000000004,1.4729,1.2059600000000001,2.17044,-0.05764,1.96797,-0.36225,0.13525,0.34484000000000004,-0.62972,0.29581999999999997,-1.7614400000000001,0.44348000000000004,0.4268,1.70297,-1.72715,0.85616,-0.17631,-0.34299,-0.25856999999999997,-0.28257,-0.36423,-0.40151,-0.35734,-0.42541999999999996,0.10894000000000001,-0.55966,-0.43638000000000005,-0.054720000000000005,0.08639,-0.45451,-0.94799,-0.34441,-0.3704,-0.30218,0.04991,-0.46143999999999996,1.20626,1.4223700000000001,1.0186899999999999,0.25409,-0.9786299999999999,0.59011,-0.33935,1.1396700000000002,0.73195,2.2574799999999997,-0.19125,1.23694,0.40503,1.08239,-0.017240000000000002,-0.15748,0.11979000000000001,-0.44188,-0.52104,0.23573000000000002,-0.61678,-0.54275,-0.34467,-0.48455,-0.12165999999999999,-0.07309,0.24509,-0.36505,-0.76499
0.73524,-0.43409,-3.18349,-0.014180000000000002,0.57557,-0.21281999999999998,-1.00918,-0.25106,0.24948,-1.63459,0.08955,-1.60435,-0.07149,3.08866,-0.61952,-0.6262300000000001,-0.30575,-1.2908600000000001,-0.052079999999999994,0.53337,-0.70723,-0.50071,-0.32047,-0.52808,-0.5536,-0.71842,0.19283,-0.5906600000000001,-0.6291,-0.73601,-0.05342,0.42393000000000003,-0.43888999999999995,-0.7590600000000001,-0.47078000000000003,-0.36317,-0.28236999999999995,-0.60417,0.8095399999999999,-0.852,-0.6390899999999999,-0.61195,-0.69581,-0.54648,-1.01549,-0.2612,-0.93095,-1.2598200000000002,-0.8662700000000001,-1.92505,-1.11374,-1.3664,2.1188700000000003,-0.78125,-0.14651,-0.53157,-0.25743,-0.5877600000000001,-0.24161,-0.6339199999999999,0.3115,-0.32721,-0.6603,-0.82045,0.03129,0.79656,-0.46586000000000005,-0.67214
0.55075,-0.46383,-1.04546,0.41438,-0.53461,0.68862,-0.01876,0.8259799999999999,-0.57362,-0.9476899999999999,0.76899,-1.19259,0.034480000000000004,2.026,0.71983,-1.45723,0.1656,-1.9708700000000001,1.15598,0.44974,-0.16891,-0.64987,-0.2177,-0.52225,-0.5394100000000001,-0.80428,-0.02992,-0.32411,3.2625900000000003,-0.19629000000000002,-0.64857,-0.7981,-0.64125,1.09866,1.21634,-0.31246999999999997,0.11325999999999999,1.25854,-1.2305,0.97378,0.20005,1.0373700000000001,0.45853999999999995,1.73197,-0.75668,0.7710199999999999,0.39969,2.1669099999999997,1.37261,1.0037,0.26273,0.8022199999999999,1.4997,0.25297,-0.006490000000000001,-0.5766899999999999,-0.19668,-0.61421,0.07345,-0.61123,0.10434,0.1534,4.45245,-0.01123,-0.44669,-0.64877,-0.56877,3.4271199999999995
-0.82539,-0.43542,-0.15263,-1.06396,-1.4595,-0.73152,-0.38065,-0.80025,0.22274000000000002,-0.40225,0.01123,-0.20298,-0.87692,1.53987,1.07787,0.23999,-0.90015,0.97816,-1.44766,-0.43436,-0.68743,0.38149,-0.36284,-0.55576,-0.13502999999999998,-0.57114,-0.43526000000000004,-0.19141,0.50331,1.66639,0.18339,-0.65784,-0.44116000000000005,-0.03032,-0.91258,-0.41334,0.27325,-1.0822399999999999,-1.32905,-0.8721700000000001,-0.57447,-0.9229200000000001,-0.9205,0.64132,-1.39652,-0.30435,-1.02526,-0.8293,-1.05606,0.06154,-0.89236,-0.69629,-0.5977100000000001,-0.79648,-1.42908,0.55865,-0.37540999999999997,-0.57889,-0.6887,-0.58265,-0.6148,-0.52255,1.11842,2.13307,0.15264,-0.62164,-0.45466999999999996,0.60625
0.29836,-0.5711,0.9848399999999999,0.65605,1.32732,0.38548000000000004,0.7330899999999999,-0.027110000000000002,-1.43987,-1.02589,1.8169,1.29813,1.02721,0.33637,-0.9237700000000001,0.74783,0.02101,-0.6072,-2.70815,-1.33267,-2.63448,-0.38705,-0.23331,0.30908,0.31486,-0.45832,-0.02469,-0.40321,2.37383,2.77679,1.16839,1.83181,1.2726899999999999,0.98856,1.46858,-0.47694,-1.0728,1.0661100000000001,0.79178,1.23577,-0.14324,0.97615,0.03036,2.84165,-0.32009,-0.14157999999999998,-0.59959,-0.32447,0.86784,-1.32023,0.59491,-0.8617,0.1597,0.65452,0.3599,-0.35201,-0.47226,-0.0852,1.1888100000000001,-0.38027,-0.24106,-0.2911,1.57809,2.01441,0.5503899999999999,0.54186,0.5857600000000001,0.7104
2.97073,-0.05488,-2.14913,0.70728,-0.75569,1.4609299999999998,-0.8933700000000001,1.3429200000000001,0.6903100000000001,-3.32405,-0.3248,0.15184,-0.013269999999999999,1.04243,-0.30539,-1.6157,-0.8799899999999999,1.24963,-1.13325,1.51426,-0.3473,-0.76432,-0.39466999999999997,-0.58431,-0.87118,-0.28365,-0.57924,-1.02518,-0.55004,-0.9431700000000001,-0.74059,-1.00724,-0.6149,-1.17849,2.73628,-0.161,-0.98934,1.77718,-1.13281,1.7052900000000002,-1.10964,1.1133600000000001,0.8143,2.87772,1.31741,1.19787,-1.30178,-1.1284,0.14247,-0.17521,-0.00101,0.67784,0.02205,1.47254,-1.21222,-0.66918,-0.22546999999999998,-0.21839,-0.6451899999999999,-0.0613,-0.5786600000000001,-0.7106899999999999,-0.37598000000000004,-0.9975299999999999,-0.6964,-0.88571,-0.51423,-0.6742100000000001
1.2586600000000001,1.56615,-1.66671,-0.48425,-0.51859,-0.37256,-0.25849,-0.36098,1.54256,-1.70617,-0.43463999999999997,-0.71813,-0.49268,0.60652,0.14160999999999999,-0.47523000000000004,-0.72046,1.07959,-0.81276,1.0431700000000002,0.67985,-0.27864,-0.36584,-0.18784,0.29599000000000003,-0.25721,-0.3233,0.0059700000000000005,-0.73832,-0.58144,-0.80783,-0.55204,-0.46693,-0.99074,1.7002700000000002,3.3737699999999995,0.4426,-0.72834,-0.6320899999999999,-0.37738,-0.38731,-0.52886,-0.01565,-0.08465,-0.1511,-0.59202,-0.25190999999999997,0.9805200000000001,0.9757,-0.36189,-1.18916,-0.09647,0.34193,1.18157,-1.05284,-0.31692,-0.38804,-0.71491,-0.31866,-0.37895,-0.54766,0.68477,-0.6210100000000001,-0.52657,-0.7713,-0.44853999999999994,-0.30403,-0.6318
-0.5940300000000001,5.76004,1.04644,-0.55902,-0.9178700000000001,-0.42722,-1.0358399999999999,-0.41231999999999996,2.3157799999999997,-1.21821,1.14167,-1.00931,-1.8948599999999998,-0.0268,-2.3656,-0.11073,0.035019999999999996,-1.29892,0.23651,0.013359999999999999,-0.20486,-0.0807,-0.41238,-0.75641,0.0016300000000000002,-0.30619,-0.48123999999999995,-0.23771,-0.81747,-0.62603,-0.63745,0.60601,-0.27915999999999996,-0.83601,-0.65428,6.23684,-0.79633,-0.81786,-0.83065,-0.62489,-1.26261,-0.51313,-0.10870999999999999,-0.8156899999999999,0.5206,-0.88476,-1.47726,-0.65149,-0.46975,-1.15374,-0.51153,-0.43217,-0.044860000000000004,-0.5586899999999999,-1.27799,0.035160000000000004,-0.62593,-0.7135,-0.39131,-0.38745999999999997,-0.50973,-0.21306,-0.71626,-0.050730000000000004,-0.7982899999999999,0.9083399999999999,-0.39237,-0.75917
-0.83621,2.06619,1.3721700000000001,-0.9736,-1.28787,-0.76875,-0.69645,-0.56722,2.0155,-0.8960299999999999,-0.59647,0.015330000000000002,-0.93714,0.27278,-0.2206,0.42931,-1.09012,0.06394,-1.22072,-0.07313,-0.7277100000000001,0.59585,-0.34071999999999997,-0.51753,-0.26695,-0.3527,-0.27266999999999997,-0.42943000000000003,-0.7981,-0.90569,-0.44315,-0.39011999999999997,-0.15216,-0.96021,-0.6907800000000001,-0.00315,-0.24081999999999998,-0.81565,-1.01083,-0.70222,-1.07133,-0.72659,-1.47905,-0.69467,-0.39337,-1.36925,0.05147,-0.4511,-0.43486,-0.95676,-0.25087,-1.45881,-0.50253,0.6046600000000001,0.84905,0.76632,-0.42586,-0.33618000000000003,-0.47334,0.19613,-0.11829,-0.47236999999999996,-0.57908,-1.11119,-0.55271,-0.2217,-0.33083,-0.74002
1.69013,2.40218,0.26519000000000004,-0.01715,0.26278,-0.38179,-1.06116,-0.5299699999999999,1.8835,-0.9686600000000001,-1.04671,-0.7752,-1.1410799999999999,0.32637,-0.17739000000000002,0.34242,-0.92055,-0.56318,-1.12917,2.05702,0.80891,0.6370399999999999,-0.43776000000000004,-0.73626,-0.44993999999999995,0.47668999999999995,0.02685,-0.8142699999999999,-0.9029299999999999,-1.0362799999999999,-0.26238,-0.58782,-0.6806300000000001,-0.93134,0.30043000000000003,1.8992799999999999,-0.49485,-0.80805,-0.76097,-0.66478,-0.85052,-0.75981,-0.61361,-0.8969299999999999,-0.84547,-0.75149,-1.5237100000000001,-0.83495,-0.26111999999999996,-0.63752,-0.23335999999999998,0.17309000000000002,-0.9579,-1.43658,0.01099,0.09082,-0.46329,-0.6523100000000001,-0.72059,0.54882,0.18919,-0.67994,-0.68276,-1.10465,-0.09222000000000001,-0.3801,-0.48458999999999997,-0.89035
0.63789,0.5301600000000001,1.21312,-0.22385,-0.15044000000000002,-0.21073000000000003,-0.7628199999999999,0.11008,1.36681,-0.31425,-0.13990999999999998,0.06266000000000001,-1.46285,-0.20178,-0.55998,1.3040200000000002,0.37098000000000003,-1.27136,0.41141000000000005,-0.9335399999999999,0.22191999999999998,-0.31928,0.01491,-0.7159800000000001,-0.50052,-0.77645,-0.51804,2.56886,-0.2856,-0.96647,-0.3021,1.03071,0.12345999999999999,-0.13114,0.8442799999999999,0.40931,-1.2364600000000001,-0.02041,0.37461,-0.04088,-0.94034,0.54967,-0.64458,-0.9433600000000001,-0.4324,-1.33869,-0.75776,-0.6234,-0.70585,0.52088,0.51418,1.10625,0.3652,1.02544,-0.4103,0.12949000000000002,-0.20446,-0.59395,-0.22536,-0.84969,-0.55098,3.0012,-0.0748,-0.99151,-0.6615800000000001,-0.05246,-0.36948000000000003,0.29094000000000003
-1.19076,0.4449,0.9516100000000001,-1.4273799999999999,-1.73505,-1.00221,1.28349,-0.8125100000000001,0.99024,-0.19710999999999998,-1.16746,0.05482000000000001,-0.49309,0.6895100000000001,0.7304,-0.34297,-0.82719,1.36208,-0.05769,-0.00746,0.89165,3.6631099999999996,-0.18392999999999998,-0.72806,-0.66627,-0.45488999999999996,-0.56914,2.4875599999999998,-0.7972199999999999,-1.2042,-0.72334,-0.6621600000000001,-0.5244800000000001,0.57695,-1.01013,0.2815,-1.12229,-1.2969,-0.18542,-0.9638200000000001,0.41048999999999997,-0.8947799999999999,-0.69435,0.68553,-0.66581,-1.26663,-0.39231,0.8567100000000001,-0.21635,-0.15742,0.9729899999999999,-1.05817,-0.8344600000000001,-0.59124,0.3304,4.68182,-0.25626,-0.47096000000000005,-0.8926200000000001,-0.52108,-0.48913999999999996,3.26954,-0.61412,-1.2461799999999998,-0.7230800000000001,-0.55342,-0.47795,0.41423999999999994
-0.9359700000000001,-0.22978,0.08587,-1.2082,-1.09122,-0.9502700000000001,2.13897,-0.80479,-0.00718,-0.21452,-1.00796,0.1129,0.8993200000000001,0.71118,0.60759,-0.66168,-2.85149,1.60143,0.7294,0.43948000000000004,0.9908,-0.45742,-0.46587,-0.7094,-0.12358,0.20467,-0.49601000000000006,0.0787,-0.75068,1.32138,0.14719000000000002,-0.66755,-0.47903999999999997,-0.28999,-1.13719,0.023459999999999998,0.37746,-0.79274,1.51116,-0.9152899999999999,2.55574,-0.9108700000000001,0.44961,0.16641,0.31790999999999997,-0.9719,0.10500999999999999,-0.95516,-1.02668,-1.20607,0.8681700000000001,0.46578,1.8208799999999998,0.01734,-0.77971,-0.73541,-0.36774,-0.35,0.0443,1.58128,-0.45778,0.57468,-0.4825,1.21494,0.61888,-0.63074,-0.32144,-0.76449
0.61445,-0.3567,-0.40481999999999996,0.11048,0.9228,-0.22075999999999998,0.72548,-0.41413,-0.12803,-1.0832700000000002,-0.38982,0.17538,1.19424,0.1327,-0.32981,-1.14107,-0.98474,1.84474,0.43878999999999996,-0.94852,-0.44256,-0.36043000000000003,0.10434,0.13969,-0.42883000000000004,-0.6399100000000001,0.21289,-0.11681,-0.63952,2.15129,-0.02445,-0.50856,-0.0864,-0.015269999999999999,0.28359,-0.16705,2.07945,0.4382,1.26747,0.06287999999999999,-0.1645,-0.29054,1.7490599999999998,0.71415,0.88784,0.60915,-1.08388,0.1197,-0.20540999999999998,-0.36654000000000003,0.9221799999999999,0.73069,-0.01266,1.39097,0.06609,-0.44696,0.33349,0.8183699999999999,-0.01217,-0.31248000000000004,0.6864100000000001,-0.54373,-0.36895,0.8890299999999999,0.20720999999999998,-0.72643,-0.11704,-0.78575
-0.9648100000000001,-0.14313,1.18717,-1.13129,-1.19308,-0.8103100000000001,-0.87346,-0.7911600000000001,0.8891700000000001,0.39307,-0.43938,1.01219,-1.18524,1.0427799999999998,0.7129300000000001,-0.49348000000000003,-0.4407,0.1539,0.60345,0.35925999999999997,-0.3927,0.25301,0.09577000000000001,-0.77883,0.12202,-0.90907,-0.64831,0.04125,0.10588,1.44359,0.09362999999999999,-0.36712,0.5992,-0.08292999999999999,-0.36211,-0.31216,-1.49149,-0.45868000000000003,-0.15798,-0.5222600000000001,-1.1881700000000002,-0.93653,-0.9647899999999999,0.04256,0.0244,0.85262,0.52223,0.7302,-1.1099,-0.49453,-1.05657,-0.81386,-1.1758,-0.58685,-0.7774800000000001,0.40458,0.37865,-0.69853,-0.19907,-0.96321,-0.6631600000000001,-0.47367,0.029789999999999997,0.8829600000000001,-0.07362,-0.52445,0.22311999999999999,-0.55683
-1.24425,0.07799,0.46193999999999996,-0.995,-0.63998,-0.87285,-1.0326799999999998,-0.5576800000000001,1.07207,0.06555,-0.82888,1.1427,-1.61419,0.40904,0.8417100000000001,1.1597,-0.97103,0.8347899999999999,-1.03801,-0.52137,0.9853,-0.14297,-0.30316,-0.68955,-0.56523,-0.5855,-0.34299999999999997,-0.60973,-0.5708300000000001,0.25381,-0.56781,-0.58935,-0.014769999999999998,-0.91927,-1.15774,-0.025769999999999998,-0.376,-1.13045,-0.77275,-0.88986,-0.65287,-0.72677,-0.6519,-0.76572,-1.13608,-0.53976,-0.84406,-0.6289600000000001,-0.73964,-0.9167799999999999,-1.05958,-1.6742700000000001,0.0771,-0.06984,-1.10578,-0.31651,-0.39221999999999996,-0.60719,-0.8183699999999999,-0.78746,-0.26385,-0.49568,-0.42200000000000004,0.17752,-0.7427,-0.6311100000000001,-0.40538,-0.64642
-0.81518,0.04414,-0.07313,-0.8811,-1.07923,-0.82016,0.27354,-0.87066,0.45883999999999997,0.81375,-0.70444,0.45477,-0.9351799999999999,-0.49465,1.6971599999999998,0.9869600000000001,-0.69584,1.35782,-0.38363,-0.90204,2.33992,1.50689,0.5179199999999999,-0.78055,-0.98177,3.01904,-0.38005,-0.41372,-0.55958,-0.59449,-0.67695,-0.85859,-0.53866,-0.07131,-0.91556,0.14933,-0.74106,-0.6470199999999999,-0.0037700000000000003,-0.7376699999999999,0.00435,-0.92438,-1.01488,-1.08389,-1.33696,-0.76354,-1.38526,0.6686,-0.51248,0.11573,-0.80255,0.059539999999999996,0.26099,-0.26953,1.07384,1.60524,0.37726,-0.6410899999999999,-0.57487,3.2723400000000002,0.02444,-0.07162,-0.49718999999999997,-0.42686999999999997,-0.6805,-0.73041,-0.32341,-0.7336199999999999
-0.33863000000000004,0.38882,-0.62039,-0.5182100000000001,-0.36004,-0.64382,1.42499,-0.7175699999999999,0.70698,-0.22229000000000002,-1.28147,-0.01908,0.13579000000000002,0.21818,1.30005,-0.6704100000000001,0.8602200000000001,-0.56704,1.4365,-0.82649,1.5062200000000001,3.8391599999999997,-0.10964000000000002,-0.53315,-0.75351,0.53345,-0.36635,-1.0376100000000001,0.06926,-0.5747399999999999,-0.17217000000000002,0.32223,-0.009000000000000001,0.01214,0.12208,0.45403000000000004,0.12905,0.45365,2.5950599999999997,-0.5131399999999999,1.47815,-0.93737,1.13709,-0.79298,0.8262200000000001,-0.69403,0.09605,0.1529,-0.26369000000000004,1.41251,-0.22146,-0.27938,1.7667400000000002,2.67929,-1.1692799999999999,1.81863,-0.34301,-0.35224,-0.43727,-0.10101,-0.47836999999999996,-0.6652399999999999,-0.25321,-0.51103,1.12071,0.5587,0.17192000000000002,-0.3957
1.8385599999999998,-0.05952,-0.99382,1.44485,0.1172,1.28515,-0.43973,1.13941,-0.16648,-0.86984,0.04527,-1.00184,0.41336000000000006,0.88116,2.3749,-1.9116799999999998,0.55213,-0.9778100000000001,0.5149,-0.3279,1.6095700000000002,-0.79561,-0.47876,-0.39196,0.09572,-1.0669,-0.5935699999999999,-0.20012,-0.63413,-0.88433,-0.5057699999999999,-0.61366,-0.81282,-1.00064,0.00798,0.28115999999999997,0.055560000000000005,0.56807,-1.3569200000000001,0.66552,0.09456,0.58512,2.08255,0.14876,1.47715,0.60653,1.16896,1.89822,0.33063000000000003,0.19864,0.01213,-0.61866,-1.17411,-1.7128599999999998,0.33654,-0.7698,-0.48916000000000004,-0.57791,0.00815,-1.13741,-0.5402899999999999,-0.01354,-0.34565999999999997,-0.30246999999999996,-0.30829,-0.29956,-0.6383300000000001,-0.78456
-0.54956,-0.24040999999999998,-0.08967,-1.17646,-1.0545799999999999,-0.97895,0.14010999999999998,-0.74937,0.41255,1.72659,-2.02779,0.09441000000000001,0.52051,-1.11047,0.12133,0.82425,0.19685,0.20853000000000002,-1.05777,1.33616,-1.07826,-0.14015999999999998,-0.5190899999999999,-0.79905,-0.85277,-0.82294,-0.08052000000000001,-0.4561,-0.30167,-0.04163,-0.30041999999999996,0.66206,0.93074,-0.42368999999999996,-0.70733,-0.27229000000000003,-0.1678,-1.0018,-0.09963,-0.9365700000000001,0.0801,-0.92742,-0.64762,-0.72059,-1.1582700000000001,-0.57743,0.01795,0.03719,-0.703,-1.59196,0.36359,0.84983,-0.67583,-0.45871999999999996,0.48593000000000003,-0.06906,-0.6380899999999999,-0.77559,-0.91153,-1.00708,-0.23783,-0.35777,-0.12277,-0.21036,-0.57943,0.56958,0.6511399999999999,-0.69916
-1.3392,-0.56195,0.64664,-0.87113,0.0642,-0.92755,1.57667,-0.94924,-1.57269,0.91141,0.35733000000000004,1.03849,0.89133,0.30705,-0.06587,1.03449,0.3179,-0.19856,-0.90065,1.49525,-0.9302600000000001,-0.41118000000000005,1.39859,0.75378,2.65531,0.72314,0.22121999999999997,0.2756,3.52526,0.5210899999999999,-0.59129,0.49463999999999997,3.87455,2.72895,-0.9399299999999999,-0.45233,0.8107,-0.49742,1.19441,-0.88034,0.57655,-0.73178,0.59528,0.62957,0.9452,0.20956999999999998,0.6653399999999999,-0.44048999999999994,0.14562,-0.19264,-0.44482,0.61021,-0.4202,1.54785,0.04319,-0.42527,2.92223,1.12776,1.7632400000000001,1.59464,-0.16193,0.1198,4.32944,-0.45903,-0.69322,0.77774,4.717969999999999,3.44591
-1.36443,-0.49125,0.87003,-1.54049,-2.11823,-1.00871,-0.46663999999999994,-0.85885,-0.25178,1.42917,-0.63655,0.62216,-1.50106,0.75897,1.59578,-0.6018,0.75936,-0.37389,-0.53405,0.70909,0.68981,0.38722,-0.35749000000000003,-0.70109,-0.41271,-0.7289,-0.08282,0.26003000000000004,0.14674,2.9811900000000002,-0.07247999999999999,-0.67794,-0.50362,0.11927,-1.11859,-0.4482,-1.4478,-1.40065,-1.55645,-0.97845,-0.7226899999999999,-0.9387200000000001,-1.14747,-1.0803,-0.83734,-0.8651700000000001,-0.57291,-1.05374,-1.4719200000000001,-1.11906,0.8533200000000001,-0.65728,-0.80799,-1.41441,0.71218,0.0047,-0.53164,-0.72901,-0.1711,-0.90485,0.35251,0.20849,0.05549,0.23795,-0.3048,-0.76885,-0.45497,-0.55402
-0.9473799999999999,-0.41667,-0.54063,-1.22672,-1.23614,-0.94873,-0.9605899999999999,-0.5227,0.38322,-0.26471999999999996,-1.06691,0.95286,-1.17981,0.6923600000000001,1.19934,-0.47257,0.13939000000000001,0.03306,-0.02356,0.77861,-0.00432,-0.31517,-0.31351999999999997,-0.1938,-0.58457,-0.68152,-0.15519000000000002,0.66055,1.58362,0.10984000000000001,-0.36914,-0.8017,-0.32735,0.06217,-1.22591,-0.42878999999999995,-0.25539,-1.2109,-0.01102,-0.95625,-0.70663,-0.68483,-1.16303,-0.73823,-1.60524,-0.2617,-0.3505,0.21806,-0.63065,0.21175,-0.71159,-0.98085,-1.3471,-1.2368700000000001,-1.05887,-0.3241,-0.4156,-0.28667,-0.23613,-0.9703700000000001,-0.46781999999999996,-0.14231,0.32753000000000004,0.7367600000000001,-0.39032,-0.79099,-0.24291999999999997,-0.41026999999999997
0.052579999999999995,-0.48128000000000004,0.24245,0.19657,-0.9302600000000001,1.26524,-0.35925999999999997,1.02585,-0.43423,0.31651,-0.66742,0.41184,-0.29962,-0.50239,1.9038099999999998,0.14739000000000002,-0.01139,-0.03011,-0.14633,0.06091,-0.09429,-0.51765,-0.36843000000000004,0.18691,-0.21545999999999998,-0.3878,0.21514,-0.71736,-0.58322,0.02332,-0.34723000000000004,-0.85414,-0.42373,-0.7661399999999999,0.49967,-0.38982,0.12896,1.24312,-1.21411,1.90821,0.06944,1.21649,0.51393,-0.3039,0.07297000000000001,-0.4867,-0.72015,0.61483,0.10857,-0.8353700000000001,0.19888,-0.56703,0.7349600000000001,-0.03415,-1.28854,-0.47898999999999997,-0.5565,0.5961,-0.6047100000000001,-0.51145,0.13668,-0.6227600000000001,-0.54243,0.98869,-0.38656999999999997,-0.85741,-0.46797,-0.50359
-1.27309,-0.5603600000000001,0.13273,-1.2171299999999998,-0.71538,-0.98562,0.6713899999999999,-0.86521,-1.34158,1.00264,-0.64112,1.01125,1.9539900000000001,0.40684000000000003,-0.40265,0.7757,-1.74752,1.41906,1.65182,0.21214,-1.63554,-0.32646,-0.17082,1.2448700000000001,0.14039000000000001,4.93394,6.98815,0.72542,0.012190000000000001,-0.4992,-0.09996000000000001,-0.12705999999999998,-0.39171999999999996,1.9794599999999998,-1.18058,-0.46223000000000003,-0.60815,-0.74974,1.3007600000000001,-0.9284899999999999,0.32888,-0.80029,-0.010320000000000001,-0.33344,0.9537100000000001,-0.4528,-1.26433,-0.70194,0.17535,-0.47908999999999996,1.09855,0.0265,1.51268,-1.44403,-0.14335,-0.62979,-0.40251,1.80718,0.01488,3.5901300000000003,6.916869999999999,0.06657,-0.23793000000000003,-0.09611,-0.44001,0.05529,-0.42125,1.8641599999999998
-1.03873,-0.47363,-2.2536099999999997,-1.1264100000000001,-0.5926899999999999,-0.93142,2.09068,-0.87611,-0.66965,1.40448,-0.26815,-0.1056,-0.5191100000000001,-0.41891000000000006,0.46913999999999995,0.67785,-0.77912,0.46203999999999995,-1.18345,-0.23351999999999998,0.60556,0.9174399999999999,0.08565,2.0611,0.11333,-0.9528200000000001,-0.19860999999999998,-0.8620700000000001,0.30922,-0.41663,-0.16409,-0.91843,-0.22191999999999998,-0.1414,-1.1112600000000001,-0.36032,2.64411,-0.54403,1.34391,-0.8217,2.20837,-0.88792,0.89146,1.1629,0.99903,-0.10584,-0.02648,0.98646,-0.64546,0.73282,0.01265,1.07511,-0.3931,0.14374,1.04585,1.5369,-0.17001,1.05925,-0.37653000000000003,-1.04639,0.15684,-0.71943,1.16201,-0.49998000000000004,-0.65545,-0.69535,0.06807,0.46235
-0.09526,0.26235,0.00391,0.27839,-0.05725,0.06622,-0.37749,-0.17883,0.65322,1.16678,0.74358,1.43918,-1.40103,-1.87651,-0.51945,-2.1521,1.48627,-0.5028,0.9952700000000001,0.42877,1.9368299999999998,0.59125,0.10514000000000001,-0.07675,-0.27542,-0.48835,-0.62321,0.47661000000000003,-0.02228,1.656,-0.60514,-0.85325,-0.62007,-0.13153,-0.02207,0.07143,0.44048999999999994,0.47473000000000004,-0.007359999999999999,0.04685,-0.20819000000000001,0.6374,-0.5784100000000001,-1.3445200000000002,-0.17025,1.0877700000000001,-1.61038,-0.46363999999999994,1.12532,-0.8676200000000001,-1.0037399999999999,-1.41507,-1.0890799999999998,1.25383,1.19824,1.05508,-0.19346,-0.38539,-0.31653000000000003,-0.7114699999999999,-0.66957,-0.45324,-0.26671,2.0072200000000002,-0.52923,-0.78814,-0.5211,-0.38173
1.18534,-0.45803999999999995,0.62875,1.31564,0.60811,0.91986,-0.09558,1.04902,-1.5544,-0.7147899999999999,1.2722,0.41356000000000004,0.7753800000000001,-0.8144600000000001,0.71626,0.26953,0.7186,0.05996,-0.57723,-0.7432,0.24039000000000002,0.014209999999999999,2.73505,0.5395399999999999,1.4432,0.10225,-0.21877,-0.66177,-0.02074,-0.98993,0.21904,1.2007299999999999,-0.54671,1.03278,1.7076,-0.20496,1.143,1.05494,0.8771200000000001,1.12179,0.24777,1.56817,1.7327700000000001,0.8699,0.09552999999999999,0.98516,0.55884,0.7952899999999999,1.48702,-0.01755,-0.1692,-1.17213,-0.94519,-0.35311,1.79643,0.36230999999999997,3.2543900000000003,0.62707,2.27414,0.9083899999999999,-0.00902,-0.35828000000000004,0.21748,-0.9517,1.23108,2.43497,-0.25395999999999996,2.01742
0.10905999999999999,-0.39402,0.66913,1.04034,1.936,-0.11007,2.7259599999999997,-0.10206,-1.20767,0.3218,0.81487,2.0257099999999997,0.18069000000000002,-1.30026,-0.14305,0.31192,0.76145,1.2218799999999999,-0.30119,-0.66478,-0.5060399999999999,-0.58518,0.46924,2.37018,1.6807299999999998,-0.1452,0.2788,3.80639,0.99364,-0.81894,-0.18686,-0.00391,5.6830300000000005,2.51892,0.62558,-0.18879,1.03183,0.7611100000000001,-0.59059,0.2209,4.14297,0.93424,1.66725,0.56221,-0.61893,-1.2689,1.14476,2.04319,-1.29502,-0.32491,-0.96225,0.045,-0.9688700000000001,0.41468999999999995,-1.52825,-0.58603,1.33405,3.02855,2.3742099999999997,0.24720999999999999,0.69928,1.80355,1.1686299999999998,-0.60863,0.10761,0.19905,5.28826,1.4748299999999999
