0.2304,-0.85612,-0.54988,-0.51346,-1.22365,0.06952,-1.16322,0.14796,0.60112,-0.01931,-0.21937,-0.32381,-0.13348,0.15276,1.9867,0.17757,1.70418,1.25125,0.18465,0.72497,-1.08191,0.05912,-0.2914,-0.41854,0.3088,-0.11052,-0.84219,-0.79204,-0.44885,0.81068,0.84311,1.29621,0.3971,-0.77568,0.23793,-0.55716,-0.52558,0.17686,0.76443,0.4626,-0.17735,0.74293,-0.48097,-0.81497,0.48844,-0.09055,0.18075,1.09507,0.13593,1.1691,-0.07725,1.52806,-1.55371,-0.93654,-0.49249,-0.26204,-0.37238,-0.5895,-0.18172,-0.62879,-0.62454,-0.65446,-0.53559,0.569,0.12758,-0.71637,-0.13218,-0.56621
2.76889,-0.56336,-1.07217,0.57947,-1.05808,2.24693,0.27772,1.60045,-0.89398,-2.31137,1.67908,-0.03691,-0.10966,0.89141,-0.99033,-0.72906,1.16086,-0.21679,-0.39656,-1.46454,-1.99166,2.44169,-0.32977,-0.25931,-0.82269,-0.77688,-0.7965,-0.62535,-0.46439,-0.52802,-0.38251,0.02616,-0.02132,0.01144,2.95041,2.98021,1.18806,1.00321,-0.88703,3.29912,1.6286,2.27273,1.24788,1.69086,0.23492,-0.01461,-0.34264,-1.46243,2.75657,0.02584,2.17008,0.32395,2.3242,3.32296,3.33181,1.19501,0.31183,-0.17475,-0.52483,-0.55597,-0.57078,-0.56278,-0.39279,-0.39,-0.48061,-0.34172,-0.0021,0.36755
0.80601,-0.83623,-0.91452,1.217,-0.54131,1.56195,-0.86707,2.22085,-0.07027,-2.24405,0.30844,1.47969,3.05988,-2.14918,-0.64476,-2.14127,1.17562,0.17516,0.91693,-0.5606,-1.17833,-0.03125,-0.22353,-0.35076,-0.71979,-0.85755,-0.46564,-0.34952,-0.41532,-0.83173,0.0175,-0.36924,-0.38866,-1.27881,1.15855,0.65568,1.12387,2.07915,-0.35665,1.75536,-0.4202,2.8614,1.39938,2.21763,2.11869,1.42666,1.16908,0.76377,0.91431,0.35171,-0.23048,-0.09892,-0.56184,1.06392,1.68935,-0.18516,-0.15714,-0.15008,-0.49198,-0.74419,-0.29714,-0.31145,-0.2921,-0.63537,0.75764,-0.34713,-0.23478,-0.74208
-0.55598,-1.12195,-1.57546,-1.0767,-1.46795,-0.60176,5.17472,-0.59719,-0.24826,-0.27026,0.54788,0.9272,1.33656,2.26239,-0.79399,0.08456,0.76185,1.40581,-0.16952,0.73298,-0.69313,-0.47812,0.89952,1.84856,-0.3615,-0.82198,-0.46733,-0.41034,-0.45973,-0.8797,-0.32528,0.34508,-0.38677,-0.83203,-0.69948,-0.99938,0.07571,-1.17407,-1.59627,-0.62343,5.94641,-0.4645,0.62287,0.90661,3.20247,0.05581,-0.69927,1.3727,0.30032,0.28118,-0.20299,-0.69932,-0.7314,0.76199,0.78385,-0.59211,1.23778,2.48238,-0.53193,-0.71497,-0.12641,-0.38886,-0.43671,-0.70539,-0.38695,1.0767,-0.45086,-0.55252
1.84199,-2.23316,-1.57018,2.51277,-0.0674,3.84751,-1.13794,4.18309,-2.37495,-3.11704,1.44543,-0.15848,3.19878,-1.20331,1.18729,-0.68783,1.76503,1.39061,1.5021,0.9981,-0.18553,1.70379,-0.77485,-0.18124,-0.86745,-0.68769,-0.87448,-0.72818,-0.5434,-0.73904,0.32456,0.23161,-0.19747,-0.44746,0.02377,-0.90582,2.50835,-0.02863,-1.38335,0.29469,-0.37056,0.98511,1.94812,1.79076,0.81905,-0.2871,2.45327,-0.72346,-1.2388,0.36679,2.20169,-0.23038,-1.22076,-1.25242,-0.1755,1.8734,-0.80368,-0.29769,-0.66348,-0.6381,-0.55829,-0.52842,-0.48462,-0.61765,0.46647,-0.00858,-0.17629,0.97013
-0.43211,-1.4639,0.52224,0.24957,0.4363,-0.21347,-0.07461,-0.64405,-2.95134,0.55603,-0.1563,-0.80668,0.71794,-1.65773,0.37306,-0.43922,0.44842,0.46421,1.07911,0.07679,0.25113,3.86277,-0.58189,-0.53363,0.17994,-0.61442,-0.62648,1.73735,-0.50425,-0.76338,-0.13925,-0.156,0.0726,2.30745,-0.65778,1.00638,0.25009,0.54777,2.26361,-0.28812,1.21939,-0.77099,2.80781,1.32134,0.34081,2.36445,-0.1476,1.56215,-0.79477,2.44826,0.48157,0.25685,0.39829,-0.70797,-0.00811,3.88967,-0.85526,-0.61104,0.07292,-0.92462,-0.55997,1.66363,-0.4947,-0.59513,-0.25475,0.25973,-0.04537,0.53405
2.23457,-1.70365,-2.46112,1.72694,0.08938,3.04075,-0.76988,2.99423,-0.69094,-0.30867,2.15827,-1.13017,-0.50976,-2.76475,1.1739,-0.31481,3.49838,0.07659,0.32565,-0.66614,-1.2127,-0.76984,2.23821,0.27807,-0.44789,-0.70041,-0.2732,-0.28264,-0.51418,-0.80086,0.40537,0.6148,-0.34814,-0.59281,3.0558,-1.54592,0.60114,0.51795,-1.27738,2.5263,-0.2826,2.27934,-0.60185,-0.1665,-0.51379,-0.98605,0.45085,-1.81828,0.71038,-1.39458,-0.89911,0.38009,-0.52311,-0.64433,-0.57673,-0.7602,2.65513,0.41033,-0.59372,-0.88371,-0.31832,-0.03891,-0.58977,-0.72589,0.51198,1.01986,-0.25476,-0.44494
0.04613,0.4836,0.04474,0.59853,-0.11691,1.12832,-0.75196,1.58464,0.68242,-0.08837,2.0644,-0.93392,-0.14606,-0.24582,-0.00965,0.09609,1.09707,0.58015,0.07453,-0.57748,-0.16789,0.09768,0.41751,2.33467,1.81802,-0.18633,-0.44657,-0.63354,-0.42279,-0.72091,0.19976,1.41246,0.02821,-0.70459,0.1222,0.39844,0.47088,-0.04823,-1.30046,0.31093,-0.31724,0.98208,-0.07078,-0.52,0.2865,-1.02647,-0.94089,-0.52095,-0.03936,1.92265,0.58108,1.01765,0.58799,-0.23484,-0.78194,-0.17511,-0.03643,0.39065,1.00859,-0.35209,-0.49645,-0.56794,-0.43282,-0.6427,-0.27161,0.40034,-0.15558,-0.74396
-1.43111,0.97596,0.85963,-1.73654,-2.35314,-0.81409,-0.58184,-0.55034,1.16973,0.31565,-0.41917,0.07377,0.74292,-0.65279,0.70212,-0.1138,-0.00958,1.02111,-1.78657,-0.61068,0.04777,-0.44749,2.12517,2.55212,0.2497,-0.21143,-0.74509,-0.82178,-0.48292,-0.73384,-0.67704,-0.00467,-0.43277,-0.74045,-1.1907,-0.6727,-0.8369,-1.506,-0.40779,-1.02124,-0.79225,-0.7827,-0.74084,-0.28775,-1.64444,-0.6463,0.98234,0.10572,-1.5213,-1.68914,-0.05927,0.14347,-1.13921,-0.35554,-0.66237,-0.47324,0.09455,0.04607,-0.1686,-0.09011,-0.58548,-0.67552,-0.50021,-0.64468,-0.74576,0.22006,-0.39344,-1.06882
-0.93377,-1.45532,-1.35711,-0.717,-0.47586,-0.51369,0.60617,-0.69711,-1.33138,-0.10622,1.02413,0.45767,-0.556,-0.41116,0.29994,-0.18052,1.48688,1.30324,-0.84719,0.43589,-1.62603,1.35666,0.77233,-0.47221,-0.54894,-0.06548,-0.48388,-0.25845,-0.52477,-0.17741,3.76871,1.1936,0.02829,0.37577,-1.26865,0.31978,0.99382,0.0564,2.76263,-0.86023,1.03325,-0.57831,2.46128,-0.27155,-0.24112,1.10671,0.69924,1.07488,1.18578,-0.18689,0.48253,-0.02137,0.29455,0.26416,0.56495,1.7002,1.62687,-0.32279,-0.69569,0.02694,-0.48679,0.09093,-0.5548,0.04277,3.45536,0.23679,-0.09398,0.32179
-0.66199,0.87271,0.64846,-1.03513,-1.52267,-0.45581,-0.20843,-0.36405,1.13863,-0.33206,-0.33462,0.49093,0.52045,-2.05476,-1.07352,-0.07874,0.16132,1.04257,-1.9422,-2.25135,-1.23293,-0.14519,-0.88916,0.72888,-0.63949,0.55389,-0.50776,-0.58296,-0.44702,-0.56199,-0.37613,0.73999,0.10819,-0.92689,0.03539,-0.5634,-1.04461,-0.77223,-0.38255,-0.61094,-0.13093,-0.50385,-0.53261,-0.69656,-0.92529,0.42009,2.1278,1.30629,-0.163,0.26138,0.13211,0.29343,2.86077,1.17249,1.96994,-0.06371,-1.01032,0.73615,-0.55641,1.33325,-0.37129,-0.50443,-0.45999,-0.47363,-0.7517,0.21251,0.02066,-0.79902
-0.50298,-0.68367,-1.01022,-1.26385,-1.88146,-0.56747,-0.54188,-0.50744,0.65616,0.15484,-0.60002,0.12023,1.55563,-1.21416,-0.19284,0.51477,-0.34168,1.07079,0.98506,0.11894,-0.72331,-0.03901,-0.54818,0.00065,-0.00842,-0.33541,-0.53027,-0.47343,-0.31965,-0.30445,0.25385,0.42126,0.64802,-0.83974,-0.60649,-0.02775,0.82582,-1.02683,-1.29502,-0.76957,-0.04675,-0.66634,-0.14687,-0.94915,0.38822,-1.20403,0.51622,-0.02507,-0.27244,-0.42057,1.56023,1.77636,0.48145,-0.606,0.25335,0.15374,-0.48321,0.45766,-0.55105,0.00544,-0.2374,-0.60739,-0.19259,-0.31539,-0.28976,0.31699,0.45665,-0.71885
-0.44752,0.05191,0.43177,-0.62243,-1.83577,0.37373,-0.80518,0.92191,1.10762,-0.41387,0.28573,0.81444,1.19097,-1.38453,1.10018,-1.63276,1.42937,1.40958,-0.13709,0.16277,-0.19763,0.29888,-0.44697,0.13287,-0.63095,-0.47619,-0.48128,-0.2903,-0.28072,-0.72964,0.67043,2.53269,0.50626,-0.64894,-0.36986,-1.00473,-0.41736,0.23552,0.28689,0.71264,-0.52419,0.72511,-0.64773,-0.93982,2.131,2.67706,0.06112,-0.62887,-0.07177,0.56812,-1.36259,0.00853,1.77458,-0.45987,-0.91948,-0.00904,-0.71427,-0.12319,-0.44939,-0.78452,-0.43516,-0.28373,-0.51042,-0.66614,0.59747,1.09833,0.81056,-0.70896
0.48,-0.25485,0.60965,-0.03195,-0.89445,0.85772,-0.77991,0.7915,0.6293,0.02021,1.14359,-0.66012,0.201,-1.24351,0.99536,-0.49231,2.21466,1.04499,-0.90904,-0.02142,-0.17645,0.64335,1.20994,1.97879,0.08879,0.40971,-0.50752,-0.66459,-0.42279,-0.70702,-0.43273,-0.21417,0.17928,-0.86376,1.0567,0.65538,-0.71637,0.34297,0.32758,0.91243,-0.31676,1.29127,-0.7063,0.12149,0.32621,0.2016,2.09721,-0.17802,1.23064,-0.47035,0.48377,-0.93973,-0.92876,-0.28956,0.14705,0.22953,0.95574,0.68137,-0.18139,-0.27052,-0.46912,-0.35715,-0.4541,-0.77892,-0.58548,-0.50886,-0.32141,-0.38258
0.81834,-1.00672,-1.10261,0.13735,0.09069,-0.05113,-0.09135,-0.39566,-0.98004,0.1259,0.10958,-0.4254,0.13369,-0.09702,-0.60974,0.99513,-0.10661,-0.25718,1.03756,-0.31161,0.53454,0.49055,0.4075,0.24185,0.16838,-0.3699,-0.07017,0.58035,1.24065,0.42405,-0.31005,-0.0774,0.14542,-0.16119,-0.14808,1.74217,0.55405,1.32049,1.57166,0.18783,0.02067,-0.43296,1.81908,-0.31698,-0.1352,2.06429,-0.23603,-1.02238,1.04559,0.66794,1.87867,2.9952,1.62329,-0.60663,0.46405,1.23685,0.32964,-0.02683,-0.20975,-0.39444,-0.28955,0.18903,0.58209,0.18934,-0.38705,-0.47675,0.11514,-0.09068
0.01408,0.73681,0.7594,0.16656,1.10361,-0.41867,-0.46474,-0.71631,0.45443,0.97075,1.08555,-1.22269,-1.60136,-0.18721,-0.19021,1.48258,-1.14674,-0.38649,-0.47542,0.45499,-0.24419,-0.70454,0.46777,-0.08817,-0.24726,1.77175,-0.04829,0.64272,0.34949,0.01474,0.46102,-0.14279,-0.26225,-0.35367,-0.32815,-0.95021,-0.64049,-0.61805,-0.15884,-0.1677,-0.2356,-0.75945,-0.56387,-0.85689,-0.47135,-0.20431,-0.91183,0.0523,-0.42627,0.20748,0.54309,-0.22239,-1.03909,0.64351,-0.44215,-0.71272,0.61843,-0.09951,-0.47021,1.93779,-0.14968,0.23857,0.57153,-0.33953,0.68543,0.01401,-0.27815,-0.65071
-0.26941,1.01372,0.75316,0.2881,0.91598,-0.48975,-0.24425,-0.64348,0.56791,0.81748,-0.34913,-0.72486,-0.76228,-0.1145,1.12041,-1.33243,-0.72894,-0.72029,-0.91963,-0.41482,-0.19267,-0.49136,0.24335,-0.82476,-0.56919,0.72257,0.6133,-0.4859,-0.0381,-0.27565,-0.27912,-0.75124,-0.12323,-0.82169,-0.85006,-1.35644,-0.97786,-0.26278,-0.36979,-0.50851,-0.30649,-0.7506,-0.79694,-0.75263,-1.11328,-1.18706,-0.92727,-1.12344,-0.37726,-0.56301,-0.37101,-0.702,0.92626,0.69617,1.62168,-0.40467,-0.66859,-0.68647,0.00823,0.79841,0.29772,-0.43526,-0.12642,-0.3679,0.20064,-0.08704,-0.00736,-1.13622
1.214,0.31584,0.83774,1.47966,1.79851,0.20434,-0.95477,-0.55316,0.58781,0.36857,0.04207,-0.54581,-0.40244,0.68694,-0.56768,0.475,-0.4087,-1.10549,1.16768,0.56409,-0.22356,-0.61773,-0.56944,3.69677,-0.80229,0.29845,-0.12757,-0.27607,-0.42268,-0.70723,-0.25122,-0.62737,-0.40287,-0.5683,1.16779,-0.48054,-0.70228,0.99668,0.57011,0.26753,-0.63951,-0.64723,-0.63425,-0.86437,-0.54855,-0.91917,-1.32785,-1.37084,1.38164,1.72667,0.90246,-0.19812,0.59257,-0.20363,-0.02909,-0.62607,-0.65572,5.45514,-0.64947,-0.66775,-0.21648,-0.39961,-0.23001,-0.6129,-0.48253,-0.25568,-0.3398,0.03345
-0.99417,0.98917,0.8369,-0.87796,-0.67758,-0.71786,-0.21299,-0.60848,0.8292,-0.26161,0.02402,-2.40396,-0.38725,1.84648,-1.76849,-0.71732,-1.89536,-1.37984,0.27257,-0.70272,-0.27012,-0.68021,-0.41636,-0.21145,-0.31597,0.15339,-0.09144,1.20541,-0.38033,0.56395,0.37385,-0.02598,-0.00566,0.05369,-1.04421,-0.69585,-1.09952,-1.11508,-0.55444,-0.83497,-0.72533,-0.78398,-0.66427,-0.55207,0.30247,-1.29089,-0.65888,-1.04616,-0.92297,-0.71018,1.35338,0.30981,0.08045,0.11558,-0.65973,-0.54281,-0.76053,0.54514,-0.5394,0.87533,-0.26336,2.49968,-0.21154,0.71921,0.1166,0.27933,-0.10868,1.28739
-1.49151,0.77671,1.23824,-1.02981,0.17137,-0.99912,0.49845,-0.70502,0.3355,1.19132,-0.40967,0.67988,-1.18615,-0.23029,-0.30239,1.47778,-1.11664,-0.15704,0.36066,1.16877,0.85447,-0.70091,-0.13092,-0.08508,3.10199,0.78911,0.46158,3.53278,-0.34532,-0.64818,-0.89696,-0.72672,-0.39923,1.96968,-1.51637,-1.21993,-0.95597,-1.41172,-0.80709,-1.11457,-0.52801,-0.79435,-0.73543,-0.1191,0.03643,-0.1894,-0.92606,1.05958,-0.01954,-1.26131,-1.36683,-1.28422,-0.79386,-0.55783,-0.84291,-0.63949,0.10651,-0.45434,1.60889,-0.75278,0.69018,5.5461,0.05343,-0.2047,-0.8292,-0.58087,-0.46404,3.73638
0.63407,0.03017,0.94883,1.42481,0.41568,1.43704,-0.80194,1.22336,0.48678,-0.50456,1.95958,-1.31739,-0.56463,-0.41718,0.30613,1.64914,-0.04981,0.44437,-0.21358,-0.483,1.22695,1.38398,1.86809,2.79003,1.40328,-0.92952,-0.83196,-0.78219,-0.58356,-0.83938,-0.71224,-0.69116,-0.26288,0.38394,-0.69549,-1.14652,-0.81983,-0.68503,-1.14857,-0.13233,-0.0293,0.87703,-0.61533,-0.90702,-0.04801,-1.05414,-1.27415,-0.66613,-1.46574,-0.27779,-0.95971,-1.05211,0.10716,-0.75447,-1.22859,0.47865,2.13951,1.89702,2.63734,-1.02228,-0.62967,-0.64849,-0.59402,-0.70003,-0.59535,-0.99705,-0.31702,-0.53112
-0.59913,0.72451,0.28784,-0.90347,-0.82228,-0.613,0.04865,-0.63332,0.51232,1.10234,0.09422,-0.69548,-0.51301,1.38386,-0.42235,0.05526,-0.15243,-0.2061,1.0635,0.23159,-0.74437,-0.73649,-0.31473,-0.32935,-0.79443,1.06352,0.14268,0.26332,1.40787,1.17977,1.49655,1.0061,0.17004,0.00261,0.04569,0.88512,0.3097,0.17349,0.0709,-0.13054,-0.2473,-0.74486,-0.44178,-0.93433,-1.118,0.1133,-0.18493,-0.28278,0.27762,1.69083,0.59729,-0.21796,0.14142,1.89223,0.00217,-0.62164,0.021,0.19851,-0.56882,1.07656,-0.25156,-0.25395,1.79001,0.57477,0.61808,1.69773,0.4558,0.03901
1.77667,-1.65953,-1.92925,0.64833,0.71385,0.8079,-0.15992,0.58602,-1.61105,-2.31224,0.00801,0.8704,0.36327,1.81092,-1.24703,0.82722,0.45092,-0.99134,-0.3786,-0.82526,-1.26427,0.06156,-0.15477,-0.69275,-0.75285,-0.9105,-0.76796,-0.55674,0.27915,1.14513,-0.12796,2.04116,0.14561,-0.26656,0.44643,1.34624,2.91878,0.1781,-0.82676,1.23057,0.00415,0.63083,1.37061,1.76498,-0.37517,1.02561,-0.15316,-0.10491,0.08989,1.33534,0.33084,0.39135,-0.12177,1.23784,2.0552,0.10803,0.14185,-0.70854,-0.68813,-0.89466,-0.56984,-0.50908,0.50639,1.00991,-0.22485,2.68621,0.07838,-0.3067
0.04551,1.19237,0.76731,0.3549,0.24095,0.09255,-0.74807,-0.30421,0.83441,0.0785,-1.22666,0.57444,0.68444,-0.94124,-0.35974,0.62336,-0.62576,-1.98212,-1.72254,-2.46142,-1.96193,-0.56501,0.78762,-0.57502,-0.28942,-0.95736,-0.91871,-0.78119,-0.4461,-0.46695,2.21013,1.87856,-0.01801,-0.50326,0.34417,0.36056,-0.09951,1.02327,-0.0101,0.45311,-0.6272,-0.57642,-0.56513,-0.70874,-0.5788,0.25097,1.03142,-0.24135,-0.59609,-0.41762,0.2244,4.23705,2.15037,2.77462,-0.3425,-0.50966,1.0465,-0.44218,-0.49279,-0.97012,-0.57627,-0.57103,-0.36802,-0.44935,3.40375,0.67331,-0.14788,-0.42965
-1.22712,1.02683,0.87306,-1.30605,-1.28893,-0.93823,-0.13003,-0.57856,0.86263,0.07471,-0.74562,0.09154,-1.24559,1.44166,-1.35531,0.54131,0.76535,0.9004,-0.01902,0.37631,-1.99938,-0.84725,-0.8695,-0.76876,-0.88798,-0.0007,-0.54993,-0.4241,1.87001,2.81605,2.26286,0.56086,0.07689,0.64074,-0.86423,0.26255,-0.1029,-1.5112,-0.7716,-1.14701,-0.42279,-0.72699,-0.71918,-0.8711,-1.12956,0.13752,0.22243,-1.05254,-1.98151,0.94517,0.74538,-0.02409,-0.85766,-0.06329,0.1554,-0.67714,-0.82303,-0.80449,-0.58534,0.57966,-0.38223,-0.5008,1.29683,1.33029,0.66968,-0.11962,-0.00133,-0.18664
-0.63918,0.477,0.91211,-0.35521,-0.39835,0.31576,-0.41499,0.51151,1.00087,-0.53689,0.38637,-0.42047,-1.11404,1.04571,1.08666,-1.05784,-0.44802,0.78284,-0.47081,0.76718,0.49519,-0.69744,-0.83076,0.13735,0.97508,0.69305,0.04078,-0.54077,-0.2406,-0.20165,-0.82183,-1.08792,-0.39358,-0.89244,-0.16867,-0.69838,-0.77513,0.33083,-0.44688,0.93492,-0.26628,0.7091,-0.47476,1.49331,0.07062,0.67834,0.83243,-1.05893,1.02305,-1.55939,-1.20538,-1.09039,-1.12235,-0.4556,-0.79319,-0.71581,-0.87698,-0.58597,-0.42637,0.31944,-0.21635,-0.49915,-0.42215,0.45996,-0.77486,-0.96591,-0.38894,-0.88467
-0.19915,0.03386,0.43957,0.29321,0.47072,-0.23444,-0.31279,-0.64235,0.30495,0.58604,-0.1252,0.58988,-1.17166,0.68677,1.5554,-0.87054,-0.49626,-0.2935,0.3613,1.18821,1.22918,-0.49949,-0.35661,-0.6955,0.58164,2.71653,0.54541,-0.68874,-0.47962,-0.74444,-0.91548,-1.17141,-0.51734,-0.27962,-0.07017,-0.1746,-0.53981,0.4135,0.02689,-0.02601,-0.48487,-0.77515,-0.52915,-1.08563,-0.00799,-0.6146,-0.35979,1.87413,-0.19802,-1.05016,0.1373,-0.43854,0.89113,-0.38326,0.69577,-0.452,-0.19555,-0.56887,-0.04535,2.80527,0.50362,-0.54747,-0.4153,-0.53828,-0.77134,-1.03776,-0.4652,-0.12646
-0.5603,0.23412,1.00555,-0.37342,-0.33401,-0.45923,-0.64638,-0.63219,0.662,0.5483,0.28785,0.05281,0.60143,0.22017,0.3136,-0.34441,0.08924,-0.39808,1.21332,0.6948,1.11942,1.01196,1.33214,0.44417,0.75204,-0.10598,-0.34338,-0.66899,-0.43586,-0.8618,-0.87644,-1.0489,-0.00389,-0.3798,-0.47303,-1.07179,-1.05193,-0.56727,-0.84841,-0.58108,-0.68815,-0.79758,-0.69527,-0.50199,-1.26153,-1.5223,-0.6642,2.3193,-0.11297,-0.97851,-1.09713,-0.13806,-0.78294,-0.92599,0.92912,0.77077,1.05401,0.45948,0.39126,0.22384,-0.10188,-0.51855,-0.46316,-0.68913,-0.80539,-1.00579,-0.18188,-0.14393
0.91756,0.19677,0.34813,1.72298,1.85183,0.05537,-0.33451,-0.69203,0.31646,0.14454,0.99612,0.68396,-1.08206,-0.05626,-0.4636,0.07235,0.55093,-0.00029,1.33622,0.63635,0.59823,-0.34088,1.06959,0.54785,-0.47904,-0.90347,-0.64611,-0.13909,0.47223,0.3108,-0.00137,-0.38964,-0.2035,-0.63464,0.19597,-0.37061,-0.74385,-0.09459,0.7136,-1.1704,-0.59029,-0.70664,-0.51796,-0.75393,-0.6173,-0.6999,-0.93712,0.87258,-0.74957,-1.04999,-0.00681,-0.89041,-0.75713,-0.92752,-1.25415,-0.14681,1.02267,0.91866,-0.28739,-1.00964,-0.49379,-0.15285,0.40183,0.01451,-0.01733,-0.68311,-0.23705,-0.82111
-0.84872,0.36757,0.32617,-0.60618,0.63958,-0.9435,0.3451,-0.69542,0.16123,1.75723,-0.48059,0.6311,-1.91209,-0.28589,0.82087,1.35455,-0.33273,-0.40911,-0.02231,0.42717,0.59251,-0.17945,0.20077,0.93859,4.19118,-0.78683,0.18111,-0.48791,-0.55851,-0.90844,-0.83994,-0.98852,-0.38494,0.17522,0.10297,0.38698,-0.38067,0.77544,2.10934,-0.87505,0.22283,-0.7594,-0.59511,0.06703,0.69125,1.49016,-0.23802,0.91457,-1.04546,-0.69334,-1.27408,-0.41676,-1.35592,-0.80801,-0.61304,-0.24957,-0.04771,0.17705,4.03228,-0.85339,0.23164,-0.27128,-0.50976,-0.72561,-0.77222,-0.87909,-0.39729,0.65433
-0.67493,0.89481,0.81293,-0.66968,0.17797,-0.87352,0.24777,-0.68639,0.35809,1.49411,-0.71389,-0.0256,-1.26369,-0.33468,1.30309,0.10064,-0.6607,0.61651,-0.62772,0.56715,1.60544,-0.46255,-0.55495,0.11474,2.37942,0.89641,-0.54152,0.39088,-0.58024,-0.79697,-0.85581,-1.04321,-0.40464,0.11178,-0.67997,0.08975,-0.76465,-0.79956,-0.12461,-0.99856,-0.6646,-0.77728,-0.65453,-0.60277,-0.25474,-0.51014,-0.0202,-0.49969,-0.36092,-0.54737,-0.44205,0.32528,-0.64484,1.05728,-0.35166,-0.36477,-0.74921,-0.03234,3.80279,0.82987,-0.34708,0.55921,-0.52429,-0.72285,-0.82274,-0.93593,-0.34288,0.34922
0.26183,-1.24238,-1.27053,-0.41703,0.63816,-0.33218,0.65598,-0.09365,-0.50899,-0.61457,0.11996,0.98003,-0.56061,0.69123,0.85012,0.55199,0.34093,0.96516,-1.22814,1.05703,0.4306,1.04352,1.72562,-0.34607,0.80124,-0.39701,-0.81832,-0.49759,-0.40443,-0.56219,-0.6238,0.93174,0.35949,-0.11111,0.42246,0.29732,0.70871,-0.24577,0.32461,0.39961,-0.08284,0.31744,0.49735,1.23467,2.56824,0.51424,1.60625,-0.73249,0.61128,-0.6837,0.40003,-0.92872,-0.07734,-0.67086,-0.21559,0.37246,1.25967,-0.37952,1.78396,-0.59137,-0.53751,-0.29354,-0.3569,-0.46716,-0.57479,1.77025,0.7791,-0.23793
0.18171,0.41116,0.25488,0.38933,0.25274,0.20315,-0.86323,0.48215,0.70121,0.4846,-1.63812,-0.66704,1.00003,-0.58622,1.56399,-0.13445,0.72771,-1.38023,0.02479,-1.62046,-0.3175,0.25774,-0.83843,-0.68159,-0.05421,-0.6448,-0.51209,-0.53993,-0.37513,-0.16169,-0.25728,-0.07734,-0.05796,-1.07723,-0.27991,-0.84171,-0.81238,-0.26106,-0.9132,0.53499,-0.63097,1.42701,-0.81734,0.07089,-0.5064,-0.44381,-0.97044,-1.06092,-0.69383,-1.23503,0.59701,0.71578,0.64835,0.34849,0.6254,0.40586,-0.91661,-0.64347,-0.22431,-0.87635,-0.55573,-0.47415,-0.57209,-0.57366,-0.65781,-0.50752,-0.24188,-0.60373
0.37893,0.16789,0.71557,1.06078,0.40951,1.17111,-0.7908,1.61682,0.59166,-0.1672,0.47072,-0.25988,-0.35569,0.36362,-0.59765,-1.13599,-0.28714,-0.22514,0.95507,-0.70329,-1.0746,-0.69685,-0.17892,-0.57284,-0.50963,-0.53824,0.10605,-0.16001,0.04506,0.28707,-0.17931,2.96787,4.11638,1.27652,0.12882,-0.98646,-0.83608,0.2055,-1.50322,0.9622,-0.30012,1.2962,-0.47353,-1.01299,1.84097,1.21415,0.23796,1.93676,0.3962,-0.12415,-1.02897,0.33835,1.42168,0.43535,1.50233,-0.69696,0.19442,-0.175,-0.36346,-0.45194,0.09413,-0.37796,-0.12642,0.08062,-0.38078,3.57176,4.11551,2.268
-0.29283,0.90401,0.29452,0.82194,1.00618,0.08289,0.70423,0.15248,0.0566,0.81713,1.21796,-1.30318,0.53886,-0.91446,-0.5993,1.06309,-0.11833,0.00731,0.90045,-0.11607,-1.80276,-0.83111,-0.96184,-0.92949,0.05608,-0.83724,-0.29722,-0.25911,0.64184,3.29909,1.30557,-0.36619,5.97939,3.48418,-0.34687,-0.05913,-0.73455,-0.06836,-0.18923,0.38099,1.187,1.2921,-0.59301,-0.79834,-0.55516,-0.10164,-0.40112,0.34852,-0.64132,-1.15006,-1.22138,0.46986,-0.31769,-0.91804,1.85517,-0.75485,-0.66725,-0.65767,0.1859,-0.64541,0.02779,0.08253,0.38036,2.42676,2.14561,0.05977,5.94063,2.7987
-0.68479,-1.80615,-0.40216,-0.05027,1.09077,-0.53084,-0.03244,-0.58703,-2.72454,0.43922,0.27915,1.80858,0.2173,-0.66617,-1.25849,1.67903,0.39362,0.12285,0.48185,0.71475,1.29482,3.00799,0.01858,-0.67136,-0.52039,-0.31881,-0.24331,0.20469,-0.24883,0.13958,0.47166,0.51259,-0.02276,0.73758,-0.3635,0.42113,0.81726,0.76959,0.78799,-0.38764,-0.16164,-0.56452,2.18236,2.24727,-0.3858,0.43967,-0.64656,0.14421,-0.26463,-1.12587,-2.49632,-1.20498,-0.10155,-1.5586,-0.25202,3.03156,-0.06233,-0.87462,-0.57694,-0.40455,-0.12833,-0.22698,-0.33338,0.13781,1.88738,0.02052,-0.28517,1.49454
-0.29036,-0.497,0.37247,-0.35733,-0.21617,-0.6297,0.09557,-0.45155,-0.89538,-0.6402,-1.29696,2.31592,0.77073,-0.03515,-0.55485,-0.4605,0.01429,2.21157,-1.6707,0.45061,0.48688,1.39118,-0.61576,-1.01492,-0.9614,-0.77211,0.65577,3.29704,-0.1188,0.29818,-0.64916,0.30012,0.11037,1.79582,-1.08641,1.35351,0.3491,0.60935,1.87743,-0.73332,1.09357,-0.67609,2.63279,-0.55447,0.71762,0.10009,-0.36956,-1.53405,-0.68759,-0.64398,-0.58329,0.64168,1.09014,1.39954,0.79335,2.79739,-0.93587,-0.78051,-0.71203,-0.85299,0.10582,2.06972,-0.05259,-0.48983,-0.52022,0.63083,-0.10105,0.7898
-0.21641,-0.08958,0.05813,-0.4918,-0.53143,-0.40532,-0.45462,-0.22066,0.71944,-1.02682,-1.60257,-0.77072,0.25324,0.71419,-1.75349,-0.46163,-0.18219,-1.95534,-1.46729,-0.92105,-0.16542,-0.61616,-0.97838,-0.72088,-0.83789,-0.57265,-0.66449,-0.61269,-0.16943,-0.33182,-0.11147,-0.08389,-0.13504,-1.43377,-1.02663,-0.41121,-0.6639,-1.05805,-0.71793,-0.50956,-0.41032,-0.19273,-0.30106,2.00773,-0.53836,-0.09748,0.68799,0.87773,2.49591,-0.66354,0.74618,-0.39476,-1.63026,0.47707,0.1598,-0.52745,-0.977,-0.71595,-0.63238,-0.48361,-0.51618,-0.58611,-0.44346,-0.34873,-0.34979,-0.38066,-0.1767,-1.08855
-0.7686,0.32721,0.52209,-0.32421,0.21457,-0.614,-0.0057,-0.68074,0.43802,0.62239,-0.72099,-0.0676,-1.27138,-0.00467,0.08258,1.43248,-0.37797,-0.19719,-0.13002,1.358,0.31434,-0.84668,-0.72105,0.2297,-0.65511,-0.8932,0.68507,0.06259,-0.0916,1.78191,-0.47249,-0.62461,-0.56869,-0.15764,-0.46135,-0.99371,-0.89999,-0.38317,0.04738,-0.6488,-0.26866,-0.76457,-0.58118,-0.90441,-1.07641,-0.41249,-1.03355,-0.46894,0.16213,-1.0498,-0.82583,-0.82309,-0.55932,0.90278,-0.94712,-0.75884,-0.84633,-0.02893,-0.58879,-0.84443,0.27502,-0.28904,0.13768,2.05202,-0.03016,0.10722,-0.44908,0.39012
-0.82592,-0.21946,-0.90275,-1.37808,-1.23497,-0.81081,0.00279,-0.71066,0.13437,0.45102,0.09942,-0.14465,-0.41066,0.38418,-1.94384,1.06201,-0.77423,0.09911,-0.07473,1.30302,1.18838,-0.55165,-0.87301,-0.28712,0.98506,0.00568,1.42098,0.67253,-0.40011,-0.8393,-0.89171,-1.11174,-0.4766,-0.22875,-0.37027,0.9383,1.34011,-1.12695,-0.75637,-0.77872,-0.45107,-0.70734,-0.1967,-0.41949,1.4961,-0.24821,-0.48257,0.57054,-1.18298,0.54505,-1.76045,-0.53527,-0.26478,-0.43282,-1.32681,-0.57797,-0.79993,-0.10142,1.18771,0.94267,-0.06971,0.68091,-0.33121,-0.71868,-0.8414,-1.02934,-0.34135,-0.52463
0.64146,-1.35997,-1.10379,0.10092,0.67643,-0.36234,0.23273,-0.27373,-1.92977,-0.32554,0.9173,2.40633,-0.60964,1.28627,-1.41048,-0.35883,0.26082,0.57369,0.38758,0.35,1.25795,0.93343,0.37423,0.37387,0.69368,-0.37985,0.51429,0.94102,-0.04733,-0.71402,-0.01042,-0.62876,-0.27316,0.3865,0.17309,1.70486,1.33435,0.91058,0.4148,0.10448,0.10987,0.04527,1.81791,1.24726,-0.04651,1.5402,1.93209,-0.81723,-1.38012,2.2406,-0.70598,-0.39673,0.2902,0.52505,0.26316,1.56558,-0.12825,1.43956,1.49675,-0.23849,0.25286,0.73881,-0.03782,-0.60101,-0.30678,-0.87088,-0.29769,-0.40021
-1.24623,0.93694,1.16645,-1.1154,-0.54161,-0.9791,-0.23999,-0.54752,0.72135,0.20576,-1.537,1.55599,0.72117,1.15497,-0.3082,-0.63352,-0.49138,0.36303,-0.65427,2.03011,0.5119,-0.71849,-0.75335,-0.65869,1.4506,0.91553,0.36761,-0.2912,-0.49856,-0.59797,-0.93382,-0.27234,-0.506,-0.58152,-1.42528,-0.80899,-0.92583,-1.10503,0.41305,-1.13889,-0.58834,-0.69981,-0.63979,-0.47773,-0.68357,-0.56059,-0.80597,-0.40144,0.17542,-0.65564,-1.387,0.10558,-0.46667,-1.23029,-1.18647,-0.63947,-0.56049,-0.65519,0.78247,1.08396,0.14375,0.01951,-0.45674,-0.49492,-0.81501,0.20817,-0.4674,-0.74887
-1.44036,0.8444,1.07221,-1.49001,-1.39551,-0.95029,0.30239,-0.68187,0.66179,1.09588,-0.2148,-0.04521,-0.68789,-0.57014,0.25688,1.07065,-0.76821,0.04917,-0.89672,0.15526,0.14106,-0.42318,1.66608,1.00101,0.4224,-0.51102,-0.72249,-0.80069,-0.61244,-0.66885,0.38031,-0.48884,-0.16394,-0.81381,-1.16052,-0.57629,-0.76164,-1.48732,-1.26379,-1.05847,-0.49828,-0.77957,-0.7267,-1.14404,-0.59345,-0.57298,-0.60965,1.67952,-0.57233,-0.59994,-1.13122,-0.08245,0.20748,0.27849,-0.26694,-0.21764,1.27895,0.78452,0.46022,-0.67989,-0.58729,-0.6387,-0.58931,-0.58424,0.80239,-0.54075,-0.17469,-0.59017
-0.97691,0.02519,0.16085,-1.2424,-0.60803,-0.97343,-0.12045,-0.6655,0.13954,1.35759,0.14261,0.34109,-1.09779,0.54559,2.31323,0.83358,-0.96272,-0.6282,0.35349,-0.27926,0.90594,0.33929,3.91369,0.04622,-0.35503,-0.29663,-0.41567,-0.01369,-0.58776,-0.811,-0.96057,-0.78387,0.19286,-0.06491,-0.69765,-0.24437,0.02395,-0.72245,0.54526,-0.96722,-0.61456,-0.77591,-0.49499,-0.50364,-1.53468,-0.90967,0.31254,-0.83344,-0.29809,-0.9881,-0.21599,-1.31986,0.535,-0.00197,-0.2244,-0.29266,3.08553,0.66102,-0.28274,-0.2309,-0.38757,-0.04744,-0.58444,-0.56782,-0.79551,-0.74898,-0.00043,-0.35698
0.91263,-0.84312,-2.1165,-0.07062,0.90141,-0.52142,2.81596,-0.75582,-0.63859,0.19735,1.31225,-0.15968,-0.43127,-0.35133,-0.33756,2.00026,0.25318,-0.18563,0.17963,0.68661,0.6032,0.92344,0.444,-0.7277,-0.49708,0.16446,4.57042,-0.15527,1.16477,1.93938,-0.73859,-0.77835,0.35546,2.15819,1.27505,0.84276,1.60785,-0.61042,-0.45399,-0.68361,1.51596,-0.74379,0.579,0.28434,-0.99683,0.6926,-1.27614,0.59027,-0.41139,0.69639,-0.62579,-1.25506,-1.31078,-0.51799,-1.15453,0.44288,2.34482,-0.3469,-0.42919,0.25169,4.06809,-0.39781,2.35889,4.12578,-0.71595,-0.74723,1.06574,0.80066
-0.29591,1.13051,0.94139,0.13678,0.67065,-0.38065,0.51164,-0.63219,0.52514,-0.23957,-0.27025,-0.46551,-0.33383,1.22266,0.2431,1.21751,-0.97616,1.12476,1.35751,0.65841,1.00645,-0.49674,-0.56272,-0.13628,-0.48453,-0.823,-0.55339,-0.14316,5.60123,0.6494,-0.896,-1.10155,-0.55074,2.27379,0.58529,-0.7474,-1.01156,-0.1353,-0.82039,-0.35854,-0.21506,-0.72477,-0.66889,-0.39396,-0.89242,-0.76844,-0.58709,-1.2894,1.13548,-0.1768,0.10473,-0.02212,-0.12385,-0.4105,-0.56526,-0.12746,0.08198,-0.06913,-0.36186,-0.67395,-0.25063,-0.35014,4.89516,0.95471,-0.88752,-1.10225,-0.43231,1.7408
-1.0786,0.82304,0.56598,-1.06585,-0.29099,-0.97594,0.29718,-0.66098,0.19043,1.0915,-0.29299,-0.13965,-1.22824,0.5787,0.63685,0.73812,-0.89265,0.14822,0.91553,-0.4777,1.83814,0.35316,0.32777,-1.025,-0.81885,0.10602,2.41943,1.09182,-0.57227,-0.93568,-0.96005,-1.22507,-0.50825,0.02006,-0.93405,0.09348,-0.23246,-0.9412,-0.13543,-1.07814,0.08623,-0.7976,-0.33912,-0.23903,-0.44854,-0.93912,-1.04016,1.42054,0.72241,-0.57099,0.10748,-0.6703,-0.18715,-0.67262,-1.24638,-0.10536,0.0106,-0.88398,-0.58988,-0.18281,0.4192,0.85676,-0.49983,-0.73115,-0.89199,-1.13306,-0.34248,-0.25866
2.15692,-2.01295,-1.69192,1.32255,1.47528,1.12991,2.72002,0.84062,-2.12382,-2.82588,0.68418,1.61789,0.56842,1.4737,-0.20162,-0.03569,0.98588,-0.65418,-0.06236,1.15073,1.55845,-0.10212,-0.98254,-0.97667,-0.90264,-1.00274,3.11841,-0.32202,-0.11386,1.08955,-0.42642,-0.18244,-0.43863,0.88042,0.3951,-0.235,1.29892,0.63009,0.88067,1.89494,2.38447,1.43374,0.65272,2.33531,0.7223,0.68552,0.10014,0.37452,-1.09987,0.42865,0.89218,-0.59928,0.4081,-0.14342,-0.85795,0.06457,-0.94303,-0.9056,-0.67442,-1.09306,5.63831,-0.06735,0.41127,2.63962,-0.07141,-0.04595,-0.29715,1.84606
-1.48473,2.14769,1.02523,-1.44724,-0.84113,-1.00819,-0.10948,-0.63502,0.62034,1.06498,-0.48503,-2.44075,-0.0987,-0.3657,-2.77571,-1.33278,-1.73382,-1.50267,-1.76613,-2.00767,-0.55776,-0.5789,-0.96136,-0.76475,-0.32749,-0.33978,-0.76839,-0.67597,-0.47775,1.26667,0.26004,1.57099,0.14565,-0.65607,-1.02725,-0.67728,-0.51163,-1.03642,0.21333,-1.10041,-0.54668,-0.73117,-0.61193,-0.24172,-1.0364,-0.69948,-0.44067,1.66879,-0.08295,0.43627,-0.66436,2.48997,0.46275,0.81596,-0.62736,-0.60155,-0.92184,-0.69469,-0.30359,-0.05789,-0.56281,-0.39754,-0.25294,0.25315,1.18131,1.16197,-0.31747,-0.51748
0.11269,1.01447,0.8439,0.87565,0.68357,0.3784,-0.6136,-0.18792,0.87273,0.21814,-0.44122,-1.14597,0.22163,0.01017,-0.10921,0.20653,-1.97152,-1.58061,-0.16582,-1.65228,-1.12168,-0.65726,0.83844,-0.75394,-0.53037,-0.0703,0.35914,0.15565,-0.134,-0.03191,-0.63987,0.7425,-0.29066,-0.49694,-0.53669,-1.20778,-0.9435,-0.67711,-0.97766,-0.101,-0.17691,-0.02951,-0.62259,0.73438,-0.76359,-0.17217,-0.56682,0.34055,2.42507,-0.37676,0.534,-0.10064,0.89346,0.10889,-0.33409,-0.53836,1.56127,-0.77054,-0.09923,0.14041,0.84309,0.29679,-0.40976,-0.08574,-0.65779,1.6434,-0.33445,-0.82808
0.20328,0.77604,0.78802,0.81907,0.44292,0.62189,-0.12934,0.48328,0.37663,0.08607,0.56516,-1.44378,-0.54947,0.53261,0.78855,-0.33054,-0.29354,1.06185,1.30924,0.79666,0.85137,-0.83573,-0.84139,-0.86301,-0.67865,-0.01705,-0.5861,3.64715,-0.1109,0.56549,-0.16373,-1.14666,-0.60139,1.13223,0.83414,0.29042,-0.61463,1.45233,0.43498,1.81562,-0.47488,1.78268,-0.72101,-1.03483,0.30791,-0.43991,1.34873,-0.66878,0.43497,-0.08878,0.26489,-0.70147,-1.07615,-0.91109,-0.36934,-0.72035,-0.77216,-0.84741,-0.5941,-0.11695,-0.32971,2.13945,-0.48688,0.10088,-0.46109,-0.9473,-0.48046,1.0925
0.20883,-0.09836,-1.64011,-0.28892,-0.48349,0.19519,-0.51135,0.58941,0.11664,0.22785,-1.86886,0.20371,0.91475,1.19912,-0.09137,-3.11694,-0.31057,-1.94379,-0.96929,-0.27066,0.1431,-0.86511,-0.11767,-0.02632,-0.7,-0.60292,-0.397,-0.68877,0.09307,0.91467,-0.58934,-0.52338,-0.56107,-0.89145,1.11703,1.48749,2.22138,1.97252,0.77624,2.16616,-0.10716,1.7007,0.11371,-0.06417,0.17241,-0.56424,-0.95545,-0.64097,-0.00412,0.22406,2.00521,0.95539,-1.20234,-0.11347,-0.13762,-0.75497,-0.11988,-0.18433,-0.69655,-0.73682,-0.23332,-0.6244,0.12539,-0.07733,-0.43852,-0.21017,-0.46018,-0.86722
-0.96582,1.38063,-0.71128,-1.5925,-1.60163,-1.0185,0.3425,-0.44252,0.43078,0.56518,-2.17543,0.84517,1.07815,-0.06143,-1.03889,-0.8084,-1.01969,-0.60575,-2.27236,-2.27591,-1.2681,-0.63547,-0.87662,0.46979,-0.77197,-0.36734,-0.86361,-0.79685,0.56752,0.14352,0.59321,0.01639,-0.14347,-0.94067,-0.3406,3.19295,2.10188,-0.95845,1.27981,-1.08874,-0.56605,-0.66751,-0.22797,1.68561,1.41564,1.20647,0.3071,-0.3272,0.08276,0.39723,0.36827,0.26046,0.15238,1.52342,0.68207,-0.71098,-0.85622,0.95586,-0.5503,0.42142,-0.55932,-0.62818,0.35309,-0.24469,-0.33245,-0.39939,-0.20973,-0.76694
-0.01057,-0.35193,-1.63241,-0.71124,-0.13181,-0.90806,1.27851,-0.33526,-0.80767,-0.16136,-3.04637,-0.23397,1.14874,-0.40461,0.36533,-1.30369,-0.78191,-2.54814,-1.36215,-1.99336,1.05081,-0.6544,-0.77985,-0.82731,-0.00285,4.00545,-0.72151,-0.80445,-0.49558,-0.77577,-0.35318,-0.71573,-0.44507,0.08674,-0.4419,1.34286,0.64002,-1.04485,-0.33473,-0.8833,0.50536,-0.66077,0.37462,0.02513,0.10867,2.62681,2.49789,-0.18601,-1.65682,0.06994,-0.51553,-0.12119,0.48799,1.80708,2.43711,-0.59189,-0.81008,-0.68707,0.32073,4.04567,-0.44564,-0.59022,-0.42476,-0.6325,0.09932,-0.88547,-0.46406,0.27747
2.21054,-0.49621,-0.10275,1.75134,1.94942,0.01142,-0.26925,-0.62429,0.1898,-0.00866,-0.00616,0.77113,-0.44109,-0.04218,0.50991,-1.13611,0.10786,-1.3374,0.87353,0.53512,-0.71511,-0.86751,-0.96612,-0.55824,-0.16966,1.49017,0.70924,-0.15702,0.19268,-0.26023,1.13233,2.18472,-0.58512,-0.37745,1.69051,-0.93897,-0.8951,1.49411,1.06355,0.00254,-0.42369,-0.77171,-0.6748,-0.69103,-0.04906,-0.97767,-0.00074,0.16094,1.57887,1.01937,0.25983,-0.8042,-1.1852,-0.65329,-0.56865,-0.74481,-0.6044,-0.37936,-0.38361,1.43803,0.27972,-0.08471,-0.24084,-0.58001,1.28548,2.53548,-0.50193,-0.81218
