-0.49557,1.27028,1.44673,-0.24151,0.26203,-0.39209,-0.43462,-0.50202,1.26023,-0.18211,-0.37652,0.17093,0.63948,0.38047,-0.51028,0.07028,0.35615,0.99047,0.35263,1.20642,-0.37454,-0.08931,-0.85213,-0.54459,0.41373,-0.36367,0.69922,-0.6182,-0.76734,1.0913,-0.82957,-0.82094,-0.32424,-0.61523,0.5143,1.39374,-0.32953,-0.14953,0.13898,-0.25897,0.13375,-0.61107,-0.47396,-1.34602,0.15591,-1.08205,-1.39093,-0.98481,-1.15028,0.64167,-0.1818,-0.17492,0.83223,-0.93593,0.66938,-0.24251,-0.75688,-0.50009,-0.11878,-0.3103,-0.1098,-0.6075,-0.42319,1.32472,-0.62462,-0.48468,-0.2347,-0.71845
-0.50325,-0.34844,1.08631,-0.79234,-0.68138,-0.75935,-0.86895,-0.45694,0.62869,0.39917,-0.93033,0.66784,0.58223,1.63019,0.24125,-1.20714,0.24818,-0.7003,1.10738,0.22064,0.69959,-0.49434,-0.7345,0.8666,1.86184,1.10369,-0.4209,-0.7275,-0.51379,-0.03529,-0.62808,-0.24867,-0.14634,-0.48499,0.70243,-0.39965,-0.62861,-0.05171,0.01991,-0.40682,-0.69909,-0.68501,-0.63089,-1.26324,-0.60321,-0.21496,-0.46028,-0.2907,1.07925,-0.21282,-0.0655,-0.86892,-0.36404,-1.10077,-1.10922,-0.49115,-0.81527,1.36461,1.67809,0.11991,-0.33208,-0.5824,-0.53166,0.65616,-0.68168,-0.23274,-0.34275,-0.58554
-0.54167,-0.67926,0.12907,-0.43755,0.12803,-0.21869,0.32846,-0.28152,-0.84815,-0.04317,-0.13026,0.32651,1.57216,1.3119,0.46235,-0.1453,0.15017,-1.15045,1.21695,0.90771,0.27746,-0.32276,0.33433,1.65643,0.43826,-0.14882,-0.30764,0.44559,0.0309,-0.12507,-0.47094,-0.43438,-0.22831,-0.58742,-0.277,0.20313,0.79293,0.20537,1.03016,0.77592,0.87499,-0.06876,2.00839,1.24995,0.36304,-0.44489,0.22578,0.18711,1.06443,-0.19445,1.41686,0.33284,-1.02638,-0.52612,0.39416,-0.38556,0.17655,0.73063,0.20198,-0.17699,-0.49062,0.64627,-0.08377,0.32961,-0.44366,-0.37659,-0.11518,-0.28778
-0.14253,3.04219,0.16847,0.57352,0.25017,0.50129,0.32975,0.63527,0.94043,0.00619,-1.90151,0.09008,1.39748,-0.18508,1.60236,-2.07006,2.02669,-0.53708,-0.55506,0.91731,1.58959,-0.61231,-0.76565,-0.97678,-0.76312,-0.01153,-0.79089,-0.55775,-0.7633,-0.44968,0.09614,-0.52412,-0.46734,-1.03507,0.90735,4.24187,-0.4723,1.50182,1.02803,1.38607,-0.20193,1.37122,-0.06898,-0.11097,-1.42761,-0.94862,-0.22642,0.22314,-0.63112,-0.39926,0.20625,1.29278,0.94345,-0.72129,-0.71214,-0.51565,-0.52961,-0.63068,-0.69589,-0.0183,-0.63586,-0.27632,-0.47922,-0.18956,0.0235,-0.59481,-0.25768,-0.7951
0.26249,-0.3894,0.03251,0.56724,0.68066,0.52556,0.0476,0.55883,-0.06071,0.91816,0.63329,-0.5051,-1.22648,0.20448,-0.05309,0.64749,0.14685,-0.50926,1.50939,-0.57932,0.66879,-0.6125,-0.54104,-0.45789,-0.5751,2.41243,-0.74901,0.33639,2.43279,0.04696,-0.74084,-0.68728,0.32468,0.80833,0.92412,-0.76915,-0.58588,0.74872,-0.37492,0.86788,-0.23261,1.18299,-0.84377,-0.25137,-0.06006,-0.45442,1.02898,-0.76559,0.97409,-1.70155,-1.54336,-1.16693,-0.4617,-1.29493,-1.38239,-0.53298,-0.46116,-0.21165,-0.63294,1.70988,-0.68496,-0.02066,1.358,-0.24295,-0.52838,-0.49961,0.5577,0.1851
0.52331,-0.31581,0.11204,0.70892,0.46215,0.3666,-0.54919,0.52061,-0.15088,1.36111,0.25655,-0.4324,-1.9518,0.55549,1.00708,0.12096,0.79302,0.05405,-0.02204,0.04431,0.18847,-0.04804,0.07473,-0.79914,-0.73698,-0.60854,-0.14016,0.75406,1.08031,-0.33901,-0.48034,-0.76449,-0.49839,-0.19209,1.29263,-0.72167,-0.36949,2.00569,1.38992,1.01346,-0.09342,1.21974,0.03753,-0.07893,1.25258,1.24263,0.22259,-0.66859,0.49503,-0.12471,1.0891,-0.74272,-0.36614,-1.2935,-0.54125,0.07839,-0.51338,-0.54174,-0.77984,-0.35622,-0.30402,0.35167,1.63502,-0.41622,-0.48192,-0.7195,-0.33322,0.26594
0.25752,0.45255,0.51344,0.76308,0.27646,0.58117,0.11569,0.65781,0.74724,-1.16386,-0.41516,1.02611,-0.36416,0.08985,0.20934,0.51708,1.19381,-0.05633,0.88151,1.19546,0.42519,-0.49407,-0.84756,-1.03967,-0.07246,1.17824,-0.24218,-0.32424,0.15877,-0.67187,-0.84148,-1.01438,-0.08218,-0.48924,0.7085,-0.47231,-0.77618,1.84672,1.86168,1.01129,-0.11155,0.71946,-0.59592,-0.51056,-0.06134,1.50399,1.562,2.64343,-1.04533,-0.53868,0.02537,0.77163,-0.75051,0.21261,-0.9483,-0.42039,-0.73408,-0.73515,0.04195,0.41434,-0.29645,-0.33796,0.18229,-0.69392,-0.72099,-0.81351,-0.02539,-0.71041
1.14757,-0.44724,1.00187,2.07855,1.6321,2.00252,-1.04144,2.71384,0.20956,0.60955,0.51938,-0.61498,-0.3198,1.23181,-0.96397,-0.06788,0.54261,-0.05771,1.72821,0.41228,0.34656,-0.46205,-0.75708,-0.9591,-0.10561,2.21221,-0.60108,0.6418,-0.17506,-0.57418,-0.1811,-0.61649,0.11582,0.02419,-0.33432,-0.91677,-0.65696,1.12442,-0.81287,1.84506,-0.82386,2.64344,-0.97099,-1.55327,-1.10564,-0.93687,1.59364,-0.0221,-0.21406,-0.7313,-0.72515,0.19074,-1.28853,0.2751,-0.48653,-0.40177,-0.70192,-0.72604,0.07348,0.67985,-0.30721,0.84103,-0.2904,-0.56154,0.03189,-0.54191,-0.04074,-0.15245
-0.57829,-0.55198,-1.24169,-0.5253,-0.18547,-0.68136,0.25233,-0.87099,-0.68969,1.51583,0.74328,-0.9024,1.09882,-0.96924,0.84759,-0.41157,-0.86842,0.25132,0.7141,1.50275,0.86253,-0.6336,-0.7058,-0.83315,-0.62438,1.12959,-0.4191,1.46006,0.81239,-0.39916,0.35351,-0.84676,-0.60141,0.30918,-0.19334,-0.64359,0.34211,0.50553,0.41281,-0.40799,-0.65228,-0.67799,-0.12164,-0.46664,1.43821,-0.27637,1.19367,-0.21535,-0.75249,0.14591,-1.44254,0.4937,-0.65965,0.96361,-0.77766,-0.56169,-0.69156,-0.68348,-0.48927,0.79042,-0.44662,0.90247,0.38266,-0.45774,0.5287,-0.59215,-0.49369,-0.26667
-0.33012,-0.10156,-0.90267,-0.03746,-0.30188,0.12734,0.65571,-0.0326,-0.80507,-2.30629,-0.1817,0.84766,2.08656,-1.15047,-2.38374,0.38759,1.79338,2.24496,3.43195,0.41596,-0.33949,-0.24721,-0.39743,-0.2078,0.71444,5.5389,-0.56727,-0.49677,-0.49746,0.09305,4.19623,-0.38663,-0.54828,2.99179,-0.80399,1.74363,1.26943,-0.47494,-0.51144,0.19501,0.53226,-0.33537,2.07118,-0.25907,0.54761,-0.11484,-0.34041,3.15999,0.54353,1.51114,1.12122,2.60551,1.06687,1.57367,0.0671,-0.35727,-0.34642,0.05824,1.8334,7.07646,-0.29279,-0.23498,-0.18345,-0.25514,3.74311,-0.53036,-0.45127,3.38398
0.6535,1.58878,-0.10865,-0.30334,-0.62672,-0.32235,0.04594,-0.52211,1.20595,-1.12014,-1.13199,-1.06711,-0.82674,0.24397,-1.18196,-1.86933,0.45923,-1.9879,-0.66753,-0.57391,0.06012,-0.32351,-0.62919,-0.47546,-0.60395,-0.54683,-0.49673,-0.85034,-0.94904,-0.56649,0.40402,1.01649,-0.15251,-1.02013,0.80658,1.99561,-0.80649,0.03467,0.7639,-0.22844,-0.11818,-0.60616,-0.42512,-0.35597,0.17567,0.85987,-0.93767,-0.72878,1.00838,1.24749,0.89296,2.04216,1.52477,1.88208,2.03804,-0.2822,-0.59025,-0.37403,-0.80388,-0.3281,-0.45366,-0.64329,-0.62686,-0.30966,0.17152,-0.56363,-0.45239,-0.76293
-1.137,0.43606,1.25451,-1.1443,-1.88809,-0.80151,-0.62675,-0.18695,1.05875,-1.5559,-1.13893,1.39425,0.19784,-0.89875,0.205,0.15778,1.83292,-0.18156,-0.28188,-1.71089,-2.65047,-0.30016,0.51924,1.7783,-0.79237,-0.82486,-0.76445,-0.80029,-0.84266,0.66323,0.75295,1.18836,0.00393,-0.30668,-1.26858,-0.9461,-0.39642,-1.20352,-1.23898,-0.83246,-1.22437,-0.59155,-0.97744,0.68205,-1.21393,-0.6493,-1.54428,-1.21791,-1.06833,-0.36676,-1.31704,-0.75702,-0.18951,2.50328,0.96636,-0.2294,0.57716,1.54751,-0.75502,-0.49139,-0.61051,-0.58849,-0.58931,0.29096,0.77873,-0.1597,0.14532,-0.6512
-1.17045,0.5955,1.26077,-1.26344,-1.85719,-1.02806,-0.3562,-0.22713,1.22184,-0.68221,-1.59055,1.96737,0.05326,-0.85446,0.42551,-0.81288,0.9705,-0.27648,-0.45178,-1.50029,-0.76445,-0.20695,1.2125,-0.54743,-0.75381,-0.22054,-0.67499,-0.84479,-0.72101,-0.33531,0.15262,0.59527,-0.31978,-0.76608,-0.83332,-1.31166,-0.27883,-1.08288,-1.0765,-0.8402,-0.92369,-0.77,-0.76607,-0.94266,-0.7392,-0.79737,-0.85345,0.43254,-1.2577,-0.39341,-1.40063,-0.85199,0.17029,-0.0543,-0.3207,-0.2691,1.54029,-0.53733,-0.83804,-0.26152,-0.55842,-0.64785,-0.5641,0.05475,0.03085,0.43783,-0.38498,-0.34395
-1.37432,0.95888,0.62145,-1.10223,-1.02915,-0.87946,1.55043,-0.62501,0.78165,0.08036,-0.16317,0.02623,-0.66561,-0.89637,-1.10807,-2.03153,-0.23843,0.19928,0.01498,1.14299,-1.67743,-0.55529,-0.44152,-0.60417,-0.85124,-0.82551,-0.76597,-0.37658,0.88159,-0.65312,3.56781,1.93084,-0.36715,0.61201,-0.85656,0.04009,-0.34162,-1.11319,-0.91525,-1.01388,1.22174,-0.56964,0.12203,0.10005,0.96489,1.36415,0.43482,1.68645,2.69217,-0.12592,1.01948,0.0721,1.12987,1.74108,1.19147,-0.48378,-0.63071,-0.53466,-0.82619,-0.4682,-0.65709,-0.46455,0.4083,-0.70482,4.62542,1.39306,-0.29655,1.0891
-0.51636,-0.1543,-0.22591,-0.57646,-0.26627,-0.73742,-0.2657,-0.73183,0.20078,1.18071,0.11536,-0.641,-0.47005,0.62334,-0.25889,0.42776,-0.15869,-0.04772,0.71178,0.1633,0.31382,0.00708,0.25305,-0.42172,-0.63293,-0.61077,0.20047,-0.45541,0.72742,-0.16501,-0.64649,-0.41844,-0.56786,-0.78024,-0.64688,-0.31969,-0.80872,-0.31502,-0.24145,-0.73959,-0.59575,-0.6159,-0.11334,-0.1068,0.44299,-1.01596,0.39951,0.6417,-0.57772,2.34236,0.31762,1.62903,-0.0308,-0.70343,-0.78963,-0.13901,-0.07191,-0.5884,-0.74552,-0.34581,0.41354,-0.391,-0.08947,-0.33018,-0.62034,-0.11613,-0.50085,-0.64681
-1.25724,2.165,-0.23438,-1.11986,-0.56392,-1.08768,0.91382,-0.54073,0.82957,1.09096,-2.04559,-0.22839,2.08747,-1.39275,1.70057,1.95784,-0.53939,0.28376,0.2159,-0.36237,0.73812,0.13912,-0.10833,-0.11449,-0.33103,-0.46406,-0.18014,-0.63952,-0.63112,-0.08192,-0.08891,-0.70351,-0.4375,-0.94916,-1.05685,2.13255,-0.97725,-1.12343,-0.87947,-0.96308,0.54651,-0.74039,-0.75555,-0.29628,-0.29332,-0.42266,1.05169,-0.78692,-0.83632,0.72792,0.14366,-0.41076,-0.4182,0.14736,0.39054,0.3583,0.12075,-0.0547,-0.4693,-0.42798,-0.59767,-0.4566,-0.39909,-0.18392,-0.04124,-0.54586,-0.17855,-0.78808
-0.63163,-0.05566,1.25128,-0.26549,0.03304,-0.67548,-0.01929,-0.54171,0.37664,0.39303,-0.78184,0.86596,0.23461,0.39912,-0.10489,0.35231,0.27503,-0.72437,1.22011,0.64063,0.31343,-0.56386,-0.91032,-0.14804,0.24064,0.23484,0.62449,-0.28865,3.1686,-0.38599,-0.80583,-0.81769,0.65526,0.76487,-0.57649,-0.22439,-0.80907,-0.39609,-0.35795,-0.56077,-0.06776,-0.64917,-0.80431,0.08179,-0.03529,-0.93188,0.87713,0.23178,-0.57122,-0.18064,1.84366,-0.40274,0.55958,-0.83816,-0.66979,-0.50025,-0.86832,-0.37291,0.401,0.00545,-0.0933,-0.2841,3.79272,-0.24543,-0.63223,-0.69409,0.40179,1.61305
-0.03359,-0.78448,-1.35482,0.45063,-0.42982,1.28968,1.13183,1.04148,-2.02811,-0.80824,-0.54554,0.64619,1.18466,0.14525,1.72311,-0.61489,0.86884,-0.45509,-0.3116,0.0877,-0.25122,0.89779,0.98005,-0.19893,-0.14982,-0.48563,-0.80915,-0.7416,4.27658,-0.158,-0.77036,-0.76482,-0.42454,1.68397,-0.12096,1.08151,1.71749,1.87526,1.32468,3.04915,1.24812,1.74951,2.39133,1.44048,1.45334,0.46831,0.54316,1.22209,1.30521,1.3738,-1.16509,0.61668,3.19227,0.06632,1.75281,1.28939,1.94135,-0.25373,0.24104,-0.19615,-0.62942,-0.6239,5.33291,0.04574,-0.69104,-0.5639,-0.41676,2.53449
0.12462,1.37669,0.65102,0.36963,0.90836,-0.33079,0.16724,-0.58238,0.58483,0.6698,-1.93179,-0.16639,0.10622,-0.62741,2.27947,-1.18658,-0.47675,-0.10241,-1.28653,-0.25948,-0.95719,-0.2565,-0.21304,-0.87316,-0.61932,-0.16912,-0.8214,-0.8307,-0.75558,0.16121,-0.39207,-0.45026,-0.06784,-1.06153,-0.02394,0.33195,-0.40876,0.0661,-0.52699,-0.20291,1.21658,-0.64994,-0.68044,-0.33881,-0.97625,-0.13839,1.07593,-0.28373,-0.23191,-0.32797,0.79449,3.05057,0.66781,-0.72402,1.504,-0.27153,0.15898,-0.65485,-0.73726,-0.25001,-0.70154,-0.66016,-0.45579,-0.17227,-0.53355,-0.4112,-0.00252,-0.93952
1.56931,-0.76773,-0.01813,1.06982,1.95478,-0.0756,-0.03207,-0.58434,-0.68743,0.43138,0.5952,-0.54241,-0.48493,-0.0731,0.3079,-0.0765,-0.35649,0.75778,-0.15627,-0.02183,0.83264,0.36308,-0.44972,-0.58692,-0.51808,-0.77567,2.54173,0.31462,1.7413,-0.35015,-0.09934,-0.82168,-0.54008,0.82512,1.09888,-0.34947,-0.02849,0.61077,0.42867,-0.31324,0.94217,-0.55885,0.87145,1.00305,1.05938,-0.63227,0.3496,0.63045,0.17971,-0.99486,-1.63488,0.37462,-0.76248,-1.45863,-1.09885,0.08432,-0.11037,-0.64317,-0.51356,-0.41516,2.74737,0.01815,1.40461,-0.4524,-0.24589,-0.45422,-0.41048,0.08738
0.39403,-1.4742,-2.40795,0.29602,0.24239,0.03437,-0.53046,0.59215,-1.45424,1.12647,0.03281,0.37377,0.43703,0.29945,1.53235,-0.96859,0.28225,0.16224,-0.46465,0.46022,0.39295,0.31357,-0.80192,-0.12303,1.47998,0.31297,2.41442,-0.66343,-0.63358,-0.45532,0.17067,-0.39292,-0.16989,0.10763,0.88971,-1.26959,1.04485,1.36727,1.02445,0.38956,-0.55775,1.11638,0.10114,-1.08676,1.54819,-0.29329,1.6728,-0.66359,-0.9997,0.77329,-0.76311,0.93583,-1.03715,0.11768,-0.56462,0.01845,-0.83761,-0.02235,2.19045,-0.40185,3.2388,-0.58266,-0.49735,-0.27818,-0.10738,-0.1926,-0.18228,0.74989
-0.08557,-1.2716,-1.65074,0.38242,0.37522,1.59528,-1.11877,0.79452,-2.26389,-1.7691,0.66095,0.12164,1.43146,0.0633,-0.78501,0.80763,0.94823,-0.96349,-0.42006,0.07288,0.70504,0.28788,-0.38871,2.31867,1.07918,0.73442,0.23403,-0.45618,-0.44361,-0.6339,-0.25883,0.85117,0.18661,-0.3016,-0.55135,0.78536,1.79312,0.10493,0.49481,1.14928,-0.97291,-0.11663,2.79827,-0.04567,-0.92269,0.27114,0.49995,-0.02082,0.53985,0.1131,0.27456,1.22891,0.79403,2.03122,-0.42112,0.6921,-0.49565,1.75301,0.92583,0.15158,0.42855,-0.32841,-0.35348,-0.61384,-0.42153,1.08194,0.31833,-0.53892
0.96811,1.11873,0.93586,0.311,0.40023,-0.13288,-1.34054,-0.09875,1.59112,-1.59637,-1.60033,0.40491,-0.61161,0.49348,-1.06449,-1.20091,-0.56285,-1.72755,-1.15873,-0.28949,-0.27004,-0.27481,-0.86127,-0.76327,-0.46604,-0.54511,-0.66996,-0.70752,-0.5609,-0.61801,-0.06877,0.29738,-0.25872,-1.15832,-1.05459,0.82198,-1.16477,-1.1418,-1.35415,-0.77234,-1.04277,-0.72946,-0.39097,-0.70057,-0.82617,-0.37815,-1.43303,0.72178,-0.62493,-0.39621,0.34071,1.2558,-0.07248,0.48301,1.59308,-0.26976,-0.83687,-0.51663,-0.61098,-0.31629,-0.61128,-0.56326,-0.16761,-0.48844,-0.33912,-0.25885,0.09282,-0.80515
-0.15428,-0.63306,0.06434,-0.0366,0.01196,-0.21862,-0.67085,-0.4687,0.42323,0.08015,-0.15703,0.92818,0.435,-0.53371,0.15259,-0.41875,0.50011,0.23699,-0.21156,0.34824,0.31981,0.7898,-0.52002,0.24871,0.88896,0.00177,1.3946,0.12207,-0.37217,-0.03912,-0.3919,-0.5531,-0.27704,-0.2627,0.51803,-0.52987,-0.76426,0.67352,1.13058,-0.17782,-0.87635,-0.54179,-0.07129,0.82633,1.20662,0.22809,-0.94828,-0.33747,-0.77529,-0.99169,-1.12044,-0.58025,-0.07489,-0.80808,-1.0387,0.63361,-0.84249,0.10385,0.77014,-0.13158,2.02985,-0.24258,-0.30045,-0.15726,-0.49125,-0.34964,-0.30996,-0.04992
0.50975,-0.74725,-1.13139,0.36756,0.40036,0.27616,-0.41108,0.02473,-1.0222,-1.8861,-0.62905,1.43666,0.78045,-0.17347,0.4225,-0.8504,0.06344,0.06201,0.97976,0.95793,0.29567,-0.40184,-0.29238,1.79753,-0.22315,-0.22378,-0.39503,0.74111,-0.2646,-0.43017,-0.54038,-0.11694,-0.57363,-0.34904,-0.97931,0.10502,0.37889,-0.55149,-1.04647,-0.07421,-0.20741,-0.4656,2.34762,0.62885,-0.19221,-0.56071,-0.64166,0.20203,2.57258,1.41254,1.44307,-1.05336,0.56699,-0.63097,-0.72833,-0.2477,-0.52559,2.91523,0.37124,0.2072,-0.28824,0.07241,-0.3454,-0.52756,-0.31606,-0.00069,-0.4548,-0.48009
-0.34911,0.75368,-0.11697,-0.6459,-0.25312,-0.50249,-0.56875,-0.47066,1.15524,-0.15785,0.21468,0.16688,-0.99793,-2.30637,-1.04698,-0.81019,-2.16048,-0.11273,0.1901,-0.47417,-1.16192,0.09906,-0.70989,-0.58299,-0.51047,-0.25242,-0.32848,-0.14196,-0.4967,0.41414,1.33523,2.24976,0.81633,-0.24677,-1.39516,-0.12336,-0.75128,-1.00796,-0.34569,-0.42735,-0.19724,-0.5386,-0.40179,0.27488,1.28744,0.48872,-1.51902,-0.35599,1.23641,0.28545,-0.57717,-0.27886,-0.98389,0.04215,-0.85853,0.13807,-0.51073,-0.60543,-0.7528,-0.14504,-0.27405,-0.06653,-0.57512,-0.03026,1.06493,1.68384,0.08818,-0.39314
-0.63389,0.6722,1.39449,-0.42897,-0.28206,-0.69235,0.29063,-0.77838,0.43718,0.56121,0.25966,-0.7282,-1.32351,0.85272,-0.90801,-0.33607,-0.51064,-0.0481,0.16133,1.01261,0.28892,-0.58129,-0.61152,0.3696,0.54375,-0.33727,0.16313,0.39263,0.59601,0.79759,-0.54961,-0.95522,-0.43185,-0.44878,-0.67421,0.29806,-0.85706,-0.30117,0.35391,-0.76498,-0.83379,-0.60992,0.36187,1.05133,0.93588,0.20065,-0.21408,-1.16714,-0.83787,-1.38861,-0.53234,-0.78344,-1.16903,-1.27153,-0.74312,-0.51028,-0.50912,0.40977,0.65565,0.06133,0.33479,0.18918,-0.15869,0.25371,-0.35193,-0.74983,-0.44843,-0.63694
-0.61988,0.39078,-0.48534,-0.87097,-0.07259,-0.80726,3.76561,-0.89255,-0.31063,1.03416,1.44377,-0.63277,-1.06245,0.15764,-0.64865,0.5019,-2.27029,0.35644,0.62518,0.11055,0.46151,-0.32732,-0.53039,-0.44142,-0.75079,-0.10633,3.09364,-0.30019,-0.4227,-0.13358,-0.81729,-0.87699,-0.4524,0.33688,-0.30008,1.28293,0.57355,-1.05372,0.1502,-0.65289,3.90568,-0.57008,0.51366,-0.51929,-0.26838,-0.83428,-0.92967,-0.98195,0.1002,1.12103,1.04956,1.22094,0.3633,0.15483,-0.87752,-0.27427,-0.25923,0.12341,-0.6329,-0.08684,1.95653,-0.43209,-0.36788,0.74458,-0.622,-0.56457,-0.31083,0.12771
0.2426,3.44078,1.46337,0.80869,0.56431,0.49254,-0.48803,1.23699,1.38034,0.07617,-0.59906,0.62246,-1.95553,0.14296,0.03356,-0.08771,-0.7134,1.07587,-0.15124,0.79063,1.492,-0.60937,-0.509,0.10816,-0.76981,-0.78547,-0.32479,0.0215,0.5873,0.52962,-0.81336,-0.91208,-0.66303,-0.84636,1.51132,1.81094,-1.21977,1.90354,0.46925,1.69679,-1.05234,1.87247,-0.08028,-0.14063,1.31512,1.3515,-1.43834,-0.23913,-1.40922,1.85134,0.58429,0.03919,-0.3808,0.42298,-0.47683,-0.52827,-0.7217,-0.16723,-0.80952,-0.42455,-0.33003,-0.36325,-0.47732,0.11473,-0.71903,-0.73303,-0.53049,-0.80936
0.95455,1.57121,0.21541,1.13865,0.1246,2.01267,-1.10908,1.947,0.82749,-1.0278,-0.27665,0.44479,0.84219,-3.20988,0.87737,-0.70468,-0.61495,0.51457,-1.75978,0.82858,0.58386,-0.35469,-0.78724,0.00175,-0.67891,-0.77262,-0.59522,-0.48597,-0.22541,-0.7653,-0.65264,1.98263,0.33457,-0.75261,0.98866,0.45565,-0.64753,1.48158,0.95161,2.30703,-0.59739,1.79201,-0.55358,1.58917,2.67146,2.55696,1.83105,0.62013,-0.44315,-0.6642,2.34982,-0.58231,1.11838,-0.52319,0.98214,-0.23839,-0.61721,-0.4455,-0.48765,-0.45106,-0.40654,-0.36305,-0.26415,-0.52995,-0.50831,1.49632,-0.31886,-0.69497
-1.29883,1.22736,-0.04635,-1.24858,-2.11475,-0.63015,1.60193,-0.75633,0.98301,-0.91442,0.14815,-1.68224,-0.21358,1.84709,-1.1403,-0.63721,-0.4017,0.61926,0.34508,-1.77647,-0.64282,0.11336,-0.88014,-0.99417,-0.37185,-0.47886,-0.66323,-0.85893,-0.78806,-0.5371,1.99296,0.42058,-0.43902,-0.4666,-1.30441,0.14727,1.15756,-1.46925,-1.57053,-0.95221,1.56735,-0.70276,-0.48024,-0.34311,0.08647,-0.02248,-0.79653,-0.80827,0.27007,1.00386,-0.61446,-0.21262,-0.3992,1.66645,0.15204,0.77515,-0.71763,-0.62887,-0.30125,-0.26932,-0.50092,-0.60658,-0.47153,-0.61618,0.53975,-0.23673,-0.3214,-0.35237
-0.89742,0.30372,-1.5023,-1.2997,-2.06191,-0.48113,0.25505,-0.39863,0.50982,-0.93461,-0.20653,-1.21603,-0.92762,1.16083,-0.35818,1.82065,-2.35499,-0.52154,-2.40058,-1.17475,-1.44539,0.6301,-0.32476,0.0368,-0.42784,-0.61251,-0.40891,-0.35571,-0.66398,-0.60125,-0.61039,-0.052,-0.04904,-0.89967,-0.94148,0.09664,1.04426,-1.45513,-1.31569,-0.77045,1.03072,-0.36145,-0.39413,1.57738,-0.3046,4.25423,0.68316,-1.27382,-0.463,-0.10726,1.91726,0.85541,1.23515,1.95814,0.81232,0.4257,-0.43149,-0.38615,-0.37446,-0.30695,-0.54668,-0.15284,-0.42694,-0.36951,-0.48787,-0.30805,-0.07182,-0.8257
-1.08502,-0.35853,0.55802,-1.03553,-1.28728,-0.60451,-0.27251,-0.60737,0.53455,-0.24892,0.65547,-0.39673,-1.20966,-0.99381,-1.7465,1.18936,0.09055,-2.2405,-1.37509,-2.41618,-1.80897,0.5043,0.38914,1.34307,-0.78167,-0.8515,-0.86135,-0.76809,1.04742,-0.26419,0.56649,0.62565,0.4575,-0.12219,-1.39158,-1.18414,-1.15625,-1.30585,-1.29732,-0.80842,-0.6131,-0.63326,-0.63633,-0.14764,-1.21016,-1.04718,-0.497,-0.2449,-0.93214,-0.90762,-0.47018,-0.2348,0.51545,-0.79486,0.35905,0.1861,-0.26699,0.21535,-0.75457,-0.48427,-0.71559,-0.49413,1.16063,-0.41557,0.48171,0.23555,-0.30902,-0.42065
0.06179,-0.32981,-0.19489,-0.89075,-0.46633,-0.89815,2.61396,-0.79259,-0.99635,0.75671,1.61395,-1.14032,-2.20755,-0.60292,-0.12886,-0.49742,1.6149,-0.06125,-0.92677,-2.26845,-2.39276,0.07914,-0.34407,-0.84806,-0.94756,-0.85875,-0.85632,0.72509,-0.37191,-0.43297,0.96295,1.85109,2.30815,0.61638,1.75054,0.32651,-0.30853,-0.82877,-0.75715,-0.97532,2.29272,-0.41218,-0.63025,-0.48737,0.52444,-0.26557,0.79418,-0.42836,1.43029,0.4747,-0.21584,0.50251,1.05402,-0.61259,1.38247,-0.16509,0.03687,-0.45896,-0.83129,-0.45133,-0.73887,1.58704,-0.06477,-0.42084,-0.0694,0.7899,1.65708,0.02495
-0.93991,-0.64349,-0.37854,-1.40885,-1.76098,-0.82656,-0.06988,-0.60933,-0.10296,1.22217,0.35493,-0.90139,-1.16829,0.37293,0.47571,0.28338,-2.16477,-0.22293,-0.1194,0.62789,-0.59743,0.09087,-0.17072,-0.39969,-0.79936,0.19014,-0.23838,0.63909,-0.32374,0.48615,-0.32539,-0.54952,-0.12645,-0.57123,-1.08228,-1.00314,0.50561,-1.52084,-1.20036,-0.73591,-0.13991,-0.51406,0.10789,1.30447,-1.437,0.00501,2.59573,1.11954,1.52299,1.3793,1.33685,-0.46674,0.20166,-0.60918,-0.58202,0.26464,-0.14331,-0.37623,-0.71524,0.17312,-0.49708,0.01914,-0.48737,0.21283,-0.35703,-0.58,-0.00598,-0.76231
-0.88341,-1.27511,-1.08741,-1.09214,-1.51467,-0.86089,0.53906,-0.30112,-2.36041,0.15662,-1.045,1.6084,-0.62104,0.81003,1.99161,0.99276,0.38759,0.0859,-0.18604,0.17361,1.32137,0.30126,-0.41197,3.71223,0.71984,0.83128,1.02857,-0.21818,-0.74582,0.10098,-0.73147,-0.87575,0.03873,0.14617,-1.30066,-0.20339,2.80036,-0.01837,1.25609,-0.27197,0.03624,-0.63549,2.53668,-0.33011,1.24055,0.08504,-0.27498,-0.16807,-0.73419,-0.45003,0.53892,-0.87522,-0.28341,-0.45274,-0.82162,0.40948,-0.39812,5.14686,2.39629,0.469,0.08615,-0.01643,-0.44025,0.83926,-0.49451,-0.71262,-0.19844,0.13803
1.18373,-1.04762,-0.11391,1.6942,1.53752,1.25396,0.6724,1.03952,-1.95818,1.07183,2.05061,-2.14104,0.58574,-0.08509,-0.19097,-0.26131,-1.25216,-0.11251,-2.09571,-2.58215,-1.90812,0.0078,0.4668,2.39027,-0.75181,-0.74254,-0.84158,-0.32112,-0.65681,0.68636,2.51882,0.05353,0.41838,0.47644,2.15847,-0.18027,0.67692,1.88552,0.06326,1.73249,1.08075,2.62712,0.52556,-0.03398,0.25756,-0.90552,-0.02969,-0.61836,-0.48655,-1.6467,-0.51582,-1.16794,1.64697,1.34625,-0.08083,-0.12559,0.84893,1.73116,-0.71584,-0.41983,-0.68798,-0.46319,-0.5313,1.05259,2.8675,0.70976,0.01758,-0.20654
-0.7252,-0.16467,0.49165,-0.26019,-0.21193,-0.4678,2.29052,-1.00084,-1.00314,1.31283,1.20534,-2.21065,-0.14182,-0.33205,-1.28908,1.84068,-0.0015,0.1214,-1.36976,-1.84849,-1.31,7.02728,-0.18552,-0.97653,-0.30965,-0.89335,-0.86162,-0.9015,-0.00192,-0.47751,0.40775,4.60352,-0.21929,3.61996,-0.4304,-0.21565,-0.43132,0.15781,0.39874,-0.61596,0.5498,-0.73003,-0.07372,0.34481,0.6639,-0.7166,-0.27121,-0.82354,-1.26214,-0.101,0.11145,0.76444,2.27624,0.7489,-0.57785,7.02849,0.60712,-0.69691,-0.2244,-0.48953,-0.70801,-0.66769,-0.05199,-0.27049,0.96051,5.41883,-0.4862,1.53192
-0.66598,-1.00848,-0.59042,-0.32375,0.21313,-0.62173,2.23564,-1.0322,-1.88033,1.85247,2.44868,-2.22181,-1.11915,0.41784,0.40705,0.25848,-1.64929,1.09733,0.83296,-0.77571,0.64563,-0.53386,-0.36573,0.3003,-0.72647,-0.48258,-0.46525,0.07362,1.03677,2.92323,0.24279,-0.18381,-0.42942,0.12992,0.10095,-1.12638,0.04605,0.00813,0.20542,-0.43553,2.95608,-0.77038,-0.22853,-0.98196,-1.27642,-0.13838,-0.3534,0.08672,-0.45555,-0.42271,-1.12771,0.31655,-1.0141,0.55229,1.95285,-0.49189,-0.3398,0.27197,-0.59401,-0.17632,-0.31604,0.05081,0.37934,1.17385,1.15065,0.19394,-0.27123,-0.35164
0.60377,-0.61863,-0.8693,0.33405,0.41556,0.03842,-0.81809,-0.53338,-0.12952,0.82683,-0.719,-0.4159,0.33537,1.19106,0.8426,-2.11343,-0.03025,-0.12093,1.32229,0.26024,-1.42665,-0.47184,-0.88844,-0.65996,-0.10059,0.1037,-0.28003,-0.65836,-0.70222,-0.4293,0.04119,0.09474,0.02574,-1.10601,-1.15351,-0.4737,0.30821,0.45661,0.72643,0.1167,-0.4731,-0.40845,-0.85944,-0.25469,-0.33159,-0.51238,-0.76397,-1.09191,1.24617,0.51682,0.69654,-1.55372,-0.33558,0.5194,0.86923,-0.46957,-0.7713,-0.48658,-0.32329,-0.24338,-0.52393,-0.59804,-0.52882,-0.74029,-0.15982,-0.31837,0.0525,-0.9695
-0.07021,-0.87946,-0.54734,0.08617,0.27764,0.41241,0.44491,0.17908,-1.07428,-1.46622,0.56577,0.18739,-0.01036,0.61644,-0.87735,0.75466,0.79073,-2.43767,-0.42301,-1.15127,-1.12355,-0.19867,0.17904,0.37264,0.32694,-0.19743,-0.73337,-0.65923,-0.88884,-0.57401,-0.59899,-0.06388,1.77214,-0.3075,-0.50031,0.27366,2.25189,-0.09433,-0.57477,0.84935,1.00919,-0.0791,2.51327,0.87254,-0.52446,0.60758,0.0354,1.02905,-0.24856,-1.08834,2.03083,0.39004,1.28654,1.88681,0.22771,-0.21299,-0.10574,-0.25882,-0.65062,0.20265,-0.4915,-0.5735,-0.5737,-0.50051,-0.6658,0.28965,1.56274,-0.07583
0.49212,-0.57716,0.09024,0.15307,1.07882,-0.57937,-0.37962,-0.45743,0.34683,0.17336,-0.38334,0.99831,0.82195,-0.83264,-0.247,-0.62511,0.95651,1.94522,0.123,-1.09568,0.09201,0.01713,0.16514,-0.33644,-0.29931,0.18058,0.50609,0.39997,-0.46073,0.53156,-0.07371,0.02637,0.19216,-0.41884,0.02914,-1.11191,0.05352,0.06356,1.61909,-0.65853,-0.38125,-0.70837,-0.98149,-1.67431,-0.7067,-0.23743,-0.1908,-0.85481,-1.01515,-0.68468,0.11948,0.05899,1.24679,0.36105,0.96393,0.26248,0.40154,-0.18484,-0.6407,-0.14524,0.76072,0.39908,-0.45279,0.08539,-0.24109,0.48155,0.42823,-0.46193
2.78663,-1.14737,-0.73258,2.10825,1.49438,2.10936,-0.67343,1.80098,-1.4419,0.28581,0.9933,-0.60213,0.647,-1.21586,0.51179,0.87215,0.4461,0.33847,-0.52006,-1.26678,-0.76881,-0.42604,-0.84504,-0.79204,-0.67086,-0.70086,-0.80638,-0.82283,-0.73066,5.55485,0.81528,1.23276,-0.17419,0.75344,1.06703,-0.86084,0.97238,0.72209,-0.86398,1.15366,-0.4805,1.69516,0.65663,1.00149,2.48478,1.23591,1.52407,-0.16241,-0.38337,0.79087,-1.09947,-0.26003,-0.6175,0.84663,0.14865,-0.45414,-0.82326,-0.58305,-0.60999,-0.43245,-0.71476,-0.64721,-0.45456,6.24547,0.47553,2.10066,-0.28365,1.40724
1.84324,-1.19323,-0.18555,2.27237,1.94907,1.7516,-1.20165,0.62351,-1.26647,0.68659,0.91259,0.73368,1.09399,-0.61062,0.01809,0.73736,-1.1457,1.37466,-0.6036,1.11614,1.13512,0.03913,0.75988,-0.14177,0.13323,-0.47826,2.72179,0.96595,0.97675,0.21252,-0.65128,-0.85004,-0.59524,0.76631,0.60241,-1.09741,-0.05456,-0.77635,-1.52579,-0.76932,-0.67684,0.97076,0.1426,-0.01186,1.50902,0.43634,0.00719,-0.47741,-0.42694,2.05459,0.27845,-1.56997,-0.58441,-0.30634,-0.77456,0.03907,0.68549,-0.48757,0.01125,-0.31161,3.24263,0.86866,0.48443,-0.5177,-0.69992,-0.74051,-0.47473,0.27014
0.10247,-0.5764,-0.6213,-0.40062,0.52555,-0.84756,0.46558,-0.68724,-0.2846,0.73957,0.23162,0.41326,-0.81355,-0.97193,2.5017,1.50074,0.1843,-0.72015,1.19486,0.78994,0.47049,-0.34918,0.38386,0.78181,1.83314,0.36417,-0.07336,-0.02262,0.03741,0.13706,-0.5437,-0.75019,-0.26769,-0.56168,0.55105,-0.13451,-0.00389,-0.32775,1.39238,-0.83701,-0.01091,-0.5279,-0.97453,0.41828,-0.47806,-0.16306,0.52579,0.22401,-0.88526,-0.89261,0.47192,-0.59758,-0.95651,-0.03313,-0.83878,-0.33949,-0.13257,0.94958,1.22526,0.06084,-0.12163,-0.13543,0.35277,0.46925,-0.37635,-0.47159,-0.14511,-0.52824
-0.43002,-0.81205,-1.25485,-0.18754,0.26016,-0.36184,0.28578,-0.9587,-1.12775,1.18997,1.61304,-1.33025,-1.40965,0.79388,1.70244,0.63397,0.02325,-2.24551,0.62038,1.03474,0.30197,0.76647,0.74379,0.9422,0.02245,0.21321,3.49774,0.44288,0.15508,-0.102,-0.17388,0.55434,0.10257,0.90245,0.05404,0.28066,1.94094,-0.64192,-1.8127,-0.56491,-0.03144,-0.80563,-0.00109,-1.69966,-0.94133,-1.30344,-0.68443,-0.26036,0.09916,0.39556,-0.62931,-0.09411,-0.98909,1.05653,0.16863,0.43485,-0.38396,0.8528,0.20408,-0.19897,3.45296,-0.27446,0.20797,0.11625,0.50673,2.2515,0.65957,0.52628
0.43652,0.56328,-0.0651,0.8262,1.33081,0.27291,0.06242,-0.86266,-0.25366,1.89231,2.03493,-1.70169,-0.38213,-1.80596,-0.3974,0.43609,-1.34428,1.47936,-1.21769,-0.97642,-0.78056,0.54151,1.50685,-0.46888,-0.60191,-0.15398,-0.49102,0.14649,0.35937,1.33546,1.05303,0.25727,0.06177,-0.07295,0.04191,1.27694,0.96512,-0.19369,-0.61963,-0.3838,-0.44496,-0.53332,0.82994,-0.35057,0.89586,0.07072,-0.60319,-0.06774,-0.36963,-0.81714,-1.24685,1.28896,1.61437,0.28557,-0.29957,0.50977,1.21894,-0.22341,-0.53119,0.15261,-0.23828,-0.00866,0.06231,1.93822,0.55523,-0.00756,-0.06325,-0.46317
2.36579,-0.04431,0.02049,1.24005,1.59499,0.72516,-1.31012,-0.13452,0.78964,-0.32604,-0.76177,0.06246,1.21336,1.31554,-0.90413,0.56496,0.48192,0.68204,1.04104,0.3621,0.81262,-0.4279,-0.17349,-0.41768,0.32595,0.61897,0.26122,-0.56504,-0.47643,-0.55879,0.44818,-0.18002,-0.11062,-0.76819,-0.70155,-0.47177,-0.92075,-0.14534,-0.33862,-0.63155,-1.16113,-0.49676,-0.36543,1.31755,-0.79743,-0.55768,-0.60455,-0.30673,2.33427,-1.29261,0.9699,0.61858,-1.39358,-0.99404,0.04055,-0.4474,-0.03082,-0.60461,0.34763,-0.25528,0.13474,-0.62042,-0.30702,-0.67759,0.5414,0.03942,-0.35627,-0.72261
3.16137,-0.23592,1.22308,3.54818,1.85934,4.47134,-1.48624,4.72578,-0.35566,0.5386,1.64096,-1.42594,0.12169,1.06065,-0.41795,1.6084,-0.91586,0.55865,0.54091,0.527,1.18085,-0.55174,3.28456,-0.39927,0.05803,-0.36523,0.60581,1.45664,-0.29359,-0.56121,-0.79149,-0.83798,-0.60326,0.30056,0.70224,-0.14864,-0.98788,1.09994,-1.50611,2.22868,-1.04758,1.79001,1.04355,0.43017,-0.46607,-0.38019,-0.924,-0.28109,0.42592,0.10883,0.15445,-0.8641,-1.49373,-1.47073,-0.44031,-0.49831,1.92703,-0.31389,-0.2511,-0.31537,0.20606,0.49608,-0.4926,-0.47505,-0.72457,-0.77522,-0.52088,-0.54193
0.40804,-0.2968,-2.19431,1.02514,1.32347,0.42406,-0.14939,0.80873,0.19631,-1.25042,-0.5775,0.59615,0.53259,1.04052,-0.28992,1.36279,0.27374,0.88847,0.23949,0.69787,1.1093,-0.30183,3.61671,0.4056,0.83396,0.60214,-0.33686,-0.66681,1.06004,-0.56954,-0.71445,-0.43009,-0.26699,0.23744,1.29995,0.3533,-0.49171,1.41046,2.74175,0.80096,0.12597,1.34057,0.05463,1.2668,-0.81819,-1.14901,-0.1954,-0.89744,0.58483,-0.36869,0.49552,-0.21163,-0.98972,-1.11837,-0.86507,-0.18905,4.38696,-0.18612,1.64304,0.83123,-0.01625,-0.58848,0.4285,-0.49545,-0.49498,-0.36824,-0.26392,0.39035
-0.88703,0.64921,-0.17228,-0.87435,-0.85766,-0.833,-0.86906,-0.30504,1.16546,-0.93844,-1.29966,1.12415,0.33305,0.0904,-0.38721,0.66044,0.40202,0.89244,-0.83364,0.73137,0.80853,0.00637,0.98209,-0.8667,-0.41083,-0.54068,-0.41991,0.24775,-0.84644,-0.86294,0.15657,0.07645,-0.60877,-0.80752,-1.13088,-0.3818,-0.65113,-0.9238,0.26886,-0.95849,-0.42986,-0.73553,-0.7864,-0.87906,-0.91247,-0.8658,-0.56969,-0.88696,1.35217,-0.49163,-0.98576,-0.40204,-0.83056,-0.82428,-0.98211,-0.3812,1.44779,-0.70854,-0.72808,-0.3716,-0.55109,0.44061,-0.64376,-0.76893,-0.0513,-0.16779,-0.47899,-0.07559
-0.80476,0.24244,1.21469,-0.64223,-0.58757,-0.72249,-0.3721,-0.48487,0.36372,-0.37948,-1.01804,1.10084,0.7058,-1.32292,0.15908,0.21406,0.03419,1.25817,0.4129,0.56965,1.33698,-0.53947,3.70865,-0.41305,-0.54565,-0.70346,-0.68837,5.6054,-0.5764,-0.59336,-0.62955,-0.5073,-0.63218,2.32368,-0.1459,-0.43425,-0.45667,-0.11822,0.75825,-0.78111,-0.82469,-0.69208,-0.40874,0.96259,-0.98974,-0.81122,-0.71877,-0.18222,-0.76841,2.76268,-0.07855,1.28536,-0.73404,-0.56878,0.10132,-0.45098,3.28205,-0.51528,-0.50501,-0.42285,-0.62839,5.41402,-0.39563,-0.52151,-0.47344,-0.50519,-0.50754,3.11662
1.58016,-0.7875,-0.26787,-0.15724,0.62985,-0.72911,-0.82752,-0.30259,0.31369,-0.17704,-0.75441,1.49714,-0.44006,-0.78737,-0.14751,-0.43373,1.01487,-0.857,-0.11428,-0.38309,0.52522,0.77269,-0.25461,-0.6405,-0.67098,-0.68485,0.61567,2.43105,-0.74792,-0.79664,0.13056,-0.59357,-0.12796,0.84088,2.90536,-0.94562,-0.06265,-0.34851,0.55586,-0.72739,-0.83576,-0.7175,-0.96468,-1.62754,-1.40426,-0.98478,-0.67584,-0.90172,-1.26751,-0.97173,-1.3077,-1.02375,0.64925,-0.37075,0.13384,0.50104,-0.12231,-0.51687,-0.73165,-0.43858,0.10683,3.88258,-0.48268,-0.68199,0.01298,-0.61774,-0.02135,1.63624
0.79996,-0.89454,-2.6814,-0.58914,-0.44221,-0.65015,0.45773,-0.69165,-0.6293,-0.10073,0.79113,0.33416,0.27533,-0.16062,-0.27197,-0.54272,-0.09873,0.91385,1.01035,-0.99114,-1.17293,0.36871,-0.49885,-0.50468,1.95874,-0.08814,-0.29414,-0.14298,-0.12848,-0.34366,-0.63161,0.5197,0.47905,-0.54802,1.68012,-0.05755,3.05568,-0.58427,0.8884,-0.85652,0.40353,-0.44311,0.15965,3.15937,-0.13892,2.27483,0.11203,2.10105,1.30989,-0.96962,-0.74325,-0.93471,0.43362,0.06605,-0.3436,0.36007,-0.21594,-0.40159,2.8647,-0.25362,-0.37967,-0.35955,-0.40786,-0.4327,-0.66159,-0.00074,0.59241,-0.51919
-0.43545,0.28261,0.50033,-0.99686,-1.29021,-0.74177,-0.56741,-0.05612,1.04504,-1.93574,-0.23078,1.9414,-0.58353,-0.89817,-1.33997,-1.7982,-1.51347,-2.23383,-0.51766,0.52434,0.54882,-0.24178,-0.73879,-0.46649,-0.24552,-0.21918,-0.26997,-0.69474,-0.83028,-0.0129,-0.50063,-0.1057,0.00336,-1.15131,-1.0753,-0.57425,0.00056,-1.43406,-1.25039,-0.93254,0.08483,-0.79521,-0.67351,1.76487,-0.40693,1.06006,1.87448,2.68395,-0.47409,-0.67273,-0.82662,-1.03164,-0.94323,-0.97117,2.05043,-0.49716,-0.72184,-0.41557,-0.72761,-0.16963,-0.5264,-0.56938,-0.58926,0.17735,-0.43087,0.26193,0.36402,-0.63686
