0.06526379310344826,-0.14635206896551725,-0.2381441379310345,0.1279586206896552,0.15390310344827587,0.10974689655172412,0.16706137931034482,-0.0666803448275862,-0.3496068965517241,0.14599620689655166,0.22640103448275867,-0.18820999999999996,0.0662062068965517,-0.2245158620689655,0.2617724137931035,0.20033689655172415,-0.22663448275862064,0.009260000000000025,0.02073655172413794,-0.02985724137931034,-0.13439517241379312,0.21071758620689657,-0.11808310344827583,0.09178206896551726,-0.17901931034482754,0.031029310344827556,0.14051965517241383,-0.17048551724137928,0.13383413793103446,0.2715627586206896,-0.027538275862068938,-0.016785517241379274,-0.18696551724137933,0.07876620689655175,-0.003135517241379301,0.04811379310344828,0.22079931034482758,0.05611827586206898,-0.059335862068965475,0.10728517241379311,0.2735455172413794,0.022220344827586162,0.24247620689655175,0.23260896551724142,0.19999793103448268,0.1118703448275862,0.2586048275862069,0.08957965517241373,-0.023858965517241378,0.13157517241379302,0.08377275862068961,0.09814103448275854,0.20880137931034481,0.10980620689655175,0.060306896551724144,0.21109586206896547,-0.10850448275862071,0.09492896551724138,-0.16767689655172413,0.12268517241379306,0.13717517241379312,-0.23369551724137935,0.15427517241379315,0.26371793103448277,0.04259827586206895,0.15512551724137938,-0.12932137931034482,-0.03206655172413793,0.34609275862068967,0.09152103448275863,0.05087137931034483,0.10598413793103448,0.18223999999999999,0.019247931034482756,0.042351724137931035,0.16169068965517241,0.10545758620689655,0.15250103448275862,0.09836310344827587,0.27740310344827585,0.19773172413793103,0.08642206896551724,0.04510137931034482,0.03701793103448276,0.04447586206896552,0.04572620689655173,0.07794655172413793,0.2842772413793103,0.3527034482758621,0.0931448275862069,0.0668051724137931,0.03492,0.056123448275862076,0.01673137931034483,0.028990000000000002,0.19549344827586207,0.38456172413793105,0.1089651724137931,0.11295896551724138,0.09617551724137931,0.4948410344827586,0.1416448275862069,0.08140344827586207,0.02076896551724138,0.02015689655172414,0.019041034482758623,0.0406851724137931,0.1814596551724138,0.14965275862068966,0.1397462068965517,0.12258068965517241,0.11462310344827586,0.15690206896551723,0.11927103448275862,0.10723758620689655,0.08999034482758621,0.18533827586206897,0.15366862068965517,0.14138344827586208,0.11667758620689656,0.11118413793103447,0.0913155172413793,0.08720965517241379,0.11322310344827587,0.11938103448275862,0.0568203448275862,0.06892241379310346,0.09119310344827586,0.20154310344827586,0.16947896551724137,0.14910965517241379,0.14354758620689656,0.5364024137931034,0.059629655172413795,0.02646344827586207,0.011325172413793104,0.015891724137931034,0.027446206896551726,0.07413965517241379,0.24870172413793104,0.16084310344827588,0.11825827586206897,0.13122206896551725,0.13840310344827586,0.17011275862068964,0.09291655172413793,0.0939096551724138,0.09433413793103448,0.13020275862068964,0.09157965517241379,0.0973344827586207,0.10586758620689656,0.16497137931034483,0.12049586206896552,0.14385965517241378,0.14568551724137932,0.33943172413793105,0.1635086206896552,0.1353403448275862,0.04027103448275862,0.06330068965517241,0.03980241379310345,0.07504551724137931,0.14329827586206897,0.4293396551724138,0.054884137931034485,0.035555517241379314,0.04402172413793104,0.06849172413793103,0.03040206896551724,0.09940689655172413,0.23789655172413793,0.0719855172413793,0.061810000000000004,0.0764848275862069,0.13533724137931036,0.24079655172413794,0.1582455172413793,0.15820103448275863,0.09713896551724138,0.07274241379310345,0.08608586206896551,0.1459051724137931,0.23891965517241381,0.2259606896551724,0.10812310344827586,0.07326448275862069,0.04899689655172414,0.27737137931034483,0.1831948275862069,0.10115517241379311,0.09436827586206897,0.1468955172413793,0.0396651724137931,0.06944448275862068,0.08790241379310346,279.7586206896552,-5.329070518200751e-15,hillary_clinton-andrea_mitchell14-allCL0,"[0, 2, 4, 5, 6, 9, 11, 14, 15, 17, 18, 19, 21, 23, 24, 27, 29, 31, 34, 36, 37, 38, 39, 42, 43, 44, 45, 46, 54]"
-0.2505905263157895,0.3737110526315789,0.21478315789473684,-0.2782626315789473,-0.3062852631578946,-0.30545894736842105,0.09490263157894735,-0.11311526315789475,0.27463473684210515,-0.01744526315789477,-0.2828405263157895,0.07619052631578949,-0.33355473684210524,0.04875631578947372,-0.2023236842105263,-0.5444478947368421,0.16783421052631578,-0.3459236842105262,-0.03976894736842106,-0.22485473684210522,-0.1254142105263158,-0.21517000000000003,-0.4277905263157894,-0.0747257894736841,-0.14083315789473685,0.004944210526315729,-0.2037084210526316,-0.21167894736842105,-0.051338421052631575,-0.2056278947368421,0.2711305263157894,0.14525526315789475,0.12310789473684212,-0.24953684210526314,-0.20094105263157894,0.13513368421052618,-0.0948026315789474,-0.12160842105263149,-0.1113021052631579,-0.15380999999999995,-0.10725210526315784,-0.10545263157894738,-0.09233473684210532,-0.38014000000000003,0.12307473684210525,-0.07329789473684209,-0.11789263157894742,-0.09802368421052632,-0.1321989473684211,-0.06193684210526315,0.040508421052631555,0.1455394736842105,0.09434631578947372,0.21030315789473691,0.01931736842105266,-0.17906578947368415,-0.4080763157894736,0.022859473684210475,-0.08473894736842107,-0.07291578947368421,-0.14347473684210524,-0.11821315789473685,-0.03300315789473685,-0.16919631578947375,0.16821578947368412,-0.04166368421052628,-0.0014736842105263076,-0.1708942105263158,0.37566263157894736,0.06249052631578947,0.04305368421052631,0.10611736842105263,0.2109321052631579,0.016426842105263156,0.03463052631578947,0.15068684210526315,0.1354821052631579,0.1995636842105263,0.09600578947368421,0.23706263157894736,0.17032842105263157,0.06515263157894736,0.05037052631578948,0.04602947368421052,0.040273157894736844,0.034993684210526316,0.07281947368421053,0.3372084210526316,0.3272473684210526,0.08171526315789474,0.07298210526315789,0.032759473684210526,0.05222947368421053,0.015179473684210526,0.02413578947368421,0.19363157894736843,0.3616557894736842,0.1153142105263158,0.13287,0.10498210526315789,0.5834615789473684,0.14804,0.06791315789473684,0.010217368421052631,0.010050526315789475,0.010828421052631577,0.03305421052631579,0.1364363157894737,0.13881736842105263,0.14328526315789475,0.13012526315789474,0.11540736842105263,0.14336157894736842,0.13745157894736842,0.11354684210526315,0.07800473684210527,0.15896736842105263,0.1442542105263158,0.14624421052631578,0.12502473684210527,0.1323242105263158,0.09643789473684211,0.09466631578947368,0.10208,0.0936863157894737,0.05302684210526316,0.06248684210526316,0.09199894736842106,0.18685473684210527,0.21126894736842106,0.16014736842105262,0.14052789473684213,0.6235131578947368,0.07498105263157895,0.02327684210526316,0.009818947368421052,0.013055263157894736,0.02049315789473684,0.05309263157894737,0.18176684210526317,0.15025315789473684,0.12217578947368421,0.13116842105263157,0.12908473684210525,0.1587978947368421,0.09052789473684211,0.09301684210526316,0.12497368421052632,0.13532736842105264,0.08936736842105263,0.09756105263157895,0.12030684210526316,0.15126578947368421,0.12216421052631579,0.1411878947368421,0.14281894736842105,0.30519631578947365,0.1479721052631579,0.13502526315789473,0.052874736842105266,0.10371578947368422,0.05447473684210526,0.08295368421052632,0.1177857894736842,0.46477368421052634,0.028852631578947366,0.023463157894736842,0.06203263157894737,0.07594105263157896,0.029731052631578946,0.09234263157894737,0.2228615789473684,0.06935315789473684,0.042633157894736845,0.0653121052631579,0.12717526315789474,0.24892,0.17483052631578946,0.15944315789473684,0.11233368421052632,0.08260842105263158,0.07805473684210526,0.1436721052631579,0.22035736842105264,0.23569052631578946,0.10974052631578948,0.07834315789473684,0.05153210526315789,0.29628421052631576,0.15836368421052632,0.12271368421052631,0.08653578947368422,0.1324821052631579,0.031267894736842106,0.07157631578947368,0.10077263157894736,454.0526315789474,21.578947368421055,hillary_clinton-andrea_mitchell14-allCL1,"[1, 3, 7, 8, 10, 12, 13, 16, 20, 22, 25, 26, 28, 30, 32, 33, 35, 40, 41]"
0.9462185714285716,-0.1953457142857143,-0.4082285714285714,0.5072014285714287,0.5028871428571429,0.38368714285714284,-0.650957142857143,0.5165485714285714,0.2634085714285714,-0.37622142857142854,-0.2827557142857143,0.4698514285714286,0.39168000000000003,0.17660000000000003,-0.32280142857142846,0.4906,0.17030714285714285,0.6195171428571429,0.32810999999999996,0.21625142857142848,0.6572242857142856,-0.09616714285714283,1.5235800000000002,-0.4051828571428571,0.22131714285714288,-0.16589285714285718,-0.036654285714285716,1.1951442857142855,-0.2870314285714286,-0.6123057142857142,-0.2902557142857143,-0.27897285714285713,-0.2672471428571429,0.22554714285714286,0.6584771428571429,-0.29804714285714284,-0.07358714285714278,0.05575142857142855,0.4811985714285715,-0.13220285714285715,-0.5385028571428572,0.006514285714285709,-0.18106,0.6614114285714285,-0.7895828571428573,-0.3534071428571428,-0.5108885714285714,-0.19358714285714296,0.5673085714285715,-0.17468142857142865,-0.21362714285714288,-0.2188985714285714,-0.62268,-0.7544142857142856,-0.33648285714285714,-0.1579757142857143,1.5249657142857145,-0.4638428571428571,0.3770757142857143,-0.1751528571428571,-0.16110999999999998,1.237834285714286,-0.3287214285714285,-0.5790314285714285,-0.26449999999999996,-0.34221428571428575,-0.22236285714285708,0.46912714285714296,0.6284042857142857,0.07275999999999999,0.05176571428571428,0.22353714285714285,0.5856071428571428,0.009434285714285714,0.01590142857142857,0.26973714285714284,0.3048,0.21106142857142857,0.08796999999999999,0.36720142857142857,0.7301285714285715,0.03067571428571428,0.03783428571428571,0.08747142857142857,0.11447857142857143,0.049575714285714285,0.05992571428571429,0.5327442857142857,0.8579399999999999,0.06634285714285715,0.09236285714285714,0.08377285714285714,0.4649457142857143,0.09214,0.027105714285714285,0.3807828571428571,0.46801000000000004,0.06791857142857143,0.09396714285714286,0.2622757142857143,1.1774142857142857,0.11108285714285715,0.05443428571428571,0.02347857142857143,0.03378857142857143,0.010244285714285716,0.01936285714285714,0.4273342857142857,0.4557428571428571,0.41063571428571427,0.3477242857142857,0.12025428571428572,0.10075285714285714,0.08645714285714284,0.1423842857142857,0.1931842857142857,0.27145,0.32130714285714285,0.36750000000000005,0.21828857142857144,0.20412285714285716,0.11626857142857143,0.15860857142857143,0.19959571428571427,0.7589428571428571,0.04902142857142858,0.020204285714285716,0.029900000000000003,0.08181428571428573,0.12093857142857142,0.2753214285714286,0.5209985714285714,1.1499942857142857,0.10011428571428571,0.04534714285714286,0.015677142857142855,0.03486285714285715,0.04060571428571429,0.059171428571428576,0.41137142857142855,0.3659257142857143,0.2897128571428571,0.2866942857142857,0.17568571428571428,0.15348714285714285,0.13597571428571428,0.2577828571428571,0.19187857142857145,0.32185571428571425,0.18421000000000004,0.17938571428571431,0.07658857142857142,0.1462757142857143,0.2165814285714286,0.42633857142857146,0.30590142857142855,0.8170600000000001,0.08438285714285713,0.08222142857142858,0.08843714285714285,0.10683999999999999,0.06456428571428571,0.20898,0.4046571428571429,0.8114057142857143,0.038675714285714285,0.022557142857142855,0.18336285714285716,0.41623571428571426,0.0426,0.06430428571428572,0.27799714285714283,0.17422142857142858,0.08244571428571427,0.10221285714285713,0.6257542857142857,0.5035242857142858,0.10952285714285714,0.15581571428571428,0.10364,0.11406714285714284,0.06172428571428572,0.06837571428571429,0.49505857142857146,0.9436028571428572,0.06442714285714285,0.06956285714285713,0.04031571428571428,0.5298471428571428,0.06593000000000002,0.06682714285714286,0.29958428571428575,0.5270642857142857,0.032984285714285716,0.04861857142857143,0.2862814285714286,17.0,0.0,hillary_clinton-andrea_mitchell14-allCL2,"[47, 48, 49, 50, 51, 52, 53]"
0.10102857142857152,-0.751712142857143,0.42207571428571417,0.5506635714285715,0.5196842857142857,0.5880257142857143,0.08734214285714284,0.35728000000000004,-0.7385314285714285,0.41058071428571424,0.8060299999999999,-0.3546685714285714,-0.6302435714285715,0.32074,0.27006857142857144,0.6169600000000002,0.47764999999999996,0.12688499999999997,0.4154071428571428,0.044169285714285716,0.3418864285714286,-0.36758857142857154,0.42432357142857147,0.39178285714285715,0.9583428571428572,-0.14787428571428568,-0.28427642857142854,0.3880678571428572,0.4145471428571429,0.18138500000000007,0.2521485714285714,0.48499642857142855,0.008057857142857165,0.58099,0.16520857142857134,-0.5962907142857143,-0.27962428571428566,0.5253592857142857,0.2464642857142858,0.5074564285714286,0.15152857142857146,0.4067085714285714,-0.1549535714285714,-0.31282857142857146,0.0966057142857143,-0.0813614285714286,0.17418499999999998,-0.09235071428571431,-0.3943578571428571,-0.11845785714285714,0.15472285714285722,-0.2685685714285715,-0.3384664285714285,-0.334465,-0.48199714285714296,-0.24179928571428574,0.4330742857142856,0.3055914285714285,0.817802857142857,-0.048957142857142845,-0.24680214285714283,0.2712414285714285,0.17041571428571428,-0.14826285714285714,0.042540000000000064,0.3420292857142857,0.09339999999999997,0.2502278571428571,0.4334328571428571,0.08479928571428572,0.03866571428571428,0.16981214285714286,0.2609757142857143,0.023880714285714286,0.045835,0.22831285714285715,0.17695,0.12067928571428571,0.09519928571428571,0.35347142857142855,0.36734214285714295,0.04637785714285714,0.05535357142857143,0.07034071428571428,0.05799928571428571,0.051112142857142856,0.07257714285714285,0.3381742857142857,0.5983235714285714,0.0655842857142857,0.05920857142857143,0.04273285714285715,0.16925571428571426,0.022729285714285716,0.02641357142857143,0.22475,0.3356321428571429,0.11073571428571428,0.18295214285714284,0.21324357142857142,0.7053621428571428,0.10913642857142858,0.08125214285714286,0.037885714285714286,0.043535000000000004,0.037466428571428574,0.05828285714285714,0.21279357142857142,0.2940292857142857,0.19853214285714288,0.17572071428571429,0.09870142857142858,0.12280428571428571,0.11107142857142857,0.12169428571428571,0.16315714285714286,0.16602142857142857,0.16519357142857144,0.1980735714285714,0.1641392857142857,0.1727,0.11905785714285715,0.15537571428571428,0.14515428571428574,0.3155635714285714,0.07059071428571428,0.06931142857142858,0.06713928571428572,0.08249071428571428,0.08565,0.21016642857142856,0.38480214285714287,0.6209921428571429,0.06423142857142858,0.038965,0.020316428571428572,0.031515714285714286,0.03409285714285715,0.07435214285714285,0.4012514285714286,0.20431357142857143,0.18156,0.21446428571428572,0.18653857142857144,0.13841142857142857,0.11258357142857142,0.13936785714285715,0.1084707142857143,0.2198692857142857,0.14853714285714287,0.17103785714285716,0.11582428571428571,0.14441,0.122265,0.19874857142857144,0.1650207142857143,0.5286221428571429,0.10751785714285715,0.07786785714285713,0.041074285714285716,0.04811785714285714,0.045034285714285714,0.14860142857142858,0.2888757142857143,0.53957,0.032787857142857146,0.021361428571428573,0.10211071428571426,0.16966071428571428,0.04452071428571429,0.13201857142857143,0.24368642857142858,0.10392142857142857,0.07171285714285713,0.12048142857142857,0.3315378571428571,0.3986207142857143,0.07318642857142857,0.10928285714285714,0.07696642857142857,0.08555357142857144,0.08330214285714285,0.14772428571428572,0.35135785714285717,0.44722071428571425,0.05628214285714286,0.06712928571428571,0.047140714285714286,0.4238385714285714,0.10311071428571428,0.08858071428571429,0.17439642857142856,0.2687692857142857,0.02218785714285714,0.04205428571428571,0.1627742857142857,127.7857142857143,0.0,hillary_clinton-andrea_mitchell12-allCL0,"[0, 1, 2, 3, 4, 5, 6, 7, 9, 10, 12, 25, 36, 42]"
0.21965333333333334,0.06408555555555555,0.07794333333333334,0.03988000000000003,-0.11401111111111112,0.15866555555555556,-0.3412988888888888,0.35825222222222225,0.4138233333333334,-0.5320466666666667,-0.5380955555555553,0.2996666666666668,0.38764777777777776,-0.23472111111111105,-0.14624888888888887,-0.29732000000000003,-0.25470222222222216,0.15890666666666664,-0.9025288888888889,-1.0687644444444444,-0.38651222222222226,0.9116477777777776,0.33141444444444446,-0.3095655555555556,-0.37511888888888895,-0.43379444444444437,-0.46185999999999994,-0.4023877777777778,-0.28847555555555554,-0.09150222222222222,0.12033222222222224,-0.278,-0.014814444444444505,-0.46734555555555557,0.2074411111111111,-0.2386077777777778,-0.26283777777777784,0.11685333333333331,-0.05745222222222218,0.18948333333333336,-0.4735599999999999,0.14066444444444445,-0.2739488888888889,-0.45409444444444447,-0.20934555555555553,-0.2333455555555556,-0.24758,-0.16027999999999998,-0.028301111111111096,-0.46698666666666666,0.030937777777777734,-0.15602444444444447,0.15149444444444443,0.42627111111111105,0.37081222222222227,0.8478766666666667,0.40889555555555557,-0.21682222222222228,-0.30552777777777773,-0.36705555555555563,-0.4541777777777778,-0.38378555555555555,-0.27220333333333335,-0.19180777777777774,0.27330111111111116,-0.3204866666666667,-0.04352777777777777,-0.5511411111111112,0.34504222222222225,0.08452666666666667,0.030774444444444445,0.10643777777777777,0.1668188888888889,0.025212222222222223,0.043521111111111115,0.19766777777777778,0.08415444444444445,0.13626777777777777,0.07960777777777778,0.31858888888888887,0.19834333333333334,0.07607222222222222,0.06571666666666666,0.041253333333333336,0.031022222222222222,0.027497777777777774,0.07778,0.3074588888888889,0.44332,0.05628222222222223,0.037907777777777776,0.018729999999999997,0.06003111111111111,0.013517777777777778,0.01967666666666667,0.17847777777777776,0.3341544444444444,0.10943,0.14801111111111112,0.1367077777777778,0.5498011111111111,0.1570777777777778,0.04695222222222222,0.027551111111111113,0.032622222222222226,0.026472222222222223,0.04137333333333333,0.11814666666666665,0.15453,0.12688555555555556,0.13734888888888888,0.10558777777777778,0.11689888888888889,0.12885555555555556,0.11190666666666667,0.11798333333333333,0.10563,0.09959333333333334,0.1081388888888889,0.15100555555555556,0.20076333333333332,0.13648,0.09755777777777777,0.10082888888888888,0.12393333333333334,0.05663222222222222,0.05680111111111111,0.07115888888888888,0.12560666666666667,0.15363666666666667,0.20510111111111112,0.2071311111111111,0.5159577777777777,0.056481111111111114,0.026255555555555556,0.012623333333333334,0.01526,0.03426666666666667,0.06267222222222223,0.2764844444444444,0.1377377777777778,0.11175888888888888,0.1351322222222222,0.16035666666666668,0.17242333333333332,0.08335666666666668,0.10742,0.09181222222222223,0.13909333333333332,0.12191888888888888,0.11162111111111112,0.08692222222222222,0.1386822222222222,0.13047777777777778,0.1436811111111111,0.1276011111111111,0.3401166666666667,0.17638333333333334,0.12846222222222223,0.03881333333333333,0.051865555555555554,0.031765555555555554,0.07128999999999999,0.16129555555555555,0.4591044444444444,0.018982222222222223,0.011005555555555555,0.03468555555555555,0.06576444444444443,0.017697777777777778,0.13490444444444444,0.25785888888888886,0.05046222222222222,0.04376666666666666,0.08559222222222222,0.20860222222222222,0.31675,0.12941666666666668,0.09633555555555556,0.06907222222222223,0.09109,0.11223888888888889,0.14763555555555555,0.22489333333333333,0.21612666666666663,0.08624333333333334,0.06498222222222222,0.056785555555555554,0.33780333333333334,0.10985333333333333,0.08372333333333333,0.07779222222222223,0.19660333333333332,0.025238888888888887,0.06126555555555556,0.10771666666666667,510.11111111111114,-4.440892098500626e-16,hillary_clinton-andrea_mitchell12-allCL1,"[14, 18, 22, 24, 28, 34, 45, 46, 48]"
-0.14576218749999997,0.18378406249999996,-0.06142999999999994,-0.23543125,-0.16029312500000006,-0.26466437500000006,-0.017015625000000013,-0.22620906250000009,0.1420475,0.004141874999999996,-0.13929999999999998,0.06518312500000001,0.17028875000000002,-0.09785125000000001,-0.02659843750000002,-0.05508781249999989,-0.17387562499999995,-0.20502593750000003,0.0806815625,0.29465093750000004,0.04562937499999996,-0.04479687500000003,-0.3351196875,-0.014009999999999974,-0.20375500000000007,0.30352749999999995,0.21252468749999995,-0.26815406249999996,-0.18860624999999995,-0.14104843749999996,-0.1510553125,-0.11960124999999994,0.11853406249999998,-0.14444062499999993,-0.07602812500000003,0.2782362499999998,0.12910718749999997,-0.20245124999999992,-0.057399062499999945,-0.23286468750000006,-0.1531621875,-0.17320093749999996,0.12418843750000004,0.19772968749999992,-0.04644718750000003,0.11086000000000003,0.050802499999999993,0.19017718749999998,0.07097218749999999,0.05837062499999998,-0.07716562499999997,0.1915846875,0.0038143750000000295,0.021320000000000026,0.11540843749999996,-0.074655,-0.33247375000000007,-0.0083209375,-0.17123687499999998,0.21442656249999997,0.23046156250000005,-0.16871593749999997,-0.1438190625,-0.07642374999999998,-0.10848999999999998,-0.0685365625,0.07649468749999998,0.04020656250000001,0.376205,0.0795225,0.0294790625,0.1280871875,0.153014375,0.0226653125,0.0459875,0.16503968749999998,0.1209003125,0.1225659375,0.0782715625,0.29521593749999997,0.1915528125,0.078671875,0.0606346875,0.052185,0.0346821875,0.035664375,0.0870996875,0.2955865625,0.40981531250000003,0.06162375,0.04849875,0.027027812499999998,0.0526303125,0.012680312499999999,0.021058125,0.1712996875,0.35938125,0.1184815625,0.1493115625,0.115155625,0.5420590625,0.1306040625,0.0512165625,0.02139875,0.025833750000000003,0.028635,0.0540253125,0.14622531249999998,0.16971875,0.1305053125,0.12559281249999998,0.1072475,0.12899625,0.11626625,0.1144415625,0.107229375,0.13674875,0.119055625,0.11308875,0.1360465625,0.1601278125,0.1198621875,0.1039659375,0.11110468750000001,0.1390775,0.0604953125,0.069218125,0.09578687500000001,0.138716875,0.1462853125,0.1686425,0.1817740625,0.539896875,0.0501365625,0.021347500000000002,0.0097996875,0.0185884375,0.030608125,0.06696375,0.26265875,0.1618921875,0.105355,0.1259196875,0.146598125,0.1576546875,0.08199624999999999,0.1028303125,0.117753125,0.1264296875,0.108866875,0.10359062499999999,0.1178678125,0.16231,0.1090196875,0.1496153125,0.1222965625,0.3502796875,0.1742946875,0.12934,0.0377884375,0.048418749999999997,0.036824375,0.0778396875,0.1452146875,0.5055209375,0.017753125,0.0144240625,0.04131125,0.092229375,0.027505625,0.10004031249999999,0.201215625,0.0699215625,0.047736875,0.0832896875,0.17120531249999998,0.23847375,0.1185571875,0.14379125,0.1270253125,0.073484375,0.081025625,0.169813125,0.2719625,0.2446303125,0.06485625,0.0560503125,0.038176875,0.3033534375,0.1130159375,0.0917434375,0.10796625,0.1830909375,0.034570000000000004,0.06376562499999999,0.1024921875,298.34375,6.40625,hillary_clinton-andrea_mitchell12-allCL2,"[8, 11, 13, 15, 16, 17, 19, 20, 21, 23, 26, 27, 29, 30, 31, 32, 33, 35, 37, 38, 39, 40, 41, 43, 44, 47, 49, 50, 51, 52, 53, 54]"
0.18160285714285712,0.3737278571428571,0.25690071428571426,-0.02548571428571431,-0.08518857142857142,-0.02041500000000001,-0.27088357142857145,-0.04942500000000001,0.5871714285714287,-0.22479642857142856,-0.08394500000000003,-0.32720000000000016,0.09246071428571431,0.23956500000000006,-0.3581507142857143,0.1882007142857143,0.07477785714285716,-0.11331714285714287,0.41675785714285707,0.12713785714285708,-0.028566428571428618,-0.24349285714285712,-0.32809785714285705,-0.27188071428571425,0.04367142857142853,0.3563700000000001,0.04385428571428576,-0.17421571428571433,-0.39796785714285715,-0.3934428571428571,-0.44221857142857135,-0.2467214285714286,0.43909642857142855,-0.1929107142857143,0.19833571428571428,0.22911142857142863,-0.283545,-0.023858571428571437,0.6057064285714285,-0.24048071428571433,-0.5266392857142858,-0.16711857142857145,-0.17771357142857142,0.1406778571428572,-0.3205521428571429,-0.026163571428571453,-0.19756785714285713,-0.15336999999999998,0.26952785714285715,-0.16181214285714285,0.14888357142857145,0.3672664285714285,-0.2507192857142857,0.08271999999999993,-0.2784371428571429,-0.24847000000000002,-0.3652714285714286,-0.3356457142857142,0.03935285714285711,0.19349285714285713,0.17893142857142863,-0.17054428571428573,-0.3301571428571429,-0.30708928571428573,-0.3809692857142857,-0.346405,0.30118714285714276,0.05903714285714293,0.3908378571428571,0.077195,0.02202857142857143,0.10363785714285714,0.16236428571428574,0.02097,0.049544285714285714,0.17342642857142856,0.10032285714285714,0.11918285714285715,0.08356,0.39334785714285714,0.18137928571428572,0.05103571428571429,0.039645714285714284,0.03152785714285714,0.03504928571428571,0.030295714285714287,0.08416714285714286,0.24092357142857143,0.4851064285714286,0.05483857142857143,0.04464,0.02498142857142857,0.061008571428571426,0.01497214285714286,0.019019285714285714,0.16673642857142856,0.3134757142857143,0.10535142857142857,0.1840892857142857,0.13534857142857143,0.50291,0.09747785714285714,0.04666357142857143,0.03466071428571428,0.05358857142857143,0.03952357142857143,0.07155642857142858,0.15361785714285714,0.1515914285714286,0.13063214285714286,0.12069357142857143,0.09100571428571429,0.13425714285714285,0.1250557142857143,0.11842428571428572,0.12834285714285715,0.08681642857142857,0.09284285714285714,0.12581714285714285,0.18514142857142857,0.19906785714285713,0.1382742857142857,0.10426142857142857,0.06777357142857143,0.20288357142857139,0.07997785714285714,0.06755428571428572,0.054385,0.089215,0.10558071428571429,0.1856485714285714,0.214755,0.6025435714285714,0.05171214285714286,0.025349285714285713,0.008971428571428571,0.01421,0.012801428571428571,0.05088142857142857,0.23353285714285715,0.12462357142857143,0.10463357142857144,0.15387785714285715,0.15762071428571428,0.15678928571428571,0.09599714285714286,0.10001928571428571,0.10643428571428572,0.1544392857142857,0.11437142857142857,0.12460785714285715,0.10947642857142857,0.15456642857142858,0.10801857142857144,0.14224285714285714,0.09227857142857143,0.32801642857142854,0.143225,0.11345857142857144,0.04901642857142857,0.06271571428571429,0.034830714285714284,0.08660499999999999,0.18213,0.5135971428571429,0.016892142857142856,0.010744285714285713,0.025905000000000004,0.09964142857142858,0.03397142857142857,0.10176714285714286,0.1974807142857143,0.06482071428571429,0.05138642857142857,0.10054214285714286,0.18887214285714282,0.23757285714285714,0.09570857142857143,0.15961357142857144,0.10148285714285715,0.08204571428571429,0.09368928571428571,0.20216571428571428,0.24731071428571427,0.20131714285714283,0.06157785714285714,0.057434285714285715,0.05445785714285714,0.31819142857142857,0.10508214285714286,0.09130357142857143,0.09619214285714285,0.18747285714285714,0.025102857142857146,0.057617857142857144,0.11903714285714286,415.92857142857144,24.14285714285714,hillary_clinton-andrea_mitchell15-allCL0,"[1, 5, 7, 8, 11, 12, 13, 27, 29, 33, 36, 46, 48, 49]"
0.16798999999999997,-0.4427676923076922,-0.17495076923076922,0.36763307692307695,0.541,0.07675923076923082,0.019265384615384632,-0.02554230769230767,-0.4479853846153846,-0.014880769230769197,0.07105076923076922,0.2797630769230769,-0.34610230769230776,-0.17941384615384617,0.2586515384615384,0.18426000000000003,-0.2955653846153847,-0.14595384615384616,-0.3993661538461538,-0.17491153846153848,-0.06106384615384618,0.22345076923076934,-0.17086461538461542,0.4115553846153845,0.42290538461538457,-0.19617307692307692,-0.36503153846153846,-0.3532438461538462,-0.08909076923076924,0.17803000000000005,0.6239453846153845,0.4195376923076922,-0.35889538461538456,0.3477053846153847,-0.0994384615384615,-0.0776515384615385,0.058365384615384666,-0.05512230769230768,-0.4280961538461538,0.007327692307692264,0.27787153846153856,0.00021923076923077798,-0.04165846153846151,-0.22398153846153845,-0.03404153846153843,-0.05649230769230769,0.24333461538461537,0.20203076923076918,-0.2029746153846153,0.2700892307692307,0.010168461538461508,-0.13749692307692307,0.10138307692307692,-0.024709999999999906,-0.023225384615384655,0.25124230769230765,-0.17350461538461542,0.29408230769230775,0.37593923076923075,-0.25981538461538467,-0.3327538461538461,-0.3062092307692308,-0.018745384615384653,0.03126692307692308,0.5610484615384617,0.47226230769230776,-0.36700538461538457,0.09598769230769229,0.6202507692307693,0.07476538461538462,0.044926153846153845,0.24558153846153846,0.4632846153846154,0.010373846153846154,0.01978230769230769,0.21333999999999997,0.2224553846153846,0.17017615384615384,0.05087230769230769,0.3971807692307692,0.6717161538461538,0.027380769230769226,0.03568307692307692,0.11684384615384616,0.09427538461538462,0.05031307692307692,0.062069230769230765,0.42573384615384613,0.8413061538461538,0.049786923076923076,0.07498153846153846,0.09383846153846154,0.4002,0.05726153846153846,0.021732307692307693,0.26957615384615385,0.5176569230769231,0.060626923076923064,0.10708692307692308,0.25816692307692307,1.0370123076923077,0.10504384615384615,0.06858615384615385,0.02327076923076923,0.028153076923076923,0.01706076923076923,0.029823076923076924,0.38335769230769234,0.4716946153846153,0.34139153846153847,0.21732692307692308,0.08574615384615385,0.12433230769230769,0.09623307692307692,0.12573923076923077,0.22984076923076924,0.18982307692307693,0.2044530769230769,0.29382846153846154,0.2466930769230769,0.19678538461538464,0.15141076923076924,0.23338384615384616,0.17592923076923073,0.7938761538461538,0.06368384615384616,0.03399384615384615,0.02543615384615385,0.037487692307692305,0.08804538461538462,0.2350976923076923,0.4146869230769231,0.8823953846153847,0.09663461538461539,0.05429384615384615,0.025249999999999998,0.036893076923076924,0.042995384615384616,0.062314615384615385,0.4915307692307692,0.28779769230769237,0.24233692307692306,0.23349615384615385,0.15239615384615385,0.18431384615384616,0.16075538461538463,0.22771230769230769,0.20349846153846152,0.26514000000000004,0.2974169230769231,0.27821307692307695,0.10987,0.16131384615384614,0.17331923076923075,0.25878999999999996,0.14824307692307692,0.7879492307692308,0.05080615384615385,0.07433153846153846,0.07455076923076923,0.0701423076923077,0.04983923076923077,0.18843153846153848,0.39625692307692306,0.7386023076923077,0.03376692307692307,0.019067692307692306,0.20524692307692305,0.31365692307692306,0.04155,0.06184615384615385,0.27856846153846154,0.1350107692307692,0.06255384615384615,0.06402692307692308,0.5895838461538461,0.5413407692307692,0.07794461538461538,0.13709538461538462,0.08475153846153846,0.0954523076923077,0.05623923076923078,0.0759723076923077,0.4014992307692308,0.8961446153846153,0.05191307692307692,0.07377461538461538,0.04131384615384615,0.5296876923076923,0.07247615384615386,0.06816384615384616,0.2715830769230769,0.4019753846153846,0.027193846153846152,0.04736153846153846,0.27386769230769226,26.307692307692292,-1.7763568394002505e-15,hillary_clinton-andrea_mitchell15-allCL1,"[16, 17, 18, 19, 20, 21, 22, 38, 50, 51, 52, 53, 54]"
-0.07599250000000002,0.1288296428571428,-0.01771714285714284,-0.10051178571428565,-0.1629689285714287,-0.0158525,0.15426892857142852,0.04792392857142852,-0.018266428571428593,0.08474142857142869,-0.061332499999999984,0.1361596428571428,0.1493314285714286,-0.06319107142857144,0.1842832142857143,-0.23794357142857156,0.08467785714285717,0.10466821428571427,0.05956285714285717,0.03688642857142856,0.23425107142857143,0.04402535714285713,0.19847214285714285,-0.03980678571428572,-0.15053535714285712,0.04579107142857143,0.21069892857142855,0.2586878571428571,0.20571321428571426,-0.07209428571428571,-0.2866575,-0.23619142857142855,-0.03545392857142864,-0.09512392857142858,-0.03342678571428565,0.08661821428571427,0.026286785714285638,0.06358178571428569,-0.06558607142857142,0.12858964285714283,0.18177142857142856,0.09849857142857135,0.1538771428571428,0.06963785714285717,0.18990321428571427,0.0674271428571429,0.12498785714285715,0.025274999999999995,0.0324592857142857,0.018889999999999962,0.030481071428571423,-0.03985714285714287,0.1008296428571429,-0.06406821428571435,0.08659857142857154,0.0425082142857143,0.22865392857142855,-0.01579464285714284,-0.16447928571428572,0.12084535714285714,0.09277214285714279,0.2258142857142857,0.18685678571428568,-0.0075635714285714195,-0.2557371428571428,-0.28121964285714285,0.09126321428571424,-0.055373928571428546,0.3963557142857143,0.07845892857142858,0.03413107142857143,0.09926821428571428,0.17977642857142856,0.016431785714285715,0.03381714285714286,0.16175892857142857,0.10459857142857143,0.13860214285714287,0.07842642857142858,0.3181414285714286,0.2127282142857143,0.07437035714285714,0.04231392857142857,0.03081857142857143,0.037989999999999996,0.03666035714285714,0.08531178571428571,0.27631,0.4203325,0.060018214285714286,0.05256285714285715,0.030813214285714284,0.06951750000000001,0.016246785714285717,0.023920357142857143,0.16533928571428572,0.38766607142857146,0.09652714285714285,0.12609857142857142,0.1146825,0.5323982142857143,0.1062825,0.055355714285714286,0.024940357142857143,0.031955000000000004,0.025094285714285715,0.06056321428571428,0.16341071428571427,0.13135035714285714,0.1340567857142857,0.13027785714285714,0.11987785714285715,0.1807882142857143,0.10724535714285714,0.10432357142857143,0.09207857142857143,0.13149214285714286,0.12524392857142858,0.13381642857142856,0.15996214285714286,0.1562167857142857,0.11097928571428572,0.10233892857142857,0.07995035714285714,0.1601760714285714,0.06485321428571428,0.06939857142857143,0.07460392857142857,0.1614875,0.14769464285714287,0.16307285714285713,0.15870964285714284,0.5939432142857143,0.06270571428571428,0.021953928571428576,0.009141071428571429,0.011542499999999999,0.012154642857142857,0.04356357142857143,0.24499357142857142,0.12709607142857143,0.10838964285714286,0.14589785714285713,0.15426535714285713,0.16511892857142857,0.10058964285714285,0.09718642857142856,0.10145535714285714,0.14510678571428573,0.1004532142857143,0.10310392857142858,0.11764678571428572,0.16213214285714286,0.1102925,0.14149107142857142,0.11977428571428571,0.3405875,0.11211571428571429,0.11131714285714285,0.05143142857142857,0.07675142857142857,0.04320178571428571,0.09219178571428571,0.17240214285714286,0.46465214285714285,0.023219285714285713,0.015601785714285716,0.04466464285714286,0.07438571428571429,0.040406785714285715,0.10438214285714285,0.23268678571428572,0.06939642857142857,0.050815714285714284,0.08930785714285715,0.18543214285714285,0.236085,0.13781607142857144,0.14091964285714287,0.09022821428571429,0.07782571428571429,0.08890571428571428,0.17783000000000002,0.2562392857142857,0.1936907142857143,0.08670535714285714,0.06844142857142857,0.05036142857142857,0.3155578571428571,0.11714000000000001,0.09811571428571429,0.104795,0.17361107142857143,0.03246285714285714,0.06192785714285714,0.0963892857142857,218.92857142857142,11.535714285714283,hillary_clinton-andrea_mitchell15-allCL2,"[0, 2, 3, 4, 6, 9, 10, 14, 15, 23, 24, 25, 26, 28, 30, 31, 32, 34, 35, 37, 39, 40, 41, 42, 43, 44, 45, 47]"
-0.26347722222222225,-0.8312733333333333,0.02651444444444436,-0.18774888888888888,0.024284444444444435,-0.21933000000000002,0.3337677777777778,-0.35031111111111113,-0.7677216666666669,0.3036533333333333,0.6757077777777778,-0.11929166666666667,-0.10250999999999998,0.10815055555555554,0.13732222222222218,-0.005534444444444467,0.12015666666666665,0.19839333333333337,0.16889055555555554,0.17822888888888894,0.2383472222222222,0.07101833333333332,-0.14586111111111116,-0.16887499999999994,-0.1502105555555555,-0.023182222222222174,0.43424055555555535,0.5166294444444445,0.38416555555555554,0.49230500000000005,0.29896,0.09075722222222225,0.13874166666666665,0.5535472222222221,-0.29151,-0.7098505555555555,-0.16921055555555561,-0.2447438888888889,-0.4060149999999999,-0.21878,0.22330555555555545,-0.20148833333333332,0.25559333333333334,0.2635827777777777,0.252818888888889,0.07054944444444447,-0.20031055555555558,-0.19233055555555556,-0.4831572222222221,-0.19849722222222224,-0.4483738888888889,-0.20555666666666675,-0.2235327777777778,-0.1948472222222222,-0.2937477777777777,0.16246333333333343,-0.03368500000000001,-0.2423383333333332,-0.12417444444444445,0.041648888888888944,0.42445555555555553,0.5417000000000001,0.3242894444444444,0.5106427777777779,0.31312555555555555,0.06985944444444443,0.26841944444444443,0.20514833333333343,0.5874233333333334,0.11641333333333333,0.06439666666666667,0.21344888888888888,0.3986877777777778,0.009922222222222221,0.020777777777777777,0.25560055555555555,0.28193555555555555,0.16027555555555556,0.06095388888888889,0.401705,0.5627966666666667,0.03403722222222222,0.047073333333333335,0.11788666666666667,0.11280666666666667,0.060615555555555554,0.06457055555555555,0.3761388888888889,0.8218927777777778,0.06943277777777777,0.08417277777777778,0.07703555555555555,0.38234666666666667,0.02643666666666667,0.021914444444444445,0.25768944444444447,0.5111272222222223,0.05982777777777778,0.140595,0.2667288888888889,0.9827038888888889,0.124505,0.05670166666666667,0.020371666666666666,0.022008333333333335,0.013592222222222224,0.041175555555555556,0.40560944444444447,0.3504522222222222,0.2771416666666667,0.22133111111111112,0.16847833333333334,0.19029944444444444,0.10760333333333333,0.13798,0.21337833333333334,0.21321055555555554,0.21933388888888888,0.231935,0.1633188888888889,0.22847388888888887,0.18587944444444446,0.24281111111111112,0.1817022222222222,0.65697,0.04834611111111112,0.043094999999999994,0.04885777777777777,0.07399722222222221,0.13242055555555554,0.21801833333333334,0.4449616666666667,0.8851233333333333,0.10106333333333334,0.057320555555555555,0.025230555555555555,0.03255444444444444,0.03489944444444444,0.06106,0.46941333333333335,0.271695,0.2238977777777778,0.18714444444444445,0.11615277777777777,0.1862777777777778,0.1722288888888889,0.2953133333333333,0.21395611111111112,0.2929761111111111,0.28003999999999996,0.18881,0.12118333333333334,0.17010444444444445,0.16942222222222222,0.2654238888888889,0.17870222222222223,0.7772533333333334,0.08257444444444445,0.082565,0.05042944444444444,0.05178722222222222,0.055685,0.1782811111111111,0.38809166666666667,0.6337555555555556,0.0251,0.022115555555555555,0.19145111111111113,0.31510444444444446,0.05546222222222222,0.09028444444444444,0.33338944444444446,0.13565777777777777,0.06990111111111111,0.0943361111111111,0.4729261111111111,0.5327122222222223,0.10128055555555555,0.15189333333333332,0.10795944444444444,0.08118,0.06235888888888888,0.10928055555555555,0.4765572222222222,0.7361411111111111,0.06218777777777778,0.08868000000000001,0.050278333333333335,0.5238327777777778,0.09547277777777778,0.082735,0.2769788888888889,0.37781,0.03380611111111111,0.05009555555555556,0.22593333333333332,38.77777777777783,0.0,hillary_clinton-andrea_mitchell13-allCL0,"[0, 20, 21, 22, 26, 27, 28, 29, 30, 31, 34, 38, 39, 40, 41, 42, 43, 44]"
0.15973352941176477,0.4461482352941177,0.17303823529411758,-0.16768411764705882,-0.22072764705882353,-0.14919235294117644,-0.45399352941176463,-0.013944117647058829,0.6797652941176469,-0.17200705882352937,-0.8397247058823532,0.2762811764705882,0.10244470588235294,-0.3091641176470589,-0.2241247058823529,-0.33380764705882354,0.10625235294117648,0.18781647058823533,-0.4711352941176471,-0.30470882352941175,-0.503565294117647,-0.06809588235294112,0.16231941176470585,-0.19209352941176466,-0.3854394117647058,-0.11396058823529412,-0.42646352941176474,-0.30759117647058826,-0.22535470588235296,0.05159823529411766,0.13142588235294114,-0.03002529411764708,-0.02909000000000001,-0.4750017647058824,0.3161270588235295,0.1273035294117647,-0.39558999999999994,0.04225117647058822,0.42301058823529425,-0.08329882352941179,-0.38298117647058827,-0.16666470588235294,-0.47027058823529416,-0.36617588235294113,0.049768235294117696,-0.2769082352941176,0.11585529411764706,-0.0500364705882353,0.15374705882352938,-0.22379647058823535,0.2406870588235293,0.31246647058823535,0.10462470588235298,-0.13465176470588233,0.2646329411764706,-0.10428882352941174,-0.00781529411764706,-0.16784117647058827,-0.3679635294117648,-0.08441411764705883,-0.4796729411764706,-0.41089764705882353,-0.22039117647058826,0.009165882352941142,0.06597058823529414,-0.055574117647058795,-0.18676588235294117,-0.27936,0.3607029411764706,0.09083588235294118,0.02734941176470588,0.12000764705882352,0.1477705882352941,0.019210588235294118,0.046268823529411765,0.1878564705882353,0.12569764705882353,0.10086176470588235,0.08995352941176471,0.3089158823529412,0.20062411764705881,0.05502,0.06721294117647059,0.051712941176470587,0.031439999999999996,0.03734117647058824,0.08997058823529411,0.29701941176470587,0.3980923529411765,0.06942882352941177,0.04709823529411765,0.029605294117647056,0.05667941176470587,0.011451764705882352,0.015287058823529412,0.15462941176470588,0.2997370588235294,0.1299394117647059,0.19455941176470587,0.1377164705882353,0.5050705882352942,0.07380999999999999,0.04643,0.021351176470588235,0.027638235294117647,0.04112529411764706,0.07804470588235293,0.20652647058823528,0.15651941176470585,0.11706117647058822,0.14035176470588234,0.1277735294117647,0.1332635294117647,0.10001470588235295,0.10837588235294118,0.11664000000000001,0.11852647058823529,0.11254705882352942,0.1295735294117647,0.15146294117647058,0.15324117647058824,0.11945588235294118,0.11353294117647059,0.10165764705882353,0.1731405882352941,0.07274941176470588,0.0771935294117647,0.07390294117647059,0.10845823529411765,0.10315941176470589,0.18116941176470588,0.21022176470588233,0.5505441176470588,0.05709235294117647,0.02625647058823529,0.009419411764705881,0.01731,0.014935882352941176,0.06009823529411765,0.26434529411764707,0.12307352941176472,0.09626000000000001,0.15169294117647059,0.16765235294117647,0.14364470588235292,0.10130941176470588,0.11010117647058823,0.1062664705882353,0.1638864705882353,0.11301235294117647,0.13939117647058824,0.12005411764705883,0.12809294117647058,0.0973164705882353,0.1279194117647059,0.11032470588235294,0.33341882352941177,0.14934,0.1285735294117647,0.05003764705882353,0.06362176470588235,0.038076470588235295,0.08316294117647058,0.15376764705882354,0.49514941176470584,0.023656470588235293,0.019211176470588235,0.04760529411764706,0.10008117647058826,0.029601176470588235,0.09709176470588235,0.18760588235294118,0.07145117647058824,0.05316529411764706,0.09259411764705883,0.1682141176470588,0.22806823529411763,0.09412176470588235,0.16414411764705883,0.12824,0.0740135294117647,0.09253058823529411,0.18007411764705883,0.2679129411764706,0.22184705882352942,0.0680935294117647,0.05508588235294118,0.04044058823529412,0.3173205882352941,0.10469529411764705,0.08923529411764707,0.12003882352941178,0.17533352941176467,0.03330235294117647,0.05631705882352941,0.10375823529411765,459.23529411764713,0.0,hillary_clinton-andrea_mitchell13-allCL1,"[2, 3, 4, 5, 7, 9, 13, 16, 17, 23, 24, 32, 46, 47, 48, 50, 51]"
-0.18099250000000003,0.14801899999999998,-0.12720750000000006,0.08629999999999996,0.05848800000000003,0.11687099999999993,0.012195000000000018,0.17696100000000006,-0.02199900000000002,-0.0975145,0.06280599999999995,0.1285375,0.18364249999999996,0.0901455,-0.18231599999999995,0.06470850000000006,-0.09523799999999999,-0.398816,0.17182500000000003,-0.22430150000000001,0.03840700000000001,-0.02156699999999998,0.11794750000000012,0.41589249999999994,0.5027455000000001,0.14816950000000007,-0.09181099999999998,-0.09415299999999999,-0.0006200000000000164,-0.34816350000000007,-0.21330850000000004,0.14934950000000002,0.020402000000000038,0.09036850000000002,-0.2126425,0.46944100000000005,0.583419,-0.0012749999999999567,-0.11296350000000001,0.09949449999999999,-0.08736650000000007,0.15811799999999987,0.3304555,0.0604335,-0.19217000000000006,-0.045745,0.023128000000000076,0.17455399999999993,0.055514499999999994,0.180562,0.07388249999999998,-0.027592,0.233673,0.277697,0.17208600000000004,-0.03205000000000003,0.091109,0.45875999999999995,0.46066300000000004,0.07114750000000002,0.02469950000000001,-0.014605999999999945,0.029658499999999977,-0.35227050000000004,-0.19563850000000005,0.14732800000000001,0.0024224999999999906,0.232879,0.406762,0.0856025,0.037569500000000006,0.1329765,0.191653,0.022551500000000002,0.044357,0.178527,0.134513,0.13433,0.0794025,0.3030995,0.24996900000000002,0.067205,0.057014,0.074468,0.044259,0.038234,0.08085300000000001,0.3216785,0.4598205,0.0636305,0.059445,0.032078999999999996,0.09844400000000002,0.017223,0.0173535,0.1818195,0.349937,0.127694,0.16653,0.14100000000000001,0.595679,0.12166,0.061951,0.022632,0.032612,0.0292,0.051501000000000005,0.1847645,0.18712050000000002,0.1336485,0.1220505,0.1251025,0.14459249999999998,0.127874,0.1307805,0.128832,0.1296715,0.116643,0.14442850000000002,0.178891,0.1768655,0.11446599999999998,0.1257115,0.1133185,0.19408150000000002,0.074117,0.073032,0.066079,0.121205,0.1442795,0.19002249999999998,0.23718150000000002,0.5832245,0.0526465,0.0242435,0.0107785,0.021636,0.02654,0.0667575,0.3141705,0.16718,0.1302425,0.149553,0.148738,0.14818,0.100966,0.10826250000000001,0.1468775,0.1548195,0.1445635,0.131303,0.13012200000000002,0.1654815,0.1319825,0.139589,0.102137,0.41683749999999997,0.13866900000000001,0.0917405,0.052154,0.0755715,0.044276,0.091718,0.1890345,0.5424615,0.017023,0.011364500000000001,0.056520499999999994,0.1233955,0.031568,0.10294450000000001,0.2147225,0.0910965,0.043906,0.0726675,0.203619,0.2708825,0.1127695,0.1654625,0.139596,0.080933,0.10144,0.1908885,0.2916075,0.273712,0.056986,0.06142,0.043013,0.32078450000000003,0.11716900000000001,0.09762,0.131926,0.210644,0.0319785,0.057666,0.132208,225.5,0.0,hillary_clinton-andrea_mitchell13-allCL2,"[1, 6, 8, 10, 11, 12, 14, 15, 18, 19, 25, 33, 35, 36, 37, 45, 49, 52, 53, 54]"
-0.06681466666666672,-0.4088850000000001,-0.11036933333333337,-0.0029236666666666872,0.11282066666666668,-0.015353666666666672,0.026370333333333346,-0.11295666666666668,-0.31673766666666664,0.02306500000000003,0.31685500000000005,-0.10513600000000002,0.017113666666666652,0.22838400000000011,-0.07086166666666664,-0.16809433333333332,0.07142466666666661,-0.19169300000000009,-0.15865533333333326,-0.12689500000000006,0.01807866666666665,0.01595866666666671,0.31281600000000004,0.24714233333333324,0.025136999999999993,-0.06629599999999997,-0.007661333333333353,0.09529166666666666,0.05428599999999999,0.2864546666666666,0.3051623333333333,-0.04065833333333331,-0.292817,0.09515366666666665,-0.19038766666666668,-0.136475,0.2538490000000001,-0.1582113333333334,-0.14936833333333321,-0.04343933333333334,0.14940233333333333,-0.042868999999999984,0.07216000000000002,-0.23447566666666672,-0.08575299999999994,0.10042933333333331,-0.0600863333333333,-0.12882133333333337,-0.13855033333333336,-0.04545733333333332,0.03327333333333331,-0.027135333333333338,0.09156366666666664,-0.09901233333333333,0.15229966666666658,-0.02244500000000001,0.37749666666666665,0.17520333333333335,0.09150333333333333,-0.05235066666666668,-0.09648866666666665,0.19283633333333333,-0.0666586666666667,0.18138866666666667,0.22142066666666663,0.15105033333333337,-0.31817100000000004,-0.027037666666666668,0.41321433333333335,0.133724,0.07398333333333333,0.14676433333333333,0.263481,0.010330333333333334,0.02699266666666667,0.198173,0.182933,0.14350933333333332,0.080097,0.33412733333333333,0.35500533333333334,0.07136366666666666,0.04153133333333334,0.0581,0.08368300000000001,0.062413666666666666,0.07451033333333333,0.28719633333333333,0.5993126666666667,0.05083533333333334,0.06176633333333333,0.04694566666666667,0.192686,0.036365,0.03315333333333333,0.22586866666666666,0.39179633333333336,0.072419,0.12567533333333333,0.18870166666666668,0.679962,0.13568433333333332,0.059048333333333335,0.017887666666666666,0.01947633333333333,0.019269333333333333,0.05351,0.28183033333333335,0.22398400000000002,0.16179666666666667,0.16232333333333332,0.146808,0.17305433333333334,0.13513533333333333,0.12567966666666666,0.13788566666666668,0.199579,0.229702,0.17910933333333334,0.12492666666666667,0.149003,0.12049433333333333,0.13516566666666666,0.128683,0.3773563333333334,0.053615,0.05707133333333333,0.07880866666666667,0.14393433333333333,0.13712933333333333,0.17423233333333332,0.24451966666666666,0.6460623333333333,0.102031,0.043998999999999996,0.017527666666666667,0.023449666666666667,0.029512666666666666,0.07099333333333334,0.333091,0.2649373333333333,0.17672166666666667,0.16263766666666668,0.11377799999999999,0.12842,0.10436366666666667,0.16702366666666668,0.14878466666666668,0.20084766666666667,0.14842366666666668,0.11627,0.116031,0.15062,0.1366,0.22071600000000002,0.17715566666666666,0.5075903333333334,0.13213666666666668,0.11252666666666666,0.054060000000000004,0.06002233333333333,0.043188333333333336,0.09688433333333334,0.26025733333333334,0.520162,0.036663666666666664,0.031262,0.10865933333333334,0.1706913333333333,0.049358,0.10028966666666667,0.24958266666666667,0.091083,0.06334066666666667,0.08901533333333334,0.2806716666666667,0.3450793333333333,0.13557066666666667,0.158284,0.103621,0.08174766666666666,0.064568,0.11625,0.36564966666666665,0.4319196666666667,0.09190166666666666,0.06563466666666666,0.048995333333333335,0.36985700000000005,0.16787966666666668,0.089526,0.15332166666666666,0.231624,0.036288666666666664,0.059532666666666664,0.158634,170.40000000000006,0.0,hillary_clinton-andrea_mitchell11-allCL0,"[0, 2, 3, 5, 6, 9, 14, 15, 16, 17, 20, 21, 23, 24, 25, 26, 27, 28, 29, 30, 34, 35, 36, 37, 41, 42, 45, 46, 48, 49]"
0.7725550000000001,0.0029999999999999975,-0.5288250000000001,0.10016000000000001,0.250135,-0.34392,0.02356,-0.586955,0.16390000000000002,0.08235,-0.170955,-0.62129,-0.2121,-0.0033300000000000274,-0.08440500000000001,-1.312125,-1.1125399999999999,-0.265385,-0.32852499999999996,-0.08767500000000004,0.048895,1.26119,-1.2016650000000002,-0.64346,-0.6841499999999999,0.08298000000000007,1.2205450000000002,-0.63413,-0.11627,0.05724500000000004,-0.48786000000000007,-0.68022,0.24013499999999996,-0.026114999999999985,0.486265,-0.210415,0.12378499999999999,-0.19216999999999998,-0.30587499999999995,-0.5196850000000001,0.43465499999999996,-0.63855,-0.51429,0.43731999999999993,1.1501199999999998,0.457925,-0.6943599999999999,0.842455,0.158875,-0.9047449999999999,0.8672449999999999,0.102195,-0.533235,-0.466735,-0.581425,1.69424,-0.9459200000000001,-0.447365,-0.73254,0.08905499999999998,1.226635,-0.23911500000000002,0.06649,-0.14979,-0.470475,-0.7042350000000002,0.38803999999999994,0.20908000000000004,0.27253499999999997,0.09559000000000001,0.053535,0.115925,0.18162,0.019405,0.05061,0.210785,0.184175,0.18456,0.08158,0.243415,0.16523,0.046405,0.038925,0.05571,0.070525,0.078555,0.10167000000000001,0.25051,0.34826999999999997,0.039325,0.069995,0.04115,0.102625,0.039965,0.0475,0.16103,0.31961,0.068665,0.09531,0.165295,0.5560050000000001,0.111815,0.06920000000000001,0.014474999999999998,0.014635,0.014585,0.049055,0.17024499999999998,0.10902999999999999,0.1142,0.16856,0.16694,0.17187,0.110455,0.0751,0.083845,0.169745,0.14889000000000002,0.10961499999999999,0.055635000000000004,0.07632,0.09534000000000001,0.14816000000000001,0.19629,0.13106,0.041084999999999997,0.091285,0.11629999999999999,0.170765,0.126525,0.117755,0.205225,0.42577,0.08078500000000001,0.04922,0.009155,0.020535,0.034519999999999995,0.112025,0.26799,0.137915,0.08742,0.10672,0.091625,0.098835,0.1603,0.19024999999999997,0.126945,0.08571000000000001,0.05560000000000001,0.10037499999999999,0.228775,0.205145,0.13029000000000002,0.10995999999999999,0.084145,0.419655,0.22634,0.08705,0.03953,0.062605,0.021544999999999998,0.04062,0.10265,0.37834,0.026845,0.020025,0.049835000000000004,0.07637000000000001,0.07267,0.15251,0.223415,0.083715,0.050320000000000004,0.041215,0.06600999999999999,0.25963,0.19396000000000002,0.191285,0.11386000000000002,0.07028999999999999,0.06276000000000001,0.141905,0.267845,0.22467,0.08317,0.093455,0.055904999999999996,0.23148,0.16366,0.171485,0.10184,0.14317000000000002,0.02374,0.04167,0.12295999999999999,211.0,782.5,hillary_clinton-andrea_mitchell11-allCL1,"[22, 50]"
0.07063086956521739,0.5550795652173912,0.179714347826087,-0.012702173913043477,-0.15691086956521738,0.011645217391304346,-0.08507260869565213,0.1954021739130434,0.42378173913043465,0.08702695652173915,-0.43149956521739125,0.12082086956521731,-0.11130869565217394,-0.2513608695652174,0.13600869565217386,0.2404221739130435,0.042146521739130416,0.21105043478260868,0.2021756521739131,0.03465434782608694,-0.005344782608695635,-0.028353913043478236,-0.1270117391304347,-0.2766613043478261,-0.053203478260869616,-0.0735865217391305,-0.030449999999999977,0.08637826086956524,-0.18437913043478263,-0.3818739130434782,-0.29627043478260867,0.01363652173913047,0.2626099999999999,-0.25798391304347823,0.2059665217391304,0.16971173913043477,-0.3707960869565217,0.2336273913043478,0.29763869565217393,0.0926326086956522,-0.27438652173913036,0.12239478260869568,-0.21564782608695654,-0.10164826086956524,0.13464652173913041,-0.12708173913043475,0.06753956521739132,0.16684000000000002,0.007780434782608675,0.08354478260869565,0.04863260869565217,0.062424347826086954,-0.007783913043478283,0.19287434782608698,-0.07095391304347826,-0.06273347826086959,-0.27736434782608693,-0.2168252173913044,-0.10706304347826091,-0.06220043478260875,0.07456869565217392,-0.09078652173913045,-0.11719173913043478,-0.24721565217391306,-0.2093039130434782,-0.21960739130434784,0.26952913043478266,-0.2066908695652174,0.35322,0.11484608695652174,0.04480869565217391,0.10870347826086957,0.14363347826086956,0.02000304347826087,0.04962,0.16516478260869566,0.10624695652173913,0.10204086956521738,0.07584217391304349,0.3390182608695652,0.20020782608695653,0.08567130434782609,0.05046086956521739,0.040511304347826085,0.049722608695652176,0.04969695652173913,0.07198521739130435,0.23595739130434784,0.4391178260869565,0.06664347826086957,0.052338260869565216,0.03453695652173913,0.07688521739130434,0.017850869565217392,0.02980695652173913,0.1786178260869565,0.3042352173913043,0.10217347826086956,0.16443913043478262,0.1259891304347826,0.4664678260869565,0.1111304347826087,0.059937391304347824,0.031936956521739134,0.036331739130434776,0.0352495652173913,0.06524478260869565,0.1937013043478261,0.13884652173913042,0.10965913043478262,0.14338,0.14377521739130436,0.14274217391304347,0.12528260869565216,0.10216217391304348,0.09415217391304348,0.13687304347826088,0.11273478260869566,0.11392173913043478,0.13006,0.15588826086956523,0.12714304347826086,0.11545217391304348,0.10792260869565216,0.14957173913043476,0.06103782608695652,0.0773704347826087,0.08763565217391303,0.13871608695652174,0.12576739130434783,0.1664304347826087,0.1934695652173913,0.5217265217391304,0.058920434782608694,0.027987391304347825,0.013569565217391303,0.020514347826086958,0.025928260869565217,0.06163956521739131,0.26971304347826086,0.13629043478260872,0.11263782608695652,0.13392217391304348,0.1536404347826087,0.15461608695652174,0.10112173913043478,0.1137295652173913,0.09404217391304348,0.16397478260869566,0.11630565217391305,0.12395173913043478,0.09105739130434783,0.12498521739130435,0.10048304347826087,0.13549304347826086,0.14374782608695652,0.34664086956521734,0.1496317391304348,0.11338,0.04330521739130435,0.0490495652173913,0.03898739130434783,0.08408173913043478,0.17492391304347826,0.4175573913043478,0.02473478260869565,0.02826,0.05319304347826087,0.07828913043478261,0.032801304347826084,0.12294826086956522,0.24221652173913044,0.06486391304347826,0.059557391304347826,0.08276,0.1868678260869565,0.2699960869565217,0.13109478260869564,0.1286621739130435,0.07619565217391304,0.08337826086956522,0.08015478260869566,0.14844652173913042,0.2642978260869565,0.22878260869565217,0.07134478260869566,0.06997347826086957,0.05362086956521739,0.31571695652173914,0.1284091304347826,0.1010304347826087,0.11101173913043479,0.16737652173913042,0.03091217391304348,0.05061304347826087,0.09492782608695652,396.91304347826093,10.26086956521739,hillary_clinton-andrea_mitchell11-allCL2,"[1, 4, 7, 8, 10, 11, 12, 13, 18, 19, 31, 32, 33, 38, 39, 40, 43, 44, 47, 51, 52, 53, 54]"
-0.014045641025641042,0.12944,0.2881351282051282,-0.047224871794871816,-0.0013294871794871863,-0.07777615384615384,-0.0731723076923077,-0.002770512820512827,0.14638,0.0017533333333333463,-0.16544615384615385,0.040335641025641064,-0.08282512820512819,0.14674051282051284,-0.10232512820512815,-0.05231282051282052,0.009708205128205104,-0.2191415384615385,-0.09584538461538464,0.13433435897435897,0.03490384615384619,-0.04080435897435894,-0.0017220512820512422,0.08228128205128205,-0.00919256410256409,-0.04322128205128201,0.06143410256410255,0.05435333333333329,0.0007364102564102748,-0.04849076923076925,-0.07256051282051282,-0.1284384615384615,-0.08916692307692312,-0.1181423076923077,0.1415533333333333,-0.03250589743589739,-0.22713794871794876,-0.03188102564102564,0.09276846153846152,-0.11142076923076921,-0.04738923076923075,-0.09599538461538455,-0.21145102564102564,-0.08073794871794876,-0.01807974358974359,-0.08621333333333331,0.049173076923076944,0.0609425641025641,0.08178794871794869,-0.10785282051282048,0.02355410256410262,-0.08455589743589745,-0.023037692307692308,-0.09909923076923077,0.0127633333333333,-0.06614641025641027,-0.14731846153846162,0.039810512820512824,-0.05654487179487179,-0.13233615384615377,0.08627948717948722,0.03823435897435901,0.0050061538461538685,-0.04821974358974355,-0.017483846153846145,-0.1778833333333333,-0.07109153846153848,-0.12848153846153845,0.38398615384615387,0.07072076923076923,0.029771794871794873,0.10354102564102563,0.19575948717948716,0.020467179487179486,0.042271538461538465,0.15348025641025642,0.1113194871794872,0.14473333333333332,0.07155589743589744,0.3021569230769231,0.16466871794871793,0.10502897435897436,0.058359743589743586,0.04217666666666667,0.045004871794871795,0.04047923076923077,0.06596974358974358,0.2458253846153846,0.44808820512820513,0.06224333333333333,0.05894461538461539,0.03344282051282051,0.07074435897435899,0.015405897435897434,0.023082820512820512,0.16640076923076924,0.3922146153846154,0.09966205128205129,0.11167948717948718,0.12080820512820513,0.5440707692307692,0.16041128205128205,0.05650666666666667,0.017266923076923076,0.022228205128205128,0.019320256410256413,0.03427794871794872,0.14591897435897436,0.14543256410256408,0.13260179487179488,0.12453769230769231,0.11286205128205129,0.1327325641025641,0.13959282051282051,0.11991692307692307,0.09232205128205129,0.15342179487179486,0.12863230769230768,0.11521128205128203,0.12115051282051283,0.1633446153846154,0.12086179487179487,0.09377282051282052,0.10360410256410257,0.12757282051282048,0.05683435897435898,0.06528846153846155,0.08748384615384616,0.16230666666666665,0.17682435897435897,0.16264846153846155,0.1610405128205128,0.589194358974359,0.04555205128205128,0.018736923076923078,0.010215384615384616,0.01591,0.027332820512820512,0.06598666666666667,0.2270705128205128,0.1523769230769231,0.12156641025641025,0.11518923076923077,0.14007923076923076,0.16607128205128205,0.0954525641025641,0.1065648717948718,0.10269897435897435,0.15261897435897437,0.11502076923076923,0.11195820512820513,0.09419076923076923,0.14578307692307693,0.10078923076923077,0.12774410256410257,0.15189384615384616,0.292958717948718,0.16556410256410256,0.15487564102564103,0.05862641025641026,0.07801641025641026,0.04029076923076923,0.06541128205128205,0.1442551282051282,0.45986153846153843,0.032032051282051284,0.02653948717948718,0.06103846153846154,0.07445641025641025,0.017206153846153843,0.09050948717948717,0.23835589743589744,0.06510179487179486,0.049512051282051286,0.07493794871794872,0.15201333333333333,0.2757320512820513,0.16022307692307694,0.13756,0.08491692307692307,0.09147358974358974,0.08917051282051282,0.13089820512820513,0.20396948717948718,0.23010794871794868,0.1099776923076923,0.08852666666666667,0.055874615384615384,0.32845615384615384,0.12403589743589744,0.10565025641025641,0.10668717948717948,0.15946641025641026,0.030035128205128204,0.05077794871794872,0.09488948717948717,319.2564102564103,10.564102564102555,hillary_clinton-andrea_mitchell10-allCL0,"[0, 1, 2, 3, 4, 5, 6, 7, 9, 10, 11, 12, 13, 20, 21, 22, 23, 24, 25, 26, 27, 28, 29, 31, 32, 33, 34, 35, 37, 39, 40, 45, 46, 47, 48, 49, 50, 53, 54]"
-0.20328000000000002,0.11835999999999998,-1.05189,0.053392500000000016,-0.1740675,0.17535500000000007,0.9901675,0.028317500000000002,-0.17334750000000002,-0.21671750000000012,0.05435499999999999,-0.048067500000000006,-0.34658249999999996,-0.0698025,0.5781324999999999,-0.668035,-0.5193225,0.37856500000000004,0.20368499999999998,-0.3625525,-0.6521325,0.28688250000000004,0.09063249999999999,-0.12491999999999992,-0.06817750000000002,-0.090915,-0.34407,-0.18011500000000008,-0.25483500000000003,1.4196624999999998,-0.42064750000000006,0.02895749999999999,-0.39956499999999995,0.9447174999999999,0.009110000000000007,0.015865000000000056,0.6227775,0.9481399999999999,0.24855749999999993,0.7229374999999998,0.7227075,0.3519400000000001,0.504725,0.11379499999999998,0.31899,0.32531750000000004,-0.5634399999999999,0.02101500000000003,-0.2725825,1.450905,0.12706249999999997,0.5076199999999998,0.5683625,-0.24237000000000003,0.332635,0.17921250000000002,0.7341150000000001,0.06589999999999993,0.0868625,0.0017424999999999802,-0.2207375,-0.17021249999999993,-0.07029249999999998,1.3556875,-0.57616,0.43956999999999996,-0.46514,0.9015525000000002,0.5326150000000001,0.0513175,0.0356575,0.140285,0.28503,0.012042500000000001,0.0329925,0.1600575,0.2016375,0.2196325,0.082385,0.2670825,0.35234999999999994,0.03266,0.0261725,0.06808249999999999,0.05763,0.051585000000000006,0.0772225,0.3058625,0.5681375,0.0790375,0.0740875,0.036435,0.227775,0.0215625,0.02675,0.20013999999999998,0.466575,0.0754575,0.081475,0.1502675,0.782155,0.103725,0.04072,0.01074,0.0078074999999999985,0.005679999999999999,0.02408,0.275095,0.254975,0.204435,0.1730625,0.12112,0.16311,0.1086125,0.10597999999999999,0.1187,0.1464225,0.1888425,0.18183749999999999,0.1853575,0.16435,0.1173675,0.150705,0.11512,0.30813749999999995,0.041030000000000004,0.050145,0.10268000000000001,0.1531875,0.187795,0.15134,0.255685,0.7273824999999999,0.09993250000000001,0.0211475,0.007325,0.014102499999999999,0.020235000000000003,0.05833000000000001,0.3015425,0.2322175,0.192385,0.17388,0.1276525,0.1494625,0.090375,0.1191675,0.1648625,0.2025575,0.129775,0.10491500000000001,0.1157775,0.16899,0.15378999999999998,0.2177925,0.156395,0.4225775,0.10335,0.09675,0.055940000000000004,0.10904499999999999,0.07297000000000001,0.12646000000000002,0.26290749999999996,0.54884,0.04065,0.0185125,0.0910775,0.1397725,0.055475,0.09134500000000001,0.26433,0.0926975,0.061617500000000006,0.091695,0.18278999999999998,0.40694,0.114725,0.167215,0.132325,0.09537,0.066385,0.1186375,0.24387999999999999,0.48235500000000003,0.086215,0.09537999999999999,0.06177250000000001,0.3546825,0.09477000000000001,0.1212075,0.17714,0.2399025,0.0315,0.04897750000000001,0.18182,281.0,624.5,hillary_clinton-andrea_mitchell10-allCL1,"[14, 30, 38, 52]"
0.41834000000000005,-0.3489466666666666,-0.3721641666666667,0.34949250000000004,0.27897750000000004,0.32131916666666666,0.01944333333333326,0.10201083333333336,-0.3550558333333333,0.19345166666666672,0.37968500000000005,-0.17008583333333332,0.16769583333333332,-0.033321666666666624,0.21951583333333335,0.16747583333333335,-0.05366583333333333,0.5264033333333332,-0.025503333333333343,-0.01965583333333336,0.0002008333333333584,-0.034141666666666626,0.025713333333333317,-0.015679999999999993,0.2883,0.018093333333333343,-0.12135833333333332,-0.09313500000000002,-0.07758916666666667,-0.176665,-0.07759166666666664,0.5193891666666666,0.1341491666666667,-0.0445825,-0.0522633333333334,0.15643916666666663,0.30551000000000017,0.17619916666666668,-0.2699433333333333,0.3341625,-0.03070499999999997,0.3044041666666667,0.4679174999999998,0.1421491666666666,0.06721333333333332,0.006599999999999988,0.23123666666666673,-0.08219666666666665,-0.04984666666666669,-0.3056916666666667,-0.3682016666666667,0.0692266666666667,0.07621749999999998,0.40028749999999996,0.014352500000000042,0.14307416666666667,0.4067175000000001,0.09258500000000003,0.39113250000000005,0.23705083333333335,-0.15883583333333334,0.04977833333333333,-0.1634308333333333,-0.16531249999999995,0.06344583333333334,0.5897716666666667,0.07539249999999997,0.1382783333333334,0.5880058333333333,0.07522083333333333,0.051450833333333335,0.21768916666666666,0.4043566666666667,0.015474166666666667,0.024309166666666666,0.20682916666666668,0.21828416666666667,0.19443416666666666,0.07795666666666667,0.3725541666666667,0.533235,0.07525833333333333,0.0349125,0.07669666666666668,0.08465083333333333,0.05495166666666666,0.0644125,0.4061633333333333,0.7331274999999999,0.061498333333333335,0.10752,0.07100916666666666,0.303355,0.04335833333333333,0.03564,0.316565,0.48462999999999995,0.0606975,0.09664916666666666,0.24243916666666665,0.878975,0.16215,0.078415,0.021174166666666668,0.019185,0.014259166666666667,0.028319999999999998,0.38085,0.4515516666666667,0.30720250000000004,0.20393666666666665,0.1204575,0.13346833333333333,0.09485916666666666,0.1166225,0.15523083333333332,0.23539916666666666,0.25184249999999997,0.2683966666666667,0.18474583333333333,0.13895833333333335,0.13001333333333331,0.1823683333333333,0.1916075,0.41139083333333337,0.06260666666666667,0.060275833333333334,0.07027916666666667,0.13512666666666667,0.1386,0.20239916666666666,0.5026525,0.8543508333333333,0.067095,0.034494166666666666,0.021344999999999996,0.032056666666666664,0.0371725,0.06500416666666667,0.47181500000000004,0.29602666666666666,0.26372666666666666,0.23897083333333335,0.141375,0.17360666666666666,0.13348916666666666,0.16328416666666667,0.17285416666666667,0.264415,0.18699500000000002,0.17725333333333335,0.09419583333333334,0.16220333333333334,0.19046333333333332,0.30037416666666666,0.20743083333333334,0.6536483333333334,0.09692999999999999,0.10546916666666667,0.077325,0.08644916666666667,0.0639175,0.1557575,0.3438316666666667,0.76608,0.051916666666666667,0.03888333333333333,0.1648458333333333,0.21663916666666666,0.03088166666666667,0.06409999999999999,0.24998833333333334,0.12713083333333333,0.07240166666666667,0.08413083333333334,0.4427808333333333,0.48949833333333337,0.13925583333333333,0.1323325,0.0957975,0.10267916666666667,0.08578833333333333,0.0907525,0.36032749999999997,0.7308725,0.08823583333333333,0.07042666666666667,0.05424916666666667,0.53049,0.13366,0.09664249999999999,0.2451583333333333,0.32060333333333335,0.024865,0.04549416666666667,0.1864208333333333,56.25000000000003,2.1316282072803006e-14,hillary_clinton-andrea_mitchell10-allCL2,"[8, 15, 16, 17, 18, 19, 36, 41, 42, 43, 44, 51]"
