-0.10893416666666672,0.019335833333333344,0.1546154166666666,-0.19954916666666664,0.10100833333333334,-0.31400249999999996,0.3803325,-0.4226908333333331,-0.299705,0.6398566666666666,0.3505554166666665,-0.4139229166666666,0.4441845833333333,0.17886791666666668,0.0729770833333333,-0.15725499999999998,-0.0059875000000000475,-0.14161166666666666,0.14267208333333337,-0.36995458333333325,-0.11427749999999996,0.3260274999999999,0.033379583333333365,-0.12119374999999999,-0.11439833333333335,0.3823358333333335,-0.09689833333333336,0.03177041666666671,-0.08189500000000001,0.05015125000000008,0.3896816666666666,0.2793695833333333,0.06049416666666668,0.49222874999999994,0.04742583333333332,-0.09621999999999994,-0.17440708333333332,0.08506458333333333,0.3047095833333333,-0.12037750000000008,0.2813183333333334,-0.18551125000000007,-0.03870499999999998,0.09953375000000003,-0.22808083333333332,0.26512125,-0.30592166666666676,0.21897416666666655,-0.32834,0.21502166666666664,0.19411499999999998,-0.09162333333333335,-0.2027275,-0.29434416666666663,0.07013874999999997,0.24521999999999997,0.06691916666666667,0.023471249999999964,-0.07199999999999995,0.2909449999999999,-0.11227791666666669,0.04872875000000001,-0.04183333333333335,0.0166158333333333,0.3856429166666668,0.30773375,-0.016565000000000017,0.29200166666666677,0.37023208333333335,0.16524083333333334,0.054775833333333336,0.14570833333333333,0.13511708333333333,0.028089166666666665,0.010407500000000002,0.09042958333333334,0.07304791666666666,0.04857,0.08050500000000001,0.2879729166666667,0.2907116666666667,0.12617375,0.065895,0.027125416666666666,0.03168166666666667,0.036700416666666666,0.06185625,0.26611208333333336,0.22118125000000002,0.0666275,0.23188208333333332,0.08395833333333333,0.08736333333333332,0.01746083333333333,0.019955416666666666,0.19549708333333335,0.27441916666666666,0.056884166666666666,0.18723333333333333,0.1611875,0.43654916666666665,0.08626125,0.03451333333333333,0.054949583333333336,0.10107625,0.06132375,0.03163083333333333,0.19369708333333333,0.22065708333333334,0.11218708333333333,0.05881541666666666,0.14672125,0.13298833333333332,0.10768666666666667,0.12402083333333333,0.09692333333333333,0.09785250000000002,0.08719958333333334,0.09679708333333334,0.18654583333333333,0.22552416666666666,0.09227416666666667,0.11645958333333334,0.09734708333333333,0.09090458333333334,0.015644166666666667,0.0214375,0.044795416666666664,0.07276,0.13776875,0.4021625,0.21452458333333335,0.3152104166666666,0.02314,0.008766666666666667,0.004630833333333334,0.00868875,0.01588125,0.14252458333333334,0.4811583333333333,0.1345891666666667,0.09883791666666666,0.12302249999999999,0.15167083333333334,0.185695,0.09755291666666667,0.10690708333333333,0.10172208333333334,0.10317791666666667,0.12362875000000002,0.17490041666666667,0.12480375,0.16770125,0.11141708333333333,0.12055625,0.07381333333333333,0.17574208333333333,0.11642833333333334,0.09708666666666667,0.023599583333333334,0.03974958333333334,0.10530333333333333,0.20978041666666666,0.23230791666666667,0.2606266666666667,0.02399291666666667,0.016257083333333335,0.02593333333333333,0.049255416666666677,0.016546666666666668,0.19633125,0.41105625,0.03171750000000001,0.02478958333333334,0.07673625,0.25151125,0.31854,0.09759,0.117265,0.08184875,0.08620791666666668,0.11631833333333333,0.14966583333333333,0.27688875,0.22183958333333334,0.07464416666666666,0.03964875,0.034787500000000006,0.23114999999999997,0.26617875,0.14245,0.10149250000000001,0.07111833333333333,0.025230416666666665,0.055945416666666664,0.10643708333333335,475.54166666666674,7.105427357601002e-15,melania_trump-mika_brzezinski3-allCL0,"[2, 3, 4, 5, 6, 7, 8, 27, 34, 35, 36, 37, 38, 39, 40, 41, 44, 45, 46, 47, 50, 51, 52, 53]"
0.12131172413793101,-0.07666931034482752,-0.09177965517241381,0.19523758620689655,-0.038532758620689646,0.2788648275862068,-0.35798413793103445,0.29178689655172424,0.19033172413793104,-0.58441,-0.1827562068965517,0.3360851724137931,-0.4377472413793105,-0.17331793103448276,-0.20276620689655178,0.06798724137931031,0.0187634482758621,0.06319137931034483,-0.032291724137930994,0.30522310344827586,0.12088827586206898,-0.2854024137931035,-0.10725862068965517,-0.04745482758620691,0.18179275862068964,-0.33910310344827593,0.14592655172413793,0.023881379310344807,0.04529068965517247,0.03088206896551727,-0.24098068965517244,-0.21236413793103454,-0.05661655172413791,-0.35100000000000003,-0.0037120689655172276,0.03446655172413791,0.2247993103448276,-0.030992413793103468,-0.23726965517241375,0.13563965517241383,-0.24159344827586215,0.0991120689655172,0.1735741379310344,-0.10813827586206899,0.18108448275862057,-0.2334713793103449,0.354215172413793,-0.13926482758620692,0.2977951724137931,-0.2504937931034483,-0.13146068965517244,0.03896344827586207,0.11189689655172415,0.23242965517241373,-0.1112758620689655,-0.26402448275862067,-0.1656244827586206,-0.1599772413793103,0.16133275862068974,-0.29254172413793106,0.14702896551724137,0.008872068965517245,0.07637931034482762,0.06637310344827584,-0.22208206896551713,-0.20310068965517247,-0.06470137931034485,-0.17243724137931032,0.5264324137931035,0.1230644827586207,0.050289655172413794,0.19052655172413793,0.26733724137931036,0.017170689655172416,0.02952862068965517,0.14047896551724137,0.1460493103448276,0.07950931034482758,0.05435448275862069,0.3254624137931035,0.5785372413793103,0.05748862068965517,0.053129655172413796,0.050296206896551725,0.1085244827586207,0.057673103448275864,0.04856689655172414,0.30594310344827585,0.5019800000000001,0.05258655172413793,0.19860310344827586,0.07094896551724138,0.22120586206896553,0.04722655172413793,0.028300344827586206,0.19131965517241378,0.407668275862069,0.07134103448275862,0.1590803448275862,0.21868827586206896,0.7975906896551724,0.060881034482758625,0.0317,0.04629241379310345,0.09926689655172413,0.052611379310344826,0.04537655172413793,0.21111,0.3789124137931035,0.16501137931034482,0.09665517241379311,0.14638172413793105,0.18537931034482757,0.11224655172413793,0.12828586206896553,0.1319541379310345,0.2638706896551724,0.2296303448275862,0.1772737931034483,0.18613137931034485,0.21141862068965517,0.08793172413793103,0.1046951724137931,0.08387724137931035,0.3548455172413793,0.040539310344827585,0.033969310344827586,0.03855655172413793,0.0679744827586207,0.11801620689655172,0.3582172413793103,0.3327051724137931,0.693011724137931,0.03884344827586207,0.013040689655172414,0.007867241379310344,0.012867586206896552,0.015519999999999999,0.10684379310344827,0.45683103448275864,0.3146972413793104,0.20852689655172413,0.15693206896551726,0.1214048275862069,0.17629620689655173,0.10230620689655172,0.14263379310344826,0.12202931034482759,0.28127793103448273,0.2850651724137931,0.20086965517241379,0.10559482758620689,0.13058206896551725,0.08668068965517242,0.1353648275862069,0.11939344827586207,0.43562758620689657,0.10998793103448276,0.07063689655172414,0.02812241379310345,0.057431034482758624,0.08834931034482758,0.22312241379310346,0.3315486206896552,0.4951613793103448,0.01692448275862069,0.011168275862068967,0.10136896551724137,0.19272655172413794,0.021385172413793105,0.15915241379310346,0.3469379310344828,0.08596344827586207,0.07232413793103448,0.08265931034482758,0.4216310344827587,0.3525162068965517,0.11147206896551724,0.1230103448275862,0.09525137931034483,0.10501034482758621,0.09481586206896551,0.12140103448275863,0.37720896551724137,0.45159241379310344,0.06686068965517242,0.0589548275862069,0.0689844827586207,0.35174206896551724,0.19327586206896552,0.10660103448275862,0.17508620689655172,0.24152724137931034,0.04341896551724138,0.06019,0.1729851724137931,93.82758620689671,7.105427357601002e-15,melania_trump-mika_brzezinski3-allCL1,"[9, 10, 11, 12, 13, 14, 15, 16, 17, 18, 19, 20, 21, 22, 23, 24, 25, 26, 28, 29, 30, 31, 32, 33, 42, 43, 48, 49, 54]"
-1.02902,1.1280149999999998,-1.023625,-1.21491,-0.94257,-1.016535,1.130465,-0.7762849999999999,-0.36911499999999997,0.877015,-1.4217600000000001,0.23906,1.93362,-1.195,0.9382849999999999,-1.28938,-0.5516599999999999,0.09133500000000008,-0.94465,-1.381685,0.23068500000000003,-0.39393,2.266635,0.704685,-0.7487699999999999,-0.8406499999999999,-0.427075,-0.680925,-0.23964000000000002,-0.20511,-0.822535,-0.3395,-0.653165,-0.577825,-0.97302,2.559825,0.6687700000000002,-0.74485,0.64261,-0.86398,0.798605,-0.6556150000000001,-0.53356,0.7749,0.32297499999999996,1.6878549999999999,-0.6125649999999999,0.19843999999999998,0.7432650000000001,0.48155000000000003,0.5417900000000001,1.0762850000000002,1.8817149999999998,0.066185,-0.71957,-0.408945,2.555235,0.925385,-0.72781,-0.62857,-0.342175,-0.553125,-0.20476499999999997,-0.046745000000000085,-0.68342,-0.11936999999999995,-0.435855,-0.605935,0.368465,0.174345,0.14189500000000002,0.17546,0.321905,0.02724,0.0112,0.27949,0.059609999999999996,0.10877,0.10978500000000001,0.34022,0.67709,0.10214499999999999,0.08614,0.016235,0.05492,0.02264,0.019639999999999998,0.5491950000000001,0.400655,0.145555,0.22025,0.08715,0.223795,0.02392,0.02305,0.295245,0.493275,0.110255,0.1412,0.18925999999999998,0.621345,0.17389500000000002,0.09473999999999999,0.121415,0.14473999999999998,0.059519999999999997,0.046020000000000005,0.238325,0.15047,0.103755,0.09573000000000001,0.24268,0.353215,0.22671500000000003,0.17225000000000001,0.15517999999999998,0.14336,0.16463,0.25114000000000003,0.26729,0.2229,0.14053,0.186295,0.12385,0.27967500000000006,0.058960000000000005,0.03404,0.07233,0.157855,0.11018,0.30476000000000003,0.48219500000000004,0.5150049999999999,0.032825,0.019110000000000002,0.026180000000000002,0.029400000000000003,0.02446,0.13874,0.71427,0.236375,0.145325,0.184245,0.245505,0.399745,0.06903000000000001,0.09966,0.12010000000000001,0.193065,0.111095,0.16291499999999998,0.13717,0.256035,0.18978500000000004,0.25001,0.19992,0.521895,0.09926499999999999,0.055995,0.042910000000000004,0.08993999999999999,0.076115,0.1867,0.42717499999999997,0.57545,0.025320000000000002,0.016335000000000002,0.09784000000000001,0.16762,0.03535,0.18654500000000002,0.39553499999999997,0.03848000000000001,0.03884,0.077955,0.33365,0.6476000000000001,0.147775,0.14101,0.074695,0.111705,0.12035500000000002,0.226875,0.47916000000000003,0.36242,0.054525000000000004,0.07302,0.071935,0.639055,0.16817,0.056874999999999995,0.182305,0.187265,0.03948,0.06946000000000001,0.15738,90.0,1451.0,melania_trump-mika_brzezinski3-allCL2,"[0, 1]"
-0.08362119999999995,0.35473199999999994,0.2619924,-0.16813399999999995,0.08893640000000003,-0.2592588,0.2927308,-0.20956400000000003,0.043155200000000046,0.5174251999999999,-0.09450159999999999,-0.2574603999999999,-0.03368120000000001,-0.0062099999999999725,-0.10143360000000007,-0.5750316000000001,-0.26713560000000003,-0.3871416,-0.0164544,-0.17664879999999997,0.1654568,-0.008368799999999996,0.014328400000000012,0.06616040000000004,0.0650368,0.1793496,-0.0772012,-0.08608919999999998,-0.21696079999999998,0.06150919999999996,-0.12381399999999998,-0.007162800000000028,-0.03374480000000003,-0.20770960000000002,0.11264119999999997,-0.027883599999999953,-0.2529824,-0.03666360000000001,0.24121720000000002,-0.16901320000000003,-0.08498360000000005,-0.15187040000000002,-0.011245200000000004,-0.13402800000000004,-0.18169999999999994,0.08933160000000007,-0.1475092,-0.028744800000000018,0.08492160000000007,0.3110568,0.38082439999999995,-0.005265599999999961,-0.013965999999999987,-0.08118920000000002,0.02195600000000002,-0.05033200000000003,-0.016353599999999968,-0.0004412000000000235,0.020293599999999978,0.18426199999999998,0.028542000000000012,-0.060170799999999997,-0.1651584,-0.005892800000000028,-0.3135856,0.0039055999999999744,0.04260200000000003,-0.23009200000000002,0.3282772,0.2090944,0.0643392,0.1633792,0.1101468,0.0195212,0.0117424,0.0935004,0.08270759999999999,0.0866128,0.053674400000000004,0.2696708,0.2512432,0.1511844,0.07105,0.0338552,0.037132000000000005,0.028389199999999993,0.06246,0.2502284,0.2863704,0.0693732,0.2013452,0.0647,0.08820800000000001,0.015485200000000001,0.0178532,0.1921892,0.2712296,0.0585988,0.18638960000000002,0.1700476,0.4854132,0.0995028,0.038696,0.0365384,0.0551668,0.0461712,0.0442544,0.1942572,0.1737748,0.1039844,0.0613644,0.1694656,0.1294968,0.1295824,0.136936,0.0953952,0.1601324,0.11662439999999999,0.1207952,0.15508760000000002,0.1718228,0.09744320000000001,0.08763320000000001,0.0904604,0.10498439999999999,0.0291424,0.0407548,0.065262,0.109,0.1156804,0.3458424,0.1893328,0.3684956,0.0315916,0.0096592,0.005655200000000001,0.008364,0.0124984,0.1201844,0.4435508,0.1599648,0.0948032,0.1281384,0.1400504,0.1455072,0.1015312,0.1150236,0.1149824,0.09838920000000001,0.098882,0.1373952,0.1491572,0.2320964,0.1148176,0.0966188,0.0726424,0.2070488,0.1253824,0.15624079999999999,0.0438924,0.0371944,0.06973320000000001,0.1574344,0.20307160000000002,0.299408,0.0308892,0.0162524,0.0344956,0.058157999999999994,0.020038,0.1481396,0.392618,0.0373268,0.027776000000000002,0.0652448,0.1861756,0.30609,0.1038468,0.146424,0.1271128,0.0663032,0.0891804,0.15124,0.2913808,0.2555312,0.0887544,0.0331672,0.0244428,0.2557664,0.2558344,0.1510492,0.119628,0.0686284,0.0219808,0.0402916,0.08682199999999998,487.31999999999994,0.0,melania_trump-mika_brzezinski6-allCL0,"[2, 3, 4, 5, 6, 9, 10, 12, 14, 17, 21, 23, 24, 26, 28, 29, 35, 37, 38, 40, 41, 42, 43, 47, 48]"
0.1416507692307692,-0.524156923076923,-0.06295923076923074,0.08391153846153848,0.01611461538461538,0.044869230769230745,-0.1826815384615385,-0.08899153846153847,-0.38758307692307686,-0.6856153846153845,0.04453461538461538,0.30630384615384615,0.19382461538461537,0.21794538461538465,-0.05335846153846155,0.7068484615384616,0.26764,0.08592846153846154,0.10249615384615376,0.2613938461538462,-0.11575461538461541,0.2393976923076923,0.010731538461538454,0.3931276923076924,0.2658053846153847,-0.43052769230769233,-0.17423,-0.2396807692307692,0.5645976923076923,0.09734384615384616,-0.01008230769230764,0.16122615384615385,-0.03460692307692312,0.2965153846153846,-0.18839846153846163,-0.08439692307692305,0.37150461538461543,-0.2987807692307692,-0.40288307692307684,-0.016981538461538468,0.060116153846153854,-0.07091076923076924,0.05934153846153842,-0.012569230769230798,-0.29562384615384624,-0.03172307692307691,0.24746692307692306,0.17516538461538467,0.08422153846153849,-0.4699684615384615,-0.35611076923076923,0.04037153846153847,-0.10887,0.15245,-0.062355384615384604,0.2932815384615385,0.09257692307692308,0.5107223076923076,0.32898,-0.40067923076923084,-0.21508615384615387,-0.26511307692307695,0.5220638461538462,0.33171999999999996,0.0600953846153847,0.22249461538461524,-0.08002384615384614,0.22002461538461537,0.44432846153846156,0.13689769230769233,0.041322307692307686,0.15689,0.18379153846153845,0.01943846153846154,0.013770000000000001,0.08048769230769232,0.10541384615384615,0.06038076923076924,0.039713846153846155,0.27707615384615386,0.3237553846153846,0.13147846153846154,0.07648615384615386,0.06261615384615385,0.060772307692307695,0.03896923076923077,0.07063076923076923,0.2275923076923077,0.4140015384615385,0.04056,0.1677,0.05669846153846154,0.14100538461538462,0.016286153846153846,0.017642307692307693,0.20467538461538462,0.2612407692307692,0.06034153846153846,0.17939230769230768,0.19633923076923077,0.6450861538461539,0.08392538461538462,0.02834846153846154,0.027313076923076926,0.058320000000000004,0.03679769230769231,0.028712307692307693,0.16842153846153846,0.22054384615384615,0.17489307692307693,0.06758,0.14443846153846154,0.13543692307692307,0.10588307692307691,0.12470692307692308,0.10344,0.16238615384615385,0.12181076923076924,0.12214846153846154,0.1617053846153846,0.22091384615384616,0.10465923076923077,0.08554461538461539,0.09775384615384615,0.15469076923076924,0.02274769230769231,0.028490769230769233,0.050753846153846156,0.0912,0.12011307692307692,0.30288461538461536,0.3060376923076923,0.45422153846153845,0.042548461538461535,0.01032923076923077,0.00561,0.012809230769230769,0.013623076923076922,0.09407230769230769,0.44370461538461536,0.21551076923076923,0.15209538461538463,0.14809769230769232,0.1291823076923077,0.12539615384615385,0.08336153846153846,0.10087846153846154,0.1224023076923077,0.14590615384615385,0.11048846153846154,0.1430523076923077,0.1349253846153846,0.22213076923076924,0.09819230769230769,0.12357307692307692,0.09865538461538462,0.3115976923076923,0.09952384615384616,0.0985,0.03739846153846154,0.041361538461538463,0.06161076923076923,0.15172846153846153,0.27520307692307694,0.37862615384615383,0.01861923076923077,0.009224615384615383,0.06100692307692308,0.12180692307692308,0.013739999999999999,0.12431307692307693,0.3495869230769231,0.06781076923076923,0.04792769230769231,0.07105384615384615,0.2854284615384616,0.28913307692307694,0.08972923076923077,0.11429230769230769,0.11155,0.06466692307692308,0.058932307692307694,0.11149846153846155,0.3174030769230769,0.40489153846153847,0.059109230769230775,0.03227692307692308,0.028143846153846155,0.26161769230769233,0.1617230769230769,0.13301538461538462,0.14949076923076923,0.16365846153846153,0.02431846153846154,0.04210384615384615,0.14099307692307692,99.84615384615381,0.0,melania_trump-mika_brzezinski6-allCL1,"[0, 1, 25, 33, 34, 39, 45, 46, 50, 51, 52, 53, 54]"
0.144524705882353,0.12455411764705879,-0.1144470588235294,0.24784529411764705,0.038120588235294114,0.32936647058823526,-0.14096470588235294,0.4012800000000001,0.20849823529411768,-0.12628647058823528,-0.14195294117647056,0.23835823529411765,0.045879411764705905,-0.34128882352941187,0.1987188235294118,-0.07113117647058825,0.18710882352941174,0.21284941176470587,-0.19639470588235297,-0.13013999999999998,-0.18792882352941184,-0.0038017647058823517,0.053284705882352956,-0.28746823529411764,-0.2520188235294118,-0.10349941176470591,0.06001882352941179,-0.16092764705882354,-0.32530235294117643,-0.17373176470588234,0.10737823529411766,-0.23631235294117647,0.19021588235294123,-0.0020947058823528736,0.08917176470588234,0.34145411764705885,0.04880588235294113,0.3327399999999999,0.04687117647058823,0.28127117647058825,0.035260588235294085,0.30133823529411774,0.11977294117647057,0.009054705882352923,0.46844117647058825,-0.25532352941176467,0.16455294117647062,-0.19202764705882344,-0.053568235294117576,0.21712176470588235,-0.31533705882352947,-0.09954352941176466,0.14080941176470588,0.02103294117647058,0.02642470588235293,0.004798823529411779,0.020812352941176452,-0.2638411764705883,-0.18713294117647067,-0.007974705882352903,0.0032958823529411763,-0.18556411764705882,-0.2948229411764705,-0.1930452941176471,0.32222411764705877,-0.3463917647058824,0.15105058823529402,0.10533941176470588,0.3133958823529412,0.17893588235294117,0.07566823529411765,0.15474470588235295,0.1361594117647059,0.015523529411764707,0.013847058823529412,0.1117270588235294,0.09385176470588236,0.12336588235294116,0.09073588235294118,0.2947805882352941,0.2251976470588235,0.09826882352941177,0.04657352941176471,0.027225294117647063,0.04254058823529412,0.07749764705882353,0.09378411764705882,0.24359882352941176,0.24014470588235293,0.06110705882352941,0.18338000000000002,0.05794470588235295,0.10206235294117648,0.03304882352941177,0.029392941176470587,0.18810235294117647,0.27836764705882355,0.05789705882352941,0.16240117647058824,0.1487294117647059,0.4345876470588235,0.1024870588235294,0.06612705882352941,0.04821529411764706,0.06185294117647059,0.04546470588235294,0.042918235294117646,0.19834941176470589,0.1276758823529412,0.0813794117647059,0.10328176470588235,0.18122823529411766,0.16653,0.12629058823529413,0.1238635294117647,0.08975058823529411,0.14214,0.11242411764705883,0.11971764705882353,0.1750729411764706,0.16217058823529412,0.0914164705882353,0.0902235294117647,0.10683411764705883,0.11431176470588235,0.04992411764705883,0.05463,0.09488,0.1272964705882353,0.12301588235294118,0.2807605882352941,0.15517999999999998,0.34683588235294116,0.025315882352941174,0.014624705882352942,0.012144117647058823,0.014428823529411765,0.028141764705882352,0.1398794117647059,0.41862764705882355,0.1506941176470588,0.09915411764705882,0.1032,0.12088764705882353,0.16166882352941175,0.11352294117647059,0.14215411764705882,0.10871647058823529,0.14286058823529413,0.10304705882352941,0.1324635294117647,0.12706705882352942,0.18335058823529413,0.10176647058823529,0.11373294117647059,0.09571058823529412,0.22944235294117646,0.15708529411764707,0.10494,0.03915882352941177,0.06916882352941175,0.07024117647058824,0.15477235294117647,0.17519235294117647,0.32156529411764706,0.030846470588235295,0.029155882352941174,0.037993529411764704,0.05688941176470588,0.02411294117647059,0.14487823529411764,0.35455470588235294,0.04313705882352941,0.026906470588235296,0.06436705882352942,0.18399470588235295,0.3015129411764706,0.1245535294117647,0.15928882352941176,0.09623823529411765,0.06499058823529412,0.0785964705882353,0.13623,0.26841470588235294,0.27599823529411766,0.10385,0.04710588235294118,0.02481294117647059,0.26383823529411765,0.23014823529411765,0.13985,0.09202882352941176,0.08092764705882352,0.031744117647058825,0.051234705882352946,0.11022588235294117,303.11764705882354,0.0,melania_trump-mika_brzezinski6-allCL2,"[7, 8, 11, 13, 15, 16, 18, 19, 20, 22, 27, 30, 31, 32, 36, 44, 49]"
-0.10893416666666672,0.019335833333333344,0.1546154166666666,-0.19954916666666664,0.10100833333333334,-0.31400249999999996,0.3803325,-0.4226908333333331,-0.299705,0.6398566666666666,0.3505554166666665,-0.4139229166666666,0.4441845833333333,0.17886791666666668,0.0729770833333333,-0.15725499999999998,-0.0059875000000000475,-0.14161166666666666,0.14267208333333337,-0.36995458333333325,-0.11427749999999996,0.3260274999999999,0.033379583333333365,-0.12119374999999999,-0.11439833333333335,0.3823358333333335,-0.09689833333333336,0.03177041666666671,-0.08189500000000001,0.05015125000000008,0.3896816666666666,0.2793695833333333,0.06049416666666668,0.49222874999999994,0.04742583333333332,-0.09621999999999994,-0.17440708333333332,0.08506458333333333,0.3047095833333333,-0.12037750000000008,0.2813183333333334,-0.18551125000000007,-0.03870499999999998,0.09953375000000003,-0.22808083333333332,0.26512125,-0.30592166666666676,0.21897416666666655,-0.32834,0.21502166666666664,0.19411499999999998,-0.09162333333333335,-0.2027275,-0.29434416666666663,0.07013874999999997,0.24521999999999997,0.06691916666666667,0.023471249999999964,-0.07199999999999995,0.2909449999999999,-0.11227791666666669,0.04872875000000001,-0.04183333333333335,0.0166158333333333,0.3856429166666668,0.30773375,-0.016565000000000017,0.29200166666666677,0.37023208333333335,0.16524083333333334,0.054775833333333336,0.14570833333333333,0.13511708333333333,0.028089166666666665,0.010407500000000002,0.09042958333333334,0.07304791666666666,0.04857,0.08050500000000001,0.2879729166666667,0.2907116666666667,0.12617375,0.065895,0.027125416666666666,0.03168166666666667,0.036700416666666666,0.06185625,0.26611208333333336,0.22118125000000002,0.0666275,0.23188208333333332,0.08395833333333333,0.08736333333333332,0.01746083333333333,0.019955416666666666,0.19549708333333335,0.27441916666666666,0.056884166666666666,0.18723333333333333,0.1611875,0.43654916666666665,0.08626125,0.03451333333333333,0.054949583333333336,0.10107625,0.06132375,0.03163083333333333,0.19369708333333333,0.22065708333333334,0.11218708333333333,0.05881541666666666,0.14672125,0.13298833333333332,0.10768666666666667,0.12402083333333333,0.09692333333333333,0.09785250000000002,0.08719958333333334,0.09679708333333334,0.18654583333333333,0.22552416666666666,0.09227416666666667,0.11645958333333334,0.09734708333333333,0.09090458333333334,0.015644166666666667,0.0214375,0.044795416666666664,0.07276,0.13776875,0.4021625,0.21452458333333335,0.3152104166666666,0.02314,0.008766666666666667,0.004630833333333334,0.00868875,0.01588125,0.14252458333333334,0.4811583333333333,0.1345891666666667,0.09883791666666666,0.12302249999999999,0.15167083333333334,0.185695,0.09755291666666667,0.10690708333333333,0.10172208333333334,0.10317791666666667,0.12362875000000002,0.17490041666666667,0.12480375,0.16770125,0.11141708333333333,0.12055625,0.07381333333333333,0.17574208333333333,0.11642833333333334,0.09708666666666667,0.023599583333333334,0.03974958333333334,0.10530333333333333,0.20978041666666666,0.23230791666666667,0.2606266666666667,0.02399291666666667,0.016257083333333335,0.02593333333333333,0.049255416666666677,0.016546666666666668,0.19633125,0.41105625,0.03171750000000001,0.02478958333333334,0.07673625,0.25151125,0.31854,0.09759,0.117265,0.08184875,0.08620791666666668,0.11631833333333333,0.14966583333333333,0.27688875,0.22183958333333334,0.07464416666666666,0.03964875,0.034787500000000006,0.23114999999999997,0.26617875,0.14245,0.10149250000000001,0.07111833333333333,0.025230416666666665,0.055945416666666664,0.10643708333333335,475.54166666666674,7.105427357601002e-15,melania_trump-mika_brzezinski3-allCL0,"[2, 3, 4, 5, 6, 7, 8, 27, 34, 35, 36, 37, 38, 39, 40, 41, 44, 45, 46, 47, 50, 51, 52, 53]"
0.12131172413793101,-0.07666931034482752,-0.09177965517241381,0.19523758620689655,-0.038532758620689646,0.2788648275862068,-0.35798413793103445,0.29178689655172424,0.19033172413793104,-0.58441,-0.1827562068965517,0.3360851724137931,-0.4377472413793105,-0.17331793103448276,-0.20276620689655178,0.06798724137931031,0.0187634482758621,0.06319137931034483,-0.032291724137930994,0.30522310344827586,0.12088827586206898,-0.2854024137931035,-0.10725862068965517,-0.04745482758620691,0.18179275862068964,-0.33910310344827593,0.14592655172413793,0.023881379310344807,0.04529068965517247,0.03088206896551727,-0.24098068965517244,-0.21236413793103454,-0.05661655172413791,-0.35100000000000003,-0.0037120689655172276,0.03446655172413791,0.2247993103448276,-0.030992413793103468,-0.23726965517241375,0.13563965517241383,-0.24159344827586215,0.0991120689655172,0.1735741379310344,-0.10813827586206899,0.18108448275862057,-0.2334713793103449,0.354215172413793,-0.13926482758620692,0.2977951724137931,-0.2504937931034483,-0.13146068965517244,0.03896344827586207,0.11189689655172415,0.23242965517241373,-0.1112758620689655,-0.26402448275862067,-0.1656244827586206,-0.1599772413793103,0.16133275862068974,-0.29254172413793106,0.14702896551724137,0.008872068965517245,0.07637931034482762,0.06637310344827584,-0.22208206896551713,-0.20310068965517247,-0.06470137931034485,-0.17243724137931032,0.5264324137931035,0.1230644827586207,0.050289655172413794,0.19052655172413793,0.26733724137931036,0.017170689655172416,0.02952862068965517,0.14047896551724137,0.1460493103448276,0.07950931034482758,0.05435448275862069,0.3254624137931035,0.5785372413793103,0.05748862068965517,0.053129655172413796,0.050296206896551725,0.1085244827586207,0.057673103448275864,0.04856689655172414,0.30594310344827585,0.5019800000000001,0.05258655172413793,0.19860310344827586,0.07094896551724138,0.22120586206896553,0.04722655172413793,0.028300344827586206,0.19131965517241378,0.407668275862069,0.07134103448275862,0.1590803448275862,0.21868827586206896,0.7975906896551724,0.060881034482758625,0.0317,0.04629241379310345,0.09926689655172413,0.052611379310344826,0.04537655172413793,0.21111,0.3789124137931035,0.16501137931034482,0.09665517241379311,0.14638172413793105,0.18537931034482757,0.11224655172413793,0.12828586206896553,0.1319541379310345,0.2638706896551724,0.2296303448275862,0.1772737931034483,0.18613137931034485,0.21141862068965517,0.08793172413793103,0.1046951724137931,0.08387724137931035,0.3548455172413793,0.040539310344827585,0.033969310344827586,0.03855655172413793,0.0679744827586207,0.11801620689655172,0.3582172413793103,0.3327051724137931,0.693011724137931,0.03884344827586207,0.013040689655172414,0.007867241379310344,0.012867586206896552,0.015519999999999999,0.10684379310344827,0.45683103448275864,0.3146972413793104,0.20852689655172413,0.15693206896551726,0.1214048275862069,0.17629620689655173,0.10230620689655172,0.14263379310344826,0.12202931034482759,0.28127793103448273,0.2850651724137931,0.20086965517241379,0.10559482758620689,0.13058206896551725,0.08668068965517242,0.1353648275862069,0.11939344827586207,0.43562758620689657,0.10998793103448276,0.07063689655172414,0.02812241379310345,0.057431034482758624,0.08834931034482758,0.22312241379310346,0.3315486206896552,0.4951613793103448,0.01692448275862069,0.011168275862068967,0.10136896551724137,0.19272655172413794,0.021385172413793105,0.15915241379310346,0.3469379310344828,0.08596344827586207,0.07232413793103448,0.08265931034482758,0.4216310344827587,0.3525162068965517,0.11147206896551724,0.1230103448275862,0.09525137931034483,0.10501034482758621,0.09481586206896551,0.12140103448275863,0.37720896551724137,0.45159241379310344,0.06686068965517242,0.0589548275862069,0.0689844827586207,0.35174206896551724,0.19327586206896552,0.10660103448275862,0.17508620689655172,0.24152724137931034,0.04341896551724138,0.06019,0.1729851724137931,93.82758620689671,7.105427357601002e-15,melania_trump-mika_brzezinski3-allCL1,"[9, 10, 11, 12, 13, 14, 15, 16, 17, 18, 19, 20, 21, 22, 23, 24, 25, 26, 28, 29, 30, 31, 32, 33, 42, 43, 48, 49, 54]"
-1.02902,1.1280149999999998,-1.023625,-1.21491,-0.94257,-1.016535,1.130465,-0.7762849999999999,-0.36911499999999997,0.877015,-1.4217600000000001,0.23906,1.93362,-1.195,0.9382849999999999,-1.28938,-0.5516599999999999,0.09133500000000008,-0.94465,-1.381685,0.23068500000000003,-0.39393,2.266635,0.704685,-0.7487699999999999,-0.8406499999999999,-0.427075,-0.680925,-0.23964000000000002,-0.20511,-0.822535,-0.3395,-0.653165,-0.577825,-0.97302,2.559825,0.6687700000000002,-0.74485,0.64261,-0.86398,0.798605,-0.6556150000000001,-0.53356,0.7749,0.32297499999999996,1.6878549999999999,-0.6125649999999999,0.19843999999999998,0.7432650000000001,0.48155000000000003,0.5417900000000001,1.0762850000000002,1.8817149999999998,0.066185,-0.71957,-0.408945,2.555235,0.925385,-0.72781,-0.62857,-0.342175,-0.553125,-0.20476499999999997,-0.046745000000000085,-0.68342,-0.11936999999999995,-0.435855,-0.605935,0.368465,0.174345,0.14189500000000002,0.17546,0.321905,0.02724,0.0112,0.27949,0.059609999999999996,0.10877,0.10978500000000001,0.34022,0.67709,0.10214499999999999,0.08614,0.016235,0.05492,0.02264,0.019639999999999998,0.5491950000000001,0.400655,0.145555,0.22025,0.08715,0.223795,0.02392,0.02305,0.295245,0.493275,0.110255,0.1412,0.18925999999999998,0.621345,0.17389500000000002,0.09473999999999999,0.121415,0.14473999999999998,0.059519999999999997,0.046020000000000005,0.238325,0.15047,0.103755,0.09573000000000001,0.24268,0.353215,0.22671500000000003,0.17225000000000001,0.15517999999999998,0.14336,0.16463,0.25114000000000003,0.26729,0.2229,0.14053,0.186295,0.12385,0.27967500000000006,0.058960000000000005,0.03404,0.07233,0.157855,0.11018,0.30476000000000003,0.48219500000000004,0.5150049999999999,0.032825,0.019110000000000002,0.026180000000000002,0.029400000000000003,0.02446,0.13874,0.71427,0.236375,0.145325,0.184245,0.245505,0.399745,0.06903000000000001,0.09966,0.12010000000000001,0.193065,0.111095,0.16291499999999998,0.13717,0.256035,0.18978500000000004,0.25001,0.19992,0.521895,0.09926499999999999,0.055995,0.042910000000000004,0.08993999999999999,0.076115,0.1867,0.42717499999999997,0.57545,0.025320000000000002,0.016335000000000002,0.09784000000000001,0.16762,0.03535,0.18654500000000002,0.39553499999999997,0.03848000000000001,0.03884,0.077955,0.33365,0.6476000000000001,0.147775,0.14101,0.074695,0.111705,0.12035500000000002,0.226875,0.47916000000000003,0.36242,0.054525000000000004,0.07302,0.071935,0.639055,0.16817,0.056874999999999995,0.182305,0.187265,0.03948,0.06946000000000001,0.15738,90.0,1451.0,melania_trump-mika_brzezinski3-allCL2,"[0, 1]"
-0.08362119999999995,0.35473199999999994,0.2619924,-0.16813399999999995,0.08893640000000003,-0.2592588,0.2927308,-0.20956400000000003,0.043155200000000046,0.5174251999999999,-0.09450159999999999,-0.2574603999999999,-0.03368120000000001,-0.0062099999999999725,-0.10143360000000007,-0.5750316000000001,-0.26713560000000003,-0.3871416,-0.0164544,-0.17664879999999997,0.1654568,-0.008368799999999996,0.014328400000000012,0.06616040000000004,0.0650368,0.1793496,-0.0772012,-0.08608919999999998,-0.21696079999999998,0.06150919999999996,-0.12381399999999998,-0.007162800000000028,-0.03374480000000003,-0.20770960000000002,0.11264119999999997,-0.027883599999999953,-0.2529824,-0.03666360000000001,0.24121720000000002,-0.16901320000000003,-0.08498360000000005,-0.15187040000000002,-0.011245200000000004,-0.13402800000000004,-0.18169999999999994,0.08933160000000007,-0.1475092,-0.028744800000000018,0.08492160000000007,0.3110568,0.38082439999999995,-0.005265599999999961,-0.013965999999999987,-0.08118920000000002,0.02195600000000002,-0.05033200000000003,-0.016353599999999968,-0.0004412000000000235,0.020293599999999978,0.18426199999999998,0.028542000000000012,-0.060170799999999997,-0.1651584,-0.005892800000000028,-0.3135856,0.0039055999999999744,0.04260200000000003,-0.23009200000000002,0.3282772,0.2090944,0.0643392,0.1633792,0.1101468,0.0195212,0.0117424,0.0935004,0.08270759999999999,0.0866128,0.053674400000000004,0.2696708,0.2512432,0.1511844,0.07105,0.0338552,0.037132000000000005,0.028389199999999993,0.06246,0.2502284,0.2863704,0.0693732,0.2013452,0.0647,0.08820800000000001,0.015485200000000001,0.0178532,0.1921892,0.2712296,0.0585988,0.18638960000000002,0.1700476,0.4854132,0.0995028,0.038696,0.0365384,0.0551668,0.0461712,0.0442544,0.1942572,0.1737748,0.1039844,0.0613644,0.1694656,0.1294968,0.1295824,0.136936,0.0953952,0.1601324,0.11662439999999999,0.1207952,0.15508760000000002,0.1718228,0.09744320000000001,0.08763320000000001,0.0904604,0.10498439999999999,0.0291424,0.0407548,0.065262,0.109,0.1156804,0.3458424,0.1893328,0.3684956,0.0315916,0.0096592,0.005655200000000001,0.008364,0.0124984,0.1201844,0.4435508,0.1599648,0.0948032,0.1281384,0.1400504,0.1455072,0.1015312,0.1150236,0.1149824,0.09838920000000001,0.098882,0.1373952,0.1491572,0.2320964,0.1148176,0.0966188,0.0726424,0.2070488,0.1253824,0.15624079999999999,0.0438924,0.0371944,0.06973320000000001,0.1574344,0.20307160000000002,0.299408,0.0308892,0.0162524,0.0344956,0.058157999999999994,0.020038,0.1481396,0.392618,0.0373268,0.027776000000000002,0.0652448,0.1861756,0.30609,0.1038468,0.146424,0.1271128,0.0663032,0.0891804,0.15124,0.2913808,0.2555312,0.0887544,0.0331672,0.0244428,0.2557664,0.2558344,0.1510492,0.119628,0.0686284,0.0219808,0.0402916,0.08682199999999998,487.31999999999994,0.0,melania_trump-mika_brzezinski6-allCL0,"[2, 3, 4, 5, 6, 9, 10, 12, 14, 17, 21, 23, 24, 26, 28, 29, 35, 37, 38, 40, 41, 42, 43, 47, 48]"
0.1416507692307692,-0.524156923076923,-0.06295923076923074,0.08391153846153848,0.01611461538461538,0.044869230769230745,-0.1826815384615385,-0.08899153846153847,-0.38758307692307686,-0.6856153846153845,0.04453461538461538,0.30630384615384615,0.19382461538461537,0.21794538461538465,-0.05335846153846155,0.7068484615384616,0.26764,0.08592846153846154,0.10249615384615376,0.2613938461538462,-0.11575461538461541,0.2393976923076923,0.010731538461538454,0.3931276923076924,0.2658053846153847,-0.43052769230769233,-0.17423,-0.2396807692307692,0.5645976923076923,0.09734384615384616,-0.01008230769230764,0.16122615384615385,-0.03460692307692312,0.2965153846153846,-0.18839846153846163,-0.08439692307692305,0.37150461538461543,-0.2987807692307692,-0.40288307692307684,-0.016981538461538468,0.060116153846153854,-0.07091076923076924,0.05934153846153842,-0.012569230769230798,-0.29562384615384624,-0.03172307692307691,0.24746692307692306,0.17516538461538467,0.08422153846153849,-0.4699684615384615,-0.35611076923076923,0.04037153846153847,-0.10887,0.15245,-0.062355384615384604,0.2932815384615385,0.09257692307692308,0.5107223076923076,0.32898,-0.40067923076923084,-0.21508615384615387,-0.26511307692307695,0.5220638461538462,0.33171999999999996,0.0600953846153847,0.22249461538461524,-0.08002384615384614,0.22002461538461537,0.44432846153846156,0.13689769230769233,0.041322307692307686,0.15689,0.18379153846153845,0.01943846153846154,0.013770000000000001,0.08048769230769232,0.10541384615384615,0.06038076923076924,0.039713846153846155,0.27707615384615386,0.3237553846153846,0.13147846153846154,0.07648615384615386,0.06261615384615385,0.060772307692307695,0.03896923076923077,0.07063076923076923,0.2275923076923077,0.4140015384615385,0.04056,0.1677,0.05669846153846154,0.14100538461538462,0.016286153846153846,0.017642307692307693,0.20467538461538462,0.2612407692307692,0.06034153846153846,0.17939230769230768,0.19633923076923077,0.6450861538461539,0.08392538461538462,0.02834846153846154,0.027313076923076926,0.058320000000000004,0.03679769230769231,0.028712307692307693,0.16842153846153846,0.22054384615384615,0.17489307692307693,0.06758,0.14443846153846154,0.13543692307692307,0.10588307692307691,0.12470692307692308,0.10344,0.16238615384615385,0.12181076923076924,0.12214846153846154,0.1617053846153846,0.22091384615384616,0.10465923076923077,0.08554461538461539,0.09775384615384615,0.15469076923076924,0.02274769230769231,0.028490769230769233,0.050753846153846156,0.0912,0.12011307692307692,0.30288461538461536,0.3060376923076923,0.45422153846153845,0.042548461538461535,0.01032923076923077,0.00561,0.012809230769230769,0.013623076923076922,0.09407230769230769,0.44370461538461536,0.21551076923076923,0.15209538461538463,0.14809769230769232,0.1291823076923077,0.12539615384615385,0.08336153846153846,0.10087846153846154,0.1224023076923077,0.14590615384615385,0.11048846153846154,0.1430523076923077,0.1349253846153846,0.22213076923076924,0.09819230769230769,0.12357307692307692,0.09865538461538462,0.3115976923076923,0.09952384615384616,0.0985,0.03739846153846154,0.041361538461538463,0.06161076923076923,0.15172846153846153,0.27520307692307694,0.37862615384615383,0.01861923076923077,0.009224615384615383,0.06100692307692308,0.12180692307692308,0.013739999999999999,0.12431307692307693,0.3495869230769231,0.06781076923076923,0.04792769230769231,0.07105384615384615,0.2854284615384616,0.28913307692307694,0.08972923076923077,0.11429230769230769,0.11155,0.06466692307692308,0.058932307692307694,0.11149846153846155,0.3174030769230769,0.40489153846153847,0.059109230769230775,0.03227692307692308,0.028143846153846155,0.26161769230769233,0.1617230769230769,0.13301538461538462,0.14949076923076923,0.16365846153846153,0.02431846153846154,0.04210384615384615,0.14099307692307692,99.84615384615381,0.0,melania_trump-mika_brzezinski6-allCL1,"[0, 1, 25, 33, 34, 39, 45, 46, 50, 51, 52, 53, 54]"
0.144524705882353,0.12455411764705879,-0.1144470588235294,0.24784529411764705,0.038120588235294114,0.32936647058823526,-0.14096470588235294,0.4012800000000001,0.20849823529411768,-0.12628647058823528,-0.14195294117647056,0.23835823529411765,0.045879411764705905,-0.34128882352941187,0.1987188235294118,-0.07113117647058825,0.18710882352941174,0.21284941176470587,-0.19639470588235297,-0.13013999999999998,-0.18792882352941184,-0.0038017647058823517,0.053284705882352956,-0.28746823529411764,-0.2520188235294118,-0.10349941176470591,0.06001882352941179,-0.16092764705882354,-0.32530235294117643,-0.17373176470588234,0.10737823529411766,-0.23631235294117647,0.19021588235294123,-0.0020947058823528736,0.08917176470588234,0.34145411764705885,0.04880588235294113,0.3327399999999999,0.04687117647058823,0.28127117647058825,0.035260588235294085,0.30133823529411774,0.11977294117647057,0.009054705882352923,0.46844117647058825,-0.25532352941176467,0.16455294117647062,-0.19202764705882344,-0.053568235294117576,0.21712176470588235,-0.31533705882352947,-0.09954352941176466,0.14080941176470588,0.02103294117647058,0.02642470588235293,0.004798823529411779,0.020812352941176452,-0.2638411764705883,-0.18713294117647067,-0.007974705882352903,0.0032958823529411763,-0.18556411764705882,-0.2948229411764705,-0.1930452941176471,0.32222411764705877,-0.3463917647058824,0.15105058823529402,0.10533941176470588,0.3133958823529412,0.17893588235294117,0.07566823529411765,0.15474470588235295,0.1361594117647059,0.015523529411764707,0.013847058823529412,0.1117270588235294,0.09385176470588236,0.12336588235294116,0.09073588235294118,0.2947805882352941,0.2251976470588235,0.09826882352941177,0.04657352941176471,0.027225294117647063,0.04254058823529412,0.07749764705882353,0.09378411764705882,0.24359882352941176,0.24014470588235293,0.06110705882352941,0.18338000000000002,0.05794470588235295,0.10206235294117648,0.03304882352941177,0.029392941176470587,0.18810235294117647,0.27836764705882355,0.05789705882352941,0.16240117647058824,0.1487294117647059,0.4345876470588235,0.1024870588235294,0.06612705882352941,0.04821529411764706,0.06185294117647059,0.04546470588235294,0.042918235294117646,0.19834941176470589,0.1276758823529412,0.0813794117647059,0.10328176470588235,0.18122823529411766,0.16653,0.12629058823529413,0.1238635294117647,0.08975058823529411,0.14214,0.11242411764705883,0.11971764705882353,0.1750729411764706,0.16217058823529412,0.0914164705882353,0.0902235294117647,0.10683411764705883,0.11431176470588235,0.04992411764705883,0.05463,0.09488,0.1272964705882353,0.12301588235294118,0.2807605882352941,0.15517999999999998,0.34683588235294116,0.025315882352941174,0.014624705882352942,0.012144117647058823,0.014428823529411765,0.028141764705882352,0.1398794117647059,0.41862764705882355,0.1506941176470588,0.09915411764705882,0.1032,0.12088764705882353,0.16166882352941175,0.11352294117647059,0.14215411764705882,0.10871647058823529,0.14286058823529413,0.10304705882352941,0.1324635294117647,0.12706705882352942,0.18335058823529413,0.10176647058823529,0.11373294117647059,0.09571058823529412,0.22944235294117646,0.15708529411764707,0.10494,0.03915882352941177,0.06916882352941175,0.07024117647058824,0.15477235294117647,0.17519235294117647,0.32156529411764706,0.030846470588235295,0.029155882352941174,0.037993529411764704,0.05688941176470588,0.02411294117647059,0.14487823529411764,0.35455470588235294,0.04313705882352941,0.026906470588235296,0.06436705882352942,0.18399470588235295,0.3015129411764706,0.1245535294117647,0.15928882352941176,0.09623823529411765,0.06499058823529412,0.0785964705882353,0.13623,0.26841470588235294,0.27599823529411766,0.10385,0.04710588235294118,0.02481294117647059,0.26383823529411765,0.23014823529411765,0.13985,0.09202882352941176,0.08092764705882352,0.031744117647058825,0.051234705882352946,0.11022588235294117,303.11764705882354,0.0,melania_trump-mika_brzezinski6-allCL2,"[7, 8, 11, 13, 15, 16, 18, 19, 20, 22, 27, 30, 31, 32, 36, 44, 49]"
-0.08923081081081075,-0.08672621621621619,-0.17173783783783783,-0.22315729729729736,-0.13302027027027033,-0.20868648648648647,0.3506362162162161,-0.15964513513513506,-0.3207983783783784,0.23161162162162163,0.025648918918918868,-0.10398108108108106,-0.18032486486486485,-0.37218945945945964,-0.23541027027027034,-0.34162837837837856,-0.12139648648648631,-0.423824864864865,0.05768540540540544,-0.16839054054054056,-0.02258027027027027,0.20820675675675676,0.18904702702702697,0.12174621621621623,0.05935837837837843,-0.08353081081081079,0.044126486486486476,-0.16699351351351352,-0.013872702702702848,-0.01924243243243243,-0.09994540540540545,0.0008667567567567647,-0.009629459459459415,0.1529654054054054,0.018573783783783743,0.2133327027027027,0.22842243243243235,-0.019434864864864867,0.23549270270270262,-0.09115405405405398,0.3009940540540541,-0.14641837837837832,0.24729972972972955,0.20461243243243243,0.06670918918918915,0.2340324324324324,0.028241621621621655,0.004104864864864909,0.18823513513513518,0.16807108108108115,-0.09388405405405406,0.15002972972972972,0.20877594594594595,0.12883756756756748,0.16171864864864852,0.22570891891891903,0.20697162162162158,0.042131621621621616,0.06974756756756752,0.00045378378378386,0.08919513513513513,-0.14672297297297293,0.03308810810810808,-0.06815162162162167,-0.08065972972972972,0.046227567567567546,-0.10355702702702703,0.16575513513513515,0.46575945945945946,0.19183297297297297,0.0751354054054054,0.23987648648648646,0.23712864864864863,0.03153864864864865,0.03263783783783784,0.21257486486486488,0.16039054054054055,0.10707648648648649,0.052778378378378385,0.4737618918918919,0.42159216216216217,0.11086810810810813,0.07335837837837837,0.08665864864864865,0.13785702702702704,0.07297756756756757,0.06682675675675676,0.34713702702702703,0.5779143243243244,0.04086837837837838,0.1258362162162162,0.1170708108108108,0.2538110810810811,0.07504567567567567,0.03571918918918919,0.2936686486486486,0.360292972972973,0.06347081081081081,0.16029297297297296,0.24418216216216218,0.5545840540540541,0.16692216216216216,0.10169108108108109,0.05454432432432432,0.06324918918918918,0.08060189189189189,0.11217081081081082,0.3527224324324324,0.2163516216216216,0.21726837837837837,0.17081432432432433,0.23551432432432434,0.2127727027027027,0.1619981081081081,0.14562297297297297,0.12614594594594594,0.15823783783783785,0.16395324324324323,0.3323289189189189,0.3621629729729729,0.2097389189189189,0.1063083783783784,0.07155243243243244,0.08220324324324324,0.27065108108108105,0.109992972972973,0.18133513513513516,0.1614594594594595,0.10826540540540541,0.08859216216216216,0.2683354054054054,0.2978535135135135,0.5740762162162162,0.06786216216216216,0.05056162162162162,0.05015810810810811,0.07516594594594594,0.06112918918918919,0.11957189189189188,0.4879602702702703,0.15244702702702703,0.13840351351351352,0.16226972972972972,0.1757283783783784,0.2895483783783784,0.24904837837837837,0.20398891891891893,0.11505054054054055,0.2623635135135135,0.18019891891891893,0.20435108108108108,0.1664845945945946,0.2950402702702703,0.1507383783783784,0.13643378378378382,0.09087324324324325,0.5045264864864865,0.14036567567567568,0.15454513513513513,0.08343972972972973,0.08407,0.06376216216216216,0.19060405405405406,0.2651716216216216,0.3922648648648649,0.04941054054054053,0.04167648648648649,0.14728918918918918,0.19210891891891893,0.05674648648648649,0.14543621621621622,0.46155243243243244,0.061974864864864865,0.04025756756756757,0.07379216216216217,0.34204864864864865,0.6134491891891892,0.11787081081081081,0.15097783783783783,0.08611513513513513,0.0776681081081081,0.08006891891891892,0.15836864864864864,0.5237932432432433,0.4763932432432433,0.06448351351351352,0.06565675675675675,0.04005189189189189,0.36185432432432435,0.2290527027027027,0.2313845945945946,0.24261027027027027,0.1680964864864865,0.02106972972972973,0.03777756756756757,0.19463945945945946,240.10810810810813,29.081081081081265,melania_trump-mika_brzezinski7-allCL0,"[0, 1, 2, 3, 4, 5, 6, 7, 8, 9, 10, 11, 12, 13, 14, 15, 16, 17, 18, 19, 20, 32, 33, 34, 35, 37, 38, 39, 40, 41, 44, 45, 46, 47, 48, 49, 50]"
0.18614909090909101,0.35335272727272726,0.3277263636363637,0.2259245454545455,0.23046090909090908,0.15649272727272723,-0.5530890909090909,-0.02493818181818184,0.6296854545454545,-0.486790909090909,0.12416454545454553,-0.07754818181818182,0.58344,0.49748909090909077,0.2229627272727274,0.6421145454545455,0.4068545454545455,0.525458181818182,-0.3129009090909091,0.1752136363636364,-0.2825063636363636,-0.2424672727272727,-0.3930509090909091,-0.43366,0.05502636363636366,0.2976045454545455,-0.15223636363636367,0.21736272727272726,-0.20033272727272725,0.12170181818181812,0.08422454545454543,0.04766181818181818,0.08088636363636365,-0.36082363636363635,-0.07979272727272724,-0.33239818181818187,-0.5017254545454545,-0.24223272727272724,-0.23328818181818184,-0.15134454545454543,-0.5675409090909089,-0.0928336363636364,-0.4609054545454544,-0.31210454545454547,-0.1500318181818182,-0.20782454545454546,0.15161545454545453,0.2955663636363637,-0.4297990909090909,-0.38570090909090904,0.33203454545454547,-0.0689,-0.37543181818181826,-0.0850045454545455,-0.21879363636363636,-0.31954818181818184,-0.444010909090909,-0.3868245454545455,-0.0971227272727273,0.07104454545454549,-0.21656909090909088,0.36219181818181834,-0.20987636363636364,0.25574272727272723,0.10837818181818178,0.03229909090909093,0.2102481818181818,-0.3973645454545454,0.6206318181818182,0.1260272727272727,0.09126090909090909,0.38930454545454546,0.32557545454545456,0.054607272727272727,0.07615454545454546,0.31643363636363636,0.12374636363636364,0.07469636363636363,0.09693818181818181,0.8791872727272727,0.6387181818181819,0.058153636363636366,0.06497090909090909,0.06358636363636364,0.06820272727272728,0.07234272727272727,0.13157,0.600960909090909,0.9972818181818182,0.05027818181818182,0.04523818181818182,0.03412727272727273,0.3346363636363636,0.07001454545454545,0.05115181818181818,0.24160727272727273,0.8841663636363637,0.05472090909090909,0.10686090909090909,0.25684181818181817,0.6728445454545455,0.12423000000000001,0.12392818181818183,0.14978363636363634,0.11836454545454544,0.11624545454545454,0.2008981818181818,0.49370545454545456,0.15925090909090908,0.14325272727272725,0.1988590909090909,0.3880772727272727,0.43788363636363636,0.30127272727272725,0.20779363636363637,0.16360636363636363,0.18102000000000001,0.12035272727272726,0.2773654545454545,0.34027454545454544,0.37028999999999995,0.23087454545454544,0.25168363636363633,0.22814545454545454,0.3185009090909091,0.1458081818181818,0.37337454545454546,0.30016,0.25934545454545455,0.15653454545454545,0.10308181818181816,0.3431909090909091,0.6679154545454545,0.04153545454545454,0.04033909090909091,0.07827636363636364,0.12030363636363636,0.10562363636363636,0.2737372727272727,0.6722736363636364,0.2598936363636364,0.2090209090909091,0.2071409090909091,0.24982181818181817,0.21394090909090907,0.26492272727272725,0.38902909090909094,0.20622909090909092,0.24246,0.21590636363636365,0.24671363636363638,0.2695036363636364,0.3672854545454546,0.26095,0.24240363636363638,0.15477636363636363,0.8695536363636364,0.22719,0.22397,0.10876,0.08350272727272727,0.05436909090909091,0.09984818181818181,0.33280727272727273,0.6805218181818182,0.09381363636363636,0.057394545454545455,0.17322272727272728,0.24043272727272727,0.06062,0.17077636363636364,0.5232209090909091,0.11370272727272729,0.05555818181818182,0.09420454545454546,0.44238636363636363,0.8594245454545455,0.1414109090909091,0.16500818181818183,0.1283009090909091,0.05033636363636364,0.0511290909090909,0.14651,0.8465545454545456,0.68988,0.09797545454545455,0.07527181818181819,0.042342727272727275,0.5915354545454545,0.24281818181818182,0.1801981818181818,0.3724909090909091,0.2520181818181818,0.030317272727272727,0.06018818181818182,0.27043272727272727,136.63636363636363,2144.363636363636,melania_trump-mika_brzezinski7-allCL1,"[22, 23, 24, 25, 26, 27, 28, 29, 30, 42, 54]"
-0.2135714285714285,-0.2568485714285714,0.023585714285714314,0.4386971428571428,0.37011428571428573,0.3804871428571428,-0.5525557142857143,0.4619914285714285,0.27873857142857145,-0.25525571428571425,-0.2749771428571429,0.9993128571428571,0.16451714285714286,0.3348285714285714,0.6026471428571429,0.2586214285714286,-0.0161185714285714,0.7702857142857142,0.20585,0.2009771428571429,0.37641428571428576,-0.37631285714285717,-0.18408714285714284,0.24297571428571435,-0.16762000000000002,0.026148571428571424,0.09358285714285712,0.7451985714285712,-0.06394857142857142,0.04296714285714284,0.5588714285714285,0.4459042857142857,0.046582857142857204,-0.016061428571428567,-0.1897142857142857,-0.2839585714285714,0.05078714285714293,0.4957414285714286,-0.6980299999999999,0.6191642857142857,-0.29810142857142863,0.7298214285714287,-0.11970714285714285,0.03128571428571431,-0.31187428571428566,-0.8168942857142858,-0.18713857142857157,-0.19518857142857138,-0.11756285714285718,-0.27483714285714284,0.41942,-0.07574428571428575,0.04461142857142862,-0.22161428571428568,-0.4548242857142857,-0.4083714285714286,-0.24795857142857136,0.5985871428571427,0.16759999999999997,0.024981428571428564,-0.03944999999999998,0.45557714285714296,-0.21760857142857143,0.18041857142857148,0.5781071428571428,0.14597,-0.0068328571428571475,-0.16733285714285712,0.5338828571428571,0.16019714285714287,0.11034857142857143,0.3427242857142857,0.3809071428571429,0.06629142857142858,0.058120000000000005,0.34752714285714287,0.16511714285714285,0.08936,0.06335285714285714,0.75108,0.7091014285714285,0.05366285714285714,0.08974142857142857,0.07858428571428572,0.12578142857142857,0.06942285714285715,0.09784714285714285,0.49924714285714283,0.9325542857142858,0.09870999999999999,0.08726714285714285,0.08916857142857143,0.3759585714285714,0.05582714285714285,0.06616857142857142,0.42057428571428573,0.6560871428571429,0.07256857142857143,0.09305428571428571,0.25975714285714285,0.6346114285714286,0.14574428571428572,0.13182000000000002,0.11144285714285714,0.09084,0.1392857142857143,0.22573714285714286,0.5205157142857143,0.17234428571428573,0.18254857142857142,0.21194000000000002,0.3073414285714286,0.4106857142857143,0.33217714285714284,0.23391571428571428,0.14904571428571428,0.1873442857142857,0.10417428571428572,0.45906428571428576,0.4803314285714286,0.2370857142857143,0.18424142857142858,0.18224285714285715,0.1655157142857143,0.3926542857142857,0.1750914285714286,0.3466957142857143,0.2613857142857143,0.19213714285714287,0.14882285714285715,0.12469857142857142,0.35851571428571427,0.75717,0.08518,0.06340714285714286,0.09875571428571428,0.13706428571428572,0.13348142857142858,0.17982428571428571,0.5451128571428572,0.20891142857142858,0.12963714285714287,0.1625957142857143,0.2088614285714286,0.2397042857142857,0.3775357142857143,0.47790714285714286,0.19484857142857143,0.3435985714285714,0.21311714285714287,0.28143,0.20396714285714285,0.37777428571428573,0.24846857142857143,0.19455142857142857,0.1370914285714286,0.9424914285714285,0.12467857142857143,0.1746585714285714,0.1453657142857143,0.10399428571428572,0.062,0.13016857142857144,0.3166428571428571,0.5800071428571429,0.08877857142857143,0.08744857142857143,0.26459571428571427,0.29956,0.0859242857142857,0.13829285714285713,0.45539142857142856,0.10616285714285714,0.058692857142857144,0.09126142857142858,0.5488428571428572,0.7810271428571428,0.12914285714285714,0.19221428571428573,0.09265857142857142,0.06750714285714286,0.07415428571428571,0.1493,0.7123942857142858,0.7728914285714286,0.08700285714285715,0.09081285714285714,0.04592857142857143,0.5627442857142857,0.22489714285714285,0.23081714285714286,0.37098,0.3177642857142857,0.02698142857142857,0.031267142857142854,0.23454857142857144,136.42857142857142,1384.142857142857,melania_trump-mika_brzezinski7-allCL2,"[21, 31, 36, 43, 51, 52, 53]"
0.026910476190476165,0.011519523809523757,-0.06109119047619049,1.3095238095200967e-05,-0.02728523809523798,-0.003749047619047652,-0.14765047619047622,0.006003809523809474,0.16043999999999997,-0.22114904761904758,0.005748095238095226,-0.07097500000000002,-0.09627642857142853,0.12253690476190478,-0.1898745238095237,0.127227619047619,-0.15811857142857144,-0.027241428571428625,0.06913428571428572,-0.15529214285714285,0.04740047619047617,0.11098357142857143,-0.03354071428571424,-0.07752547619047623,-0.14588238095238099,0.11517880952380953,0.07016928571428574,0.08595452380952381,-0.08362333333333331,-0.1054514285714287,-0.10359500000000006,-0.02054333333333335,-0.0796588095238095,-0.16150309523809522,-0.027279761904761904,0.05554309523809538,0.11475761904761907,-0.015282619047619038,0.0034700000000000147,-0.005431904761904756,-0.13832738095238098,0.014295238095238104,0.008634285714285705,0.023518333333333266,-0.1023895238095238,0.015633809523809543,0.008831666666666689,-0.06690642857142853,0.009605238095238122,0.017300238095238105,0.021438809523809506,-0.04509428571428574,-0.0543102380952381,-0.015369047619047588,0.10265690476190478,0.11315999999999997,-0.05366857142857144,-0.0027378571428571183,-0.1180542857142857,0.1415721428571429,0.0634159523809524,0.07500571428571433,-0.106775,-0.11571333333333332,-0.13704023809523813,0.02737547619047616,-0.07282595238095235,-0.10145690476190475,0.3920640476190476,0.15366428571428573,0.049460476190476194,0.15116761904761905,0.14494047619047615,0.019602857142857144,0.008912142857142855,0.08018761904761904,0.07066261904761906,0.057524047619047586,0.053853095238095235,0.2881304761904762,0.36003809523809527,0.1073845238095238,0.04096595238095238,0.021440714285714285,0.027214761904761908,0.036558095238095244,0.069445,0.2580421428571429,0.31099214285714283,0.05900333333333332,0.1949492857142857,0.04379690476190476,0.10539190476190474,0.019513809523809527,0.024209523809523813,0.19379738095238097,0.275662619047619,0.05247214285714285,0.17364880952380954,0.1553057142857143,0.41915214285714286,0.07741619047619047,0.036625000000000005,0.06424666666666666,0.11213142857142856,0.048755,0.034143095238095236,0.2075297619047619,0.16981690476190478,0.09822119047619048,0.0679992857142857,0.14849785714285713,0.1718054761904762,0.12471142857142858,0.12277619047619048,0.09616928571428572,0.1346311904761905,0.10576166666666664,0.12075095238095238,0.18721333333333334,0.20606619047619046,0.07612714285714287,0.0722804761904762,0.09716571428571429,0.12084904761904763,0.02479880952380952,0.04088976190476191,0.10260476190476191,0.12067619047619046,0.12635119047619048,0.2865107142857143,0.17731904761904763,0.37868166666666664,0.01639166666666667,0.011035,0.007173571428571425,0.010152857142857144,0.011106190476190478,0.09712142857142855,0.468337380952381,0.19096357142857143,0.1059140476190476,0.12225928571428571,0.12567357142857147,0.15896785714285713,0.09236119047619047,0.10289619047619047,0.10096309523809524,0.14102071428571428,0.10330714285714285,0.13825904761904761,0.13084809523809526,0.17490238095238098,0.10041642857142856,0.12576238095238096,0.08548166666666668,0.25967666666666667,0.14671738095238096,0.10488642857142856,0.02885119047619048,0.03764,0.05292666666666666,0.13031238095238096,0.23898761904761906,0.2462266666666667,0.014881904761904763,0.011067857142857143,0.04179357142857144,0.07898833333333334,0.019276904761904752,0.1786971428571429,0.40906761904761907,0.02785214285714286,0.022535952380952386,0.06492666666666667,0.25667214285714285,0.3737840476190476,0.10281166666666666,0.09581166666666667,0.05560523809523809,0.060878095238095245,0.0907045238095238,0.13045071428571428,0.3018354761904762,0.27874738095238094,0.07089809523809523,0.03835690476190476,0.02812952380952381,0.2679569047619048,0.24785380952380953,0.10152476190476191,0.09771119047619048,0.11385119047619047,0.017710238095238095,0.034490952380952386,0.11889785714285714,308.04761904761904,-5.684341886080801e-13,melania_trump-mika_brzezinski2-allCL0,"[0, 1, 2, 3, 4, 5, 6, 7, 8, 9, 10, 11, 12, 13, 14, 15, 16, 17, 18, 19, 20, 21, 34, 35, 36, 37, 38, 39, 40, 41, 42, 43, 44, 45, 46, 47, 48, 49, 50, 51, 52, 53]"
0.1445590909090909,-0.41502454545454537,0.32755909090909097,0.23953818181818182,0.23372636363636373,0.23779181818181822,-0.18299454545454547,0.34133636363636355,-0.5403818181818182,0.5266754545454545,-0.09308909090909095,0.5309118181818181,0.36766454545454547,-0.029490909090909123,0.43102,-0.17195181818181818,0.6870554545454546,0.11475363636363636,0.1971981818181818,0.4354481818181818,-0.04572090909090909,-0.35167,-0.31500272727272727,0.2982545454545454,0.28476363636363644,-0.23193909090909093,-0.34202818181818184,-0.16262818181818187,0.3470263636363638,0.5936872727272727,0.5457954545454546,-0.03319636363636366,-0.008263636363636376,0.5849154545454546,0.25004909090909094,-0.44005181818181816,-0.12140727272727274,0.2636309090909091,0.057185454545454574,0.2337636363636363,-0.15324,0.26033909090909085,-0.054897272727272746,0.1238036363636364,0.649,-0.0475436363636364,-0.25669999999999993,0.3780181818181818,-0.2599972727272727,-0.19589,-0.3177445454545455,-0.03390545454545457,-0.26384454545454544,-0.3394945454545455,-0.4917163636363637,-0.3221172727272727,-0.3757481818181818,0.12798272727272722,0.25050636363636364,-0.3398736363636364,-0.43810454545454536,-0.08766636363636363,0.433999090909091,0.6112563636363637,0.5444654545454546,-0.35862090909090905,-0.07126363636363636,0.2612718181818182,0.8866536363636364,0.15106363636363637,0.09907363636363636,0.3240536363636364,0.8795418181818182,0.021132727272727275,0.03247454545454546,0.33327636363636365,0.15110181818181817,0.3011981818181818,0.2968463636363637,0.3222936363636364,1.4112490909090911,0.09553545454545455,0.08201818181818182,0.06703090909090909,0.09728818181818183,0.05638636363636364,0.09347363636363637,0.53752,1.1069036363636364,0.3326781818181818,0.3422327272727273,0.16078818181818183,0.48554909090909093,0.08060181818181819,0.06460181818181818,0.3348718181818182,0.8333663636363636,0.3121754545454546,0.2764581818181818,0.3396509090909091,1.3158563636363636,0.20021454545454545,0.12656545454545454,0.13200454545454546,0.13264818181818183,0.08775272727272726,0.10471454545454545,0.6275154545454545,0.33389363636363634,0.23553818181818184,0.21684727272727272,0.36102,0.4999963636363637,0.37392545454545456,0.3747481818181818,0.33130454545454546,0.30071818181818183,0.3273327272727273,0.4568654545454546,0.3552909090909091,0.4577645454545454,0.33778545454545456,0.2585781818181818,0.23293454545454545,0.6226209090909091,0.15912909090909094,0.17819,0.24046272727272727,0.33515181818181816,0.35593909090909087,0.3629809090909091,0.4727972727272728,1.1572,0.043164545454545455,0.04374181818181819,0.10861545454545454,0.1692909090909091,0.12254727272727273,0.2672863636363636,0.8154272727272728,0.3018727272727273,0.22430818181818182,0.33826909090909096,0.48786000000000007,0.5232045454545455,0.30439,0.3051372727272727,0.24223181818181821,0.20170363636363636,0.18991,0.45099545454545453,0.48173181818181815,0.57823,0.39642,0.2302718181818182,0.19801000000000002,0.7170272727272726,0.27276272727272727,0.20057000000000003,0.18880363636363637,0.3104172727272727,0.2131527272727273,0.24369,0.5808472727272727,0.6589181818181817,0.05337272727272728,0.07474636363636364,0.28400545454545456,0.46260363636363633,0.18647909090909093,0.4942318181818182,0.5129136363636364,0.18383636363636363,0.09564454545454545,0.11528,0.5726172727272727,0.7796545454545454,0.41091727272727274,0.32360636363636364,0.2457145454545454,0.10868909090909092,0.19020636363636362,0.5245145454545455,0.6295627272727272,0.8247727272727273,0.2543909090909091,0.1103590909090909,0.08477909090909092,0.6096672727272728,0.43389999999999995,0.2964518181818182,0.34911636363636367,0.41256000000000004,0.09318545454545454,0.1751381818181818,0.3572545454545455,107.5454545454545,2994.8181818181815,melania_trump-mika_brzezinski2-allCL1,"[23, 24, 25, 26, 27, 28, 29, 30, 31, 32, 54]"
0.3434,0.15518500000000002,-0.40109,0.361795,0.8386649999999999,0.0065800000000000025,-0.267815,-0.47799,0.5887450000000001,0.06518000000000004,-0.49613,-0.34854,0.171455,0.70942,0.5181400000000002,-1.1821449999999998,0.178795,-0.7271,-1.21428,-0.55152,-0.3477100000000001,0.5544600000000001,2.14305,0.05389499999999998,-0.5699449999999999,-0.50062,-0.740155,-0.07124000000000005,-0.004074999999999969,-0.563625,-0.11737000000000002,-0.780855,-0.08951999999999999,-0.35424,0.23158,-0.21288000000000004,-0.42436999999999997,-0.06216499999999999,-0.879215,-0.08576500000000001,0.07686499999999999,-0.519205,-0.8409650000000001,-0.47131,-0.81343,0.480035,-0.15595000000000003,0.12593000000000004,1.2964399999999998,-0.7078749999999998,0.026835000000000005,-0.8497000000000001,2.169965,0.57965,-0.550825,0.08184500000000001,2.6323,-0.25215000000000004,-0.551095,-0.44515,-0.88472,0.14434000000000005,-0.11646000000000002,-0.5803649999999999,0.48005499999999995,-0.67535,-0.21142500000000003,0.20237,0.6769149999999999,0.154775,0.068995,0.234325,0.57914,0.01835,0.031114999999999997,0.23638,0.167925,0.19933499999999998,0.165215,0.25625000000000003,0.98746,0.107735,0.073285,0.042795,0.123445,0.061365,0.08019,0.4895550000000001,0.691285,0.17538,0.24467499999999998,0.134105,0.291405,0.04326,0.02998,0.2992,0.6482249999999999,0.172925,0.273555,0.24144500000000002,1.0808499999999999,0.11781,0.06451,0.07214,0.094355,0.062635,0.100965,0.40673000000000004,0.25353000000000003,0.15184500000000004,0.194575,0.340255,0.3123,0.246495,0.297485,0.203515,0.24257499999999999,0.234035,0.348,0.31241500000000005,0.44982999999999995,0.223775,0.097375,0.091995,0.42782499999999996,0.082015,0.13599499999999998,0.20591500000000001,0.268235,0.23487999999999998,0.35481,0.29032500000000006,0.741025,0.018885,0.01424,0.04722,0.103485,0.045755,0.26748,0.7619100000000001,0.24538500000000002,0.24964,0.21087,0.244325,0.407835,0.197295,0.21987,0.22478000000000004,0.11492000000000001,0.106645,0.284785,0.378595,0.53628,0.32218499999999994,0.16559000000000001,0.090995,0.5831500000000001,0.35005,0.22549000000000002,0.11785,0.15060500000000002,0.092995,0.149315,0.33054,0.57102,0.058185,0.0409,0.181085,0.23492000000000002,0.11007,0.3749,0.428925,0.08399,0.04321,0.12086,0.440135,0.52112,0.28308,0.260905,0.246705,0.063715,0.16718,0.33066500000000004,0.566425,0.598565,0.15569500000000003,0.075605,0.04215,0.43018,0.40022,0.17801499999999998,0.208565,0.314365,0.05802500000000001,0.14721,0.26342,226.0,1770.0,melania_trump-mika_brzezinski2-allCL2,"[22, 33]"
-0.010696000000000046,0.19867520000000002,0.12589839999999997,-0.13686039999999994,-0.1692936,-0.09110440000000003,0.1012228,-0.027511600000000053,0.18829759999999998,0.10320479999999996,-0.2944988000000001,-0.1684224,0.028758799999999966,0.1487016,-0.18725960000000014,-0.3712656000000001,0.037659999999999985,-0.06605799999999998,-0.04268919999999998,-0.21266200000000002,-0.1425512,-0.10322519999999996,0.0251632,-0.037737599999999975,-0.22904000000000002,-0.08630280000000003,-0.04338480000000005,-0.10746119999999997,-0.15422080000000005,0.15301120000000007,-0.06649359999999993,-0.1252552,0.2570028,0.027619999999999978,-0.07800960000000001,-0.008289999999999978,-0.21346559999999998,-0.07664160000000002,-0.10134519999999997,-0.1279808,0.07445199999999998,-0.09207639999999996,-0.19854320000000003,-0.2818724,-0.17772080000000004,-0.09533679999999997,-0.13223439999999997,0.024712400000000058,0.05096600000000002,-0.13309839999999995,0.010916400000000027,0.2159128,0.1756708,0.021553199999999995,-0.03065360000000001,-0.1254144,0.03218160000000003,-0.014540400000000016,-0.1945432,0.06930239999999997,0.0376896,0.023596799999999942,-0.191518,0.19294240000000001,-0.052895999999999985,-0.09992479999999998,0.3247352000000001,-0.003440799999999999,0.3458472,0.2088172,0.051627599999999996,0.155098,0.11384280000000001,0.0177788,0.0104672,0.0965204,0.0932432,0.0921488,0.0547928,0.2554692,0.286814,0.1299276,0.0565192,0.0310836,0.0328592,0.025903199999999994,0.0547176,0.2572416,0.23599759999999997,0.0672024,0.2502612,0.0758156,0.0832144,0.015488000000000002,0.016726399999999995,0.1864752,0.2661208,0.0581256,0.2031408,0.1707076,0.473958,0.11834320000000001,0.0343904,0.0424924,0.0647112,0.0480224,0.0341244,0.18395920000000002,0.1903312,0.11495040000000001,0.06072040000000001,0.1493644,0.137536,0.1280016,0.12229519999999999,0.096802,0.135902,0.112286,0.1040292,0.1736992,0.2008576,0.096122,0.0872084,0.089896,0.0809344,0.0197036,0.023776400000000003,0.05489,0.0912316,0.1507748,0.395886,0.1828028,0.33169319999999997,0.0320016,0.008756,0.0040692,0.0069028,0.011908,0.1273592,0.477308,0.1472652,0.09527079999999999,0.1136736,0.1304468,0.17744000000000001,0.1003104,0.1078528,0.1277376,0.1174804,0.1267416,0.1642984,0.125022,0.18931,0.1017016,0.1021532,0.0732928,0.1691588,0.1144776,0.1275992,0.0359308,0.0489244,0.0784964,0.1972904,0.2281204,0.2942464,0.0335652,0.0159164,0.0307628,0.046698,0.0128992,0.1539596,0.4119508,0.0368416,0.0338168,0.065842,0.2141656,0.298608,0.1057804,0.1309844,0.1139616,0.07322200000000001,0.099352,0.1562168,0.255484,0.2416956,0.101616,0.045966,0.0264484,0.2436268,0.24682400000000002,0.1704308,0.1163436,0.0667372,0.0211516,0.0454904,0.08939520000000001,496.6000000000001,-5.551115123125783e-17,melania_trump-mika_brzezinski4-allCL0,"[11, 13, 14, 16, 19, 20, 22, 23, 24, 27, 28, 30, 31, 32, 34, 42, 44, 46, 47, 48, 49, 50, 51, 52, 53]"
0.04822684210526311,0.015747368421052663,-0.16396894736842113,0.143711052631579,0.1947263157894737,0.07069421052631579,0.1451021052631579,0.07596947368421053,-0.2632526315789473,0.17238052631578943,0.3805626315789474,-0.10613631578947372,-0.2671584210526315,-0.10073789473684208,-0.02024947368421049,0.2691878947368421,-0.2787957894736843,-0.14213105263157888,0.3573815789473684,0.2120615789473684,0.26843,-0.17562789473684212,0.04609894736842107,0.16587157894736843,0.35063368421052643,0.0874957894736842,0.10767000000000002,0.34791736842105264,0.06838684210526312,-0.2164031578947368,-0.049041052631578916,0.11856157894736838,-0.1797431578947368,-0.19766894736842106,0.16344421052631578,0.05677947368421059,0.2195363157894736,0.12906421052631578,0.07533789473684213,0.11138947368421051,0.08420421052631583,0.20620842105263165,0.13179894736842104,0.5309373684210527,0.25268,0.38442105263157894,0.13740052631578947,-0.05575736842105264,0.02711631578947371,0.28978,0.020508421052631603,0.007040000000000006,-0.010455263157894763,-0.10930947368421054,0.20825999999999997,-0.10172578947368426,0.12376684210526316,0.14789789473684212,0.21086315789473678,0.03323052631578944,0.08675526315789475,0.22888999999999998,0.36743,-0.229941052631579,-0.1829826315789474,0.09890684210526317,-0.17726210526315786,-0.2614036842105263,0.3369342105263158,0.17904,0.06669789473684211,0.15334526315789473,0.12664473684210525,0.015522105263157896,0.017725789473684212,0.10409,0.07889736842105263,0.09707526315789473,0.08427894736842105,0.26771578947368424,0.28295105263157894,0.10792842105263159,0.05327894736842105,0.027874210526315793,0.04850157894736842,0.06254210526315788,0.07914842105263158,0.22258315789473684,0.27427,0.04957947368421053,0.19535526315789473,0.06802105263157895,0.09264315789473684,0.027973157894736842,0.02767263157894737,0.1737194736842105,0.2736821052631579,0.05370684210526316,0.17732526315789474,0.17327894736842106,0.4374521052631579,0.10389421052631578,0.05132052631578947,0.04353,0.06692368421052632,0.05027473684210526,0.03921578947368421,0.20738473684210526,0.17428473684210527,0.10646368421052631,0.07808526315789474,0.17863894736842104,0.1565842105263158,0.11344578947368421,0.10744894736842106,0.0850478947368421,0.11357210526315789,0.08852631578947368,0.10265894736842106,0.16958421052631578,0.21039052631578947,0.11200263157894737,0.10735894736842105,0.09590526315789473,0.15009157894736844,0.029931052631578945,0.03812157894736842,0.07221263157894736,0.10073947368421052,0.11846368421052632,0.3221584210526316,0.1682836842105263,0.3744678947368421,0.026929473684210527,0.011995789473684211,0.0053773684210526316,0.010412631578947368,0.017069473684210527,0.12025473684210526,0.43349105263157894,0.12854315789473686,0.10689789473684211,0.12453157894736842,0.13855157894736841,0.1750278947368421,0.10919473684210526,0.12199894736842105,0.09525052631578948,0.1099721052631579,0.12464526315789473,0.16795157894736842,0.12002263157894737,0.17130842105263158,0.10745421052631579,0.12455157894736842,0.07409368421052631,0.21531473684210525,0.12825894736842106,0.09083157894736843,0.024053157894736846,0.05418105263157895,0.08574105263157895,0.16645684210526315,0.23515947368421053,0.31226,0.02432315789473684,0.012481578947368422,0.021570526315789474,0.0744057894736842,0.016842105263157894,0.15410000000000001,0.38401684210526316,0.05049894736842105,0.032106315789473684,0.07488842105263158,0.21831894736842106,0.30977894736842104,0.10716052631578947,0.12574052631578947,0.08150684210526316,0.07604105263157894,0.09231789473684211,0.14712,0.2803557894736842,0.24182052631578949,0.08076894736842105,0.04971947368421052,0.031857368421052634,0.27859684210526314,0.2449563157894737,0.12890631578947367,0.08301842105263159,0.08288842105263158,0.024156315789473685,0.05376368421052631,0.10371263157894736,301.7368421052632,0.3684210526315792,melania_trump-mika_brzezinski4-allCL1,"[2, 3, 4, 5, 6, 9, 17, 18, 21, 25, 26, 29, 33, 35, 36, 38, 43, 45, 54]"
0.12322727272727274,-0.3762899999999999,0.19706999999999994,0.38356363636363644,0.37495181818181816,0.3816154545454546,-0.2382854545454546,0.02571909090909092,-0.12721818181818187,-0.23753000000000007,0.5292154545454546,0.2145990909090909,0.3069945454545454,-0.4577281818181818,0.5150290909090909,0.20846454545454546,-0.1603427272727273,0.3997581818181818,-0.3212563636363636,0.22061636363636364,0.2099590909090909,0.48897999999999986,0.022724545454545435,0.08729727272727275,0.20062181818181823,0.34796909090909084,0.09965909090909089,-0.19568454545454544,0.4392727272727271,-0.06891272727272724,0.24999727272727285,-0.12682727272727276,-0.3756036363636363,0.31731090909090903,0.08271636363636367,-0.16578090909090903,-0.18042363636363637,0.1382518181818182,-0.16423181818181817,0.3694409090909091,-0.017311818181818192,0.047818181818181815,0.1913872727272727,-0.14470545454545458,0.3143454545454546,-0.4549454545454545,0.2691845454545455,0.37686545454545456,-0.026022727272727218,0.0733127272727273,0.07601000000000002,-0.41835181818181816,-0.34137545454545454,-0.06334090909090914,-0.3408518181818182,0.39375272727272725,-0.07578181818181819,0.0659909090909091,0.33927181818181823,-0.003085454545454565,-0.04647999999999997,-0.2169309090909091,-8.272727272728986e-05,-0.15811636363636364,0.45791272727272736,-0.15845545454545457,-0.45394545454545443,0.38308818181818177,0.5281663636363636,0.10166000000000001,0.05357272727272727,0.22264363636363638,0.28749727272727277,0.01768727272727273,0.017816363636363637,0.13459363636363636,0.11998090909090908,0.07205727272727273,0.05368545454545454,0.34149545454545455,0.49743727272727273,0.10515818181818182,0.09800454545454546,0.07581363636363636,0.14311272727272728,0.06068909090909091,0.07192636363636364,0.24706818181818183,0.6025381818181819,0.03771272727272727,0.13682363636363637,0.06376090909090909,0.23701181818181816,0.05003909090909091,0.037620909090909094,0.23377090909090908,0.36805363636363636,0.054415454545454545,0.14986181818181818,0.2328590909090909,0.8473136363636364,0.0601109090909091,0.020316363636363636,0.022853636363636357,0.04513545454545455,0.037341818181818184,0.04418090909090909,0.2863881818181818,0.3851163636363637,0.34763818181818185,0.09113545454545455,0.10996545454545455,0.13056545454545454,0.09543363636363636,0.10253545454545454,0.10124272727272728,0.22932363636363634,0.20078454545454547,0.14787363636363637,0.17567454545454544,0.2826163636363636,0.1317809090909091,0.09035545454545454,0.10522545454545454,0.2944009090909091,0.037037272727272724,0.04215909090909091,0.03942545454545455,0.06560272727272727,0.10660727272727273,0.3747336363636364,0.40366727272727276,0.7260618181818181,0.032383636363636364,0.011304545454545454,0.004213636363636364,0.009685454545454546,0.011562727272727273,0.0861490909090909,0.48227545454545456,0.23614090909090907,0.27431272727272726,0.16993545454545453,0.1384027272727273,0.18627636363636363,0.10633272727272727,0.13888545454545453,0.11334727272727273,0.22878909090909091,0.24248636363636367,0.23207545454545456,0.11106727272727272,0.14406363636363637,0.11162,0.1615,0.13202727272727272,0.43594636363636363,0.11146454545454546,0.10448,0.045659090909090906,0.06699181818181818,0.07513181818181819,0.15334272727272727,0.37061727272727274,0.5205009090909091,0.01665818181818182,0.009690909090909092,0.12177000000000002,0.18813181818181818,0.027161818181818183,0.12846909090909092,0.3512554545454546,0.11443545454545456,0.06428181818181819,0.06993363636363636,0.3585836363636364,0.4446845454545455,0.09279454545454545,0.11681818181818182,0.10210181818181818,0.09812363636363636,0.09292272727272728,0.11766272727272728,0.44099636363636363,0.38323545454545455,0.08647272727272727,0.07651727272727273,0.06770181818181818,0.36980363636363633,0.20057272727272726,0.14664,0.1588027272727273,0.26241454545454546,0.022040909090909094,0.03946090909090909,0.16389454545454546,90.7272727272728,2.7755575615628914e-17,melania_trump-mika_brzezinski4-allCL2,"[0, 1, 7, 8, 10, 12, 15, 37, 39, 40, 41]"
0.061640833333333304,0.20008458333333334,-0.06659291666666663,-0.0008358333333333412,0.19621499999999997,-0.09435000000000002,0.33766208333333336,-0.1277008333333334,0.05686458333333337,0.14115458333333336,0.14391500000000002,-0.29295791666666665,-0.1563833333333333,0.025907916666666655,-0.12927708333333332,0.023294583333333348,-0.0161191666666667,-0.044847916666666696,-0.04136874999999993,-0.12233541666666663,0.21763125,0.03354791666666665,0.04945749999999995,-0.13636583333333338,0.009443749999999987,-0.020592500000000034,0.09165041666666668,-0.25648958333333327,-0.0795675,0.006785833333333348,-0.09116333333333335,0.09858708333333328,-0.09049916666666666,0.042739583333333345,0.1274458333333333,0.31481041666666665,0.025844166666666665,0.0873845833333333,0.10917833333333335,0.010609999999999974,0.31962083333333335,0.05064583333333335,0.15753541666666668,-0.007981249999999988,-0.08442500000000004,-0.16330708333333332,0.2740845833333333,0.2937970833333334,0.10123874999999999,-0.08971833333333332,0.1829770833333333,0.005759583333333337,-0.11589000000000002,-0.08373125000000003,-0.07509375,0.05608333333333333,0.049460416666666694,-0.17577625,0.040657083333333316,0.09657166666666668,0.11742208333333334,-0.1961708333333334,-0.09953791666666668,0.07985166666666667,-0.1242925,0.07947875000000001,-0.06399125,0.04452458333333337,0.3145820833333334,0.19922708333333333,0.06927,0.16818083333333333,0.11839166666666667,0.014985416666666666,0.012369583333333333,0.10299458333333333,0.10087333333333334,0.10071375,0.05712833333333333,0.26533333333333337,0.22247375,0.15211541666666667,0.06815708333333333,0.033203333333333335,0.037873333333333335,0.04763166666666667,0.08049041666666668,0.25280708333333335,0.2532229166666667,0.06566124999999999,0.19748916666666666,0.06482333333333334,0.09285,0.0260775,0.027427916666666666,0.19792958333333333,0.24308666666666667,0.05245125,0.18658166666666667,0.17359583333333334,0.5114845833333334,0.113665,0.03385083333333333,0.029511666666666665,0.03887041666666667,0.038413333333333334,0.03840958333333333,0.19579541666666667,0.16582875,0.11356083333333333,0.0652475,0.16948125,0.16092291666666667,0.12445541666666667,0.11498083333333332,0.08552333333333334,0.14269833333333332,0.11682541666666667,0.11365333333333333,0.1559975,0.18002416666666665,0.09917083333333333,0.09306375,0.09856625,0.09767791666666667,0.02643,0.03802,0.07611,0.11200249999999999,0.13269041666666667,0.35064,0.16642916666666666,0.36592125000000003,0.036450833333333335,0.012837916666666666,0.00617375,0.01012875,0.017669166666666666,0.11777708333333334,0.43304125,0.13381875,0.09176166666666667,0.1191175,0.13959541666666667,0.16454875,0.09527458333333333,0.12503333333333333,0.13084874999999999,0.12694125,0.11678375,0.14209625,0.12170583333333333,0.19849916666666667,0.09862083333333334,0.11513291666666667,0.08021833333333334,0.17576416666666667,0.13849375,0.12947875,0.03967416666666667,0.05056541666666667,0.07954958333333334,0.16726166666666667,0.21921166666666667,0.34044833333333335,0.03444708333333333,0.017510833333333333,0.03052541666666667,0.057708333333333334,0.01872,0.11985208333333333,0.3807875,0.03783291666666667,0.02885666666666667,0.061205833333333334,0.19085958333333333,0.29154958333333336,0.1114825,0.148145,0.13006708333333333,0.0573525,0.09100125,0.16810875,0.27362375,0.23944208333333333,0.09728958333333333,0.04451625,0.028665000000000003,0.26074625,0.25512833333333335,0.16587166666666667,0.10797208333333333,0.06326708333333333,0.015819999999999997,0.036671666666666665,0.09452375,338.7083333333333,13.958333333333332,melania_trump-mika_brzezinski5-allCL0,"[3, 4, 10, 11, 13, 17, 18, 21, 28, 29, 30, 31, 32, 33, 37, 39, 40, 44, 48, 50, 51, 52, 53, 54]"
0.5187557142857143,-0.47560428571428576,0.07103571428571429,0.8927421428571427,0.45171500000000003,0.9352935714285715,-0.67555,0.8352464285714285,-0.38715785714285716,-0.5046942857142858,0.42246142857142865,0.6039521428571428,0.20748428571428568,-0.33114857142857146,0.11784999999999997,0.6220371428571428,0.4724857142857143,0.14120214285714286,-0.13337285714285713,0.02770428571428574,-0.2277757142857142,-0.09571357142857143,0.36695357142857143,0.35841285714285714,0.05846000000000012,-0.2595692857142858,0.02090357142857142,0.21396999999999994,0.3001528571428571,-0.16758928571428577,-0.06790214285714284,0.17203,0.11885499999999999,-0.0039871428571428835,-0.018951428571428577,-0.27212071428571427,0.14192571428571432,0.5086235714285715,-0.2706885714285715,0.697262857142857,-0.3040464285714285,0.6149850000000001,0.3423085714285714,0.07513499999999998,0.3559735714285713,0.29078571428571426,-0.30095000000000005,-0.529145,-0.2964935714285714,0.06372285714285716,-0.2957,-0.23372142857142858,0.28422857142857144,-0.013185714285714321,-0.04410999999999994,-0.09539214285714284,0.40876214285714285,0.3781428571428571,-0.010437857142857145,-0.2328271428571429,0.049137142857142865,0.18658714285714287,0.32578714285714283,-0.07096142857142856,-0.23441000000000006,0.2579428571428571,0.005434285714285711,-0.11553142857142858,0.4313571428571429,0.16026071428571426,0.09125928571428571,0.20537642857142857,0.21134071428571427,0.011525714285714287,0.009898571428571428,0.09326857142857142,0.12601785714285715,0.09441857142857144,0.08917642857142857,0.3337142857142857,0.3548314285714286,0.08784142857142857,0.07547214285714286,0.05281071428571429,0.08945428571428571,0.09307928571428573,0.1036,0.23684857142857144,0.4162957142857143,0.05914142857142858,0.1510342857142857,0.06483071428571428,0.19359285714285715,0.06190071428571428,0.04958,0.21846214285714285,0.318305,0.049595,0.12978142857142855,0.19306642857142858,0.61876,0.09617285714285714,0.05385999999999999,0.03773928571428572,0.059204285714285716,0.05501214285714286,0.04979428571428572,0.24374,0.24586285714285716,0.21244,0.10309071428571429,0.14699,0.16331071428571428,0.1255757142857143,0.12319214285714286,0.09382285714285714,0.20352071428571428,0.18648071428571428,0.14185142857142857,0.15412142857142858,0.18059857142857144,0.10295428571428572,0.12757714285714286,0.11718142857142858,0.242485,0.04903142857142857,0.038565,0.07597857142857142,0.082665,0.10781,0.3185392857142857,0.2992057142857143,0.6401892857142857,0.03317928571428572,0.017162857142857143,0.008991428571428572,0.0131,0.018377142857142856,0.09767071428571428,0.3856135714285714,0.22112714285714286,0.1980742857142857,0.13887357142857143,0.10765928571428571,0.15845285714285715,0.12383357142857143,0.15054642857142858,0.11571500000000001,0.20852357142857142,0.16113,0.197385,0.08643428571428571,0.13555428571428574,0.11303,0.1679307142857143,0.1442957142857143,0.3102628571428571,0.13039571428571428,0.0820907142857143,0.03342642857142857,0.06734428571428572,0.09068428571428572,0.1913642857142857,0.3087142857142857,0.45382785714285717,0.024855714285714287,0.015239285714285714,0.05994928571428572,0.15700285714285714,0.019193571428571428,0.12873428571428572,0.35548214285714286,0.07979357142857144,0.07356214285714287,0.08353857142857143,0.35325357142857144,0.3451242857142857,0.09511714285714286,0.10810785714285714,0.07578714285714286,0.09141428571428573,0.10134285714285714,0.1393292857142857,0.2973842857142857,0.3945307142857143,0.07242928571428572,0.064515,0.05334142857142857,0.32654714285714287,0.22509071428571428,0.09425428571428571,0.15569857142857144,0.1479207142857143,0.03219428571428572,0.06454857142857143,0.16803071428571428,124.07142857142864,-1.7763568394002505e-15,melania_trump-mika_brzezinski5-allCL1,"[0, 1, 5, 9, 14, 19, 20, 22, 23, 24, 25, 26, 45, 46]"
-0.16633529411764708,-0.07120117647058823,-0.19393647058823532,-0.37960647058823527,-0.2865582352941176,-0.4048223529411764,-0.21720588235294117,-0.37347705882352944,0.18041411764705875,-0.019998235294117636,-0.3622976470588235,-0.10642352941176471,-0.021895294117647065,0.3653447058823529,-0.08096764705882356,-0.4409411764705883,-0.4302529411764706,-0.04403529411764707,0.21385411764705892,0.23113235294117643,0.14665647058823528,-0.22946176470588237,-0.18690470588235292,0.008978823529411806,0.07213705882352942,0.4062688235294118,-0.03612823529411767,0.29609529411764707,-0.10964352941176474,0.1283529411764706,0.20883588235294126,-0.20648352941176473,-0.22640705882352943,-0.2893205882352941,0.11126058823529414,-0.2479735294117647,-0.06579529411764706,-0.2760370588235294,0.23905000000000007,-0.3977482352941177,-0.28618,-0.4561452941176471,-0.37881647058823525,0.008567647058823565,-0.33409823529411764,-0.0867829411764706,-0.20340529411764705,0.323135294117647,0.19388588235294116,0.12979294117647058,-0.062432941176470594,0.2465388235294117,-0.11046470588235292,0.02626117647058824,0.05762588235294115,-0.2533364705882352,-0.2022541176470588,-0.0011241176470588414,0.05333235294117643,0.1872364705882354,-0.09801117647058824,0.25521235294117656,-0.049777058823529396,0.013825294117647116,0.3786164705882352,-0.24592823529411767,-0.20293882352941178,-0.3336182352941176,0.34287411764705883,0.201,0.0669964705882353,0.15587176470588235,0.11157117647058823,0.014871764705882352,0.011790588235294117,0.09502176470588235,0.07489294117647058,0.09108294117647059,0.07889764705882353,0.25100764705882356,0.26436764705882354,0.13988529411764705,0.06202941176470588,0.03783588235294118,0.03704117647058824,0.030318823529411763,0.05681647058823529,0.24480470588235295,0.23536294117647058,0.08063705882352941,0.23721294117647057,0.0778064705882353,0.06901294117647058,0.015752941176470588,0.01694588235294118,0.1958864705882353,0.2507623529411765,0.0653835294117647,0.22263823529411764,0.1636164705882353,0.49315117647058826,0.11013941176470589,0.029264117647058822,0.03633058823529412,0.06063,0.05166058823529412,0.04009470588235294,0.17873117647058823,0.19802705882352942,0.11380882352941177,0.06124647058823529,0.16592764705882354,0.12663764705882352,0.12064176470588235,0.1143935294117647,0.09931588235294117,0.12714882352941176,0.10115176470588236,0.09446235294117647,0.15723470588235294,0.20255,0.10941588235294117,0.11241058823529412,0.09562294117647059,0.08612352941176471,0.024983529411764707,0.026571176470588237,0.06386117647058824,0.09740235294117647,0.13839294117647058,0.3789470588235294,0.18371882352941177,0.3423376470588235,0.030400588235294117,0.008768823529411765,0.0037747058823529417,0.004548235294117648,0.010601764705882352,0.12371117647058823,0.47585352941176473,0.1285835294117647,0.09639764705882353,0.12357058823529411,0.12799470588235295,0.18367235294117648,0.1111635294117647,0.10226352941176471,0.12635235294117647,0.10966294117647059,0.15342411764705882,0.16110058823529413,0.11911764705882352,0.19259235294117646,0.09684117647058824,0.09740000000000001,0.06986117647058823,0.1719264705882353,0.11404117647058823,0.13038,0.02814529411764706,0.04164058823529412,0.09826588235294118,0.20680764705882354,0.20878823529411766,0.3146023529411765,0.03042470588235294,0.012331176470588234,0.022874705882352943,0.04038941176470588,0.01168470588235294,0.16514058823529412,0.4025505882352941,0.03423058823529412,0.028511176470588238,0.07585117647058824,0.2116664705882353,0.2987182352941177,0.0877064705882353,0.1486364705882353,0.11467588235294118,0.08505058823529411,0.11005764705882352,0.17347882352941177,0.2600058823529412,0.20416,0.08891235294117647,0.04024823529411765,0.03808764705882353,0.22504470588235292,0.27484176470588234,0.17868470588235294,0.10597705882352941,0.054280588235294115,0.025697058823529413,0.05342411764705882,0.08205,552.3529411764706,-1.7763568394002505e-15,melania_trump-mika_brzezinski5-allCL2,"[2, 6, 7, 8, 12, 15, 16, 27, 34, 35, 36, 38, 41, 42, 43, 47, 49]"
