0.53633,0.25637,0.81766,0.92428,0.2092,1.09643,-1.06458,0.34947,0.72696,-1.43232,0.1731,-0.31116,0.37204,0.43572,-1.46542,0.27443,0.87998,0.64433,0.64877,-0.05789,0.04979,-0.57985,-0.92506,-0.86413,-0.61302,-0.32364,0.24437,-0.092,-0.67741,-0.80425,-0.9343,0.66579,-0.60821,-0.89674,0.6773,0.2045,-0.92544,0.20239,-0.29255,0.49,-0.40612,0.06855,-1.18763,0.40294,-1.54703,-0.7232,0.19226,-0.92894,0.53177,-1.06608,-0.30242,-0.77736,-0.58347,0.28597,0.28638,-0.45463,-0.69194,-0.67481,-0.53151,-0.35312,-0.19326,-0.24988,-0.61533,-0.75094,-0.96967,0.98528,-0.41405,-1.21233
-0.05731,-0.18786,-0.79848,0.0353,0.31582,-0.40663,-0.47903,-0.42713,0.10868,0.48919,0.17674,-0.50116,-0.04542,1.38141,-0.79328,-0.35032,0.94039,0.48081,1.03285,-0.64923,0.55149,-0.70701,-0.66164,-0.67223,-0.19936,1.38442,0.10482,-0.52295,-0.74792,0.00478,-0.82036,-0.73611,0.29904,-0.2914,-0.98381,0.44287,1.7758,-0.29739,-0.46904,-0.33135,-0.49,-0.44594,0.71692,-0.18326,-1.20028,-0.96239,-0.16575,-0.01912,-0.17758,-0.94561,0.11132,0.12153,-0.47747,-0.17723,-0.5283,-0.52986,-0.26582,-0.60735,-0.44591,2.04272,0.37019,-0.44037,-0.6936,-0.05067,-0.81066,-0.65981,-0.09062,0.80504
0.99355,1.13884,-0.29936,0.26705,0.70095,-0.56276,0.92346,-0.15831,0.79816,0.11106,-1.02786,1.14775,-0.5305,-1.44648,-0.87005,-1.15751,-0.38315,1.037,1.52345,0.35981,-0.68995,-0.91535,-0.94163,-0.89591,-0.67526,-0.62511,-0.80443,-0.16663,0.38257,3.21839,-0.30402,-0.30717,-0.70303,0.41061,2.17096,1.74249,1.27533,1.38266,3.1069,-0.2839,1.39539,-0.20519,-0.04811,0.32962,2.21558,0.92901,-0.36593,0.03029,2.54062,0.56121,1.1944,-0.37722,-1.41312,-0.48189,-1.12679,-0.75775,-0.55852,-0.71873,-0.56753,-0.54379,-0.85493,-0.28385,0.87656,1.57769,-0.12146,-0.28577,-0.52278,0.27706
1.71561,0.62536,0.38175,0.2585,0.67807,-0.45188,-0.81392,0.15722,1.10625,-0.46722,-1.77205,1.70511,0.0054,-1.33288,0.64912,-1.45533,-0.41133,1.2573,-0.06894,0.07445,-1.18183,-0.56089,-0.31911,-0.83691,-0.66944,-0.18125,-0.34707,-0.31621,-0.57534,1.30957,-0.82184,-0.28367,0.40102,-0.5808,1.67047,-0.71855,-1.14454,0.54978,2.6472,-0.32913,-0.47254,-0.45339,-0.64141,0.23623,-0.61351,-0.56061,0.37194,-0.23643,0.44999,0.2716,0.71104,-0.74305,0.84361,0.55551,0.40612,-0.5432,-0.27217,-0.67211,-0.55199,-0.25264,-0.5123,-0.31402,-0.58224,1.19473,-0.92726,-0.57837,-0.21284,-0.55082
-0.84385,-0.02802,0.1571,-0.57301,-0.99521,-0.09101,-0.7561,-0.02688,0.797,-0.19019,-0.81043,0.59033,0.34717,-0.0952,-0.55305,-0.07238,-0.70474,1.79706,0.49005,-0.29911,-0.49454,-0.45001,-0.84017,-0.79565,-0.55042,0.76698,0.6083,-0.61689,-0.53258,-0.05363,-0.57365,-0.59775,1.12616,-0.61186,0.333,-0.21346,-0.56329,0.79516,0.8877,0.58327,-0.94756,-0.36005,-0.35619,-0.71842,0.54628,1.80715,-1.29081,0.19639,-0.64571,1.22201,-0.3707,-0.32926,-0.06884,-0.01749,-0.53197,-0.39854,-0.71047,-0.70602,-0.50655,0.1083,0.9393,-0.8202,-0.75649,-0.24934,-0.70239,-0.52041,0.96699,-0.26123
0.89017,0.3808,1.48782,0.22739,0.53258,-0.24274,-0.45966,-0.35707,0.74935,0.06675,-0.48733,-0.4415,-0.01032,0.42765,0.64156,0.46119,1.00816,0.45225,0.43399,0.73222,0.02609,-0.5561,1.27701,-0.55768,-0.42836,2.35302,0.29904,-0.71907,-0.73724,-0.48126,-0.85806,-0.68233,1.09938,0.28348,2.7448,0.93736,-0.85728,1.12188,2.07201,0.05857,-1.04561,-0.3493,-0.19239,-0.11653,1.01907,-0.12244,0.34987,-0.30157,-0.24203,0.06033,-1.06992,1.0531,-0.57784,-0.53721,0.09198,-0.3988,0.38161,-0.33379,-0.35792,3.15925,-0.56372,-0.62476,-0.74539,-0.556,-0.6934,-0.65442,0.62241,1.79405
1.19764,0.02547,-0.89393,0.89212,0.29994,0.84095,-0.09076,0.60417,0.59245,-1.66718,0.05753,-0.31208,1.21454,0.11045,-1.52466,-0.07514,2.59551,-0.4769,2.07836,-0.95079,0.24519,-0.72177,-0.87478,-0.70951,-0.64198,-0.62743,-0.83509,-0.52121,3.48776,-0.43816,0.74226,-0.19716,-0.60523,1.23876,0.05877,0.04947,0.20909,0.86027,0.78232,0.54749,0.77966,-0.1203,0.32828,0.10495,-1.30003,0.42832,-0.22616,-0.0378,-0.67126,0.03408,0.01767,-0.99044,0.81823,0.33889,0.7696,-0.68446,-0.55807,-0.54055,-0.50541,-0.50833,-0.91368,-0.65801,3.25964,-0.46863,2.12692,0.06656,-0.42827,1.73342
0.10043,1.84334,1.06731,0.3668,-0.12486,0.56322,-1.26131,0.07684,1.5932,-1.04122,-1.11551,-0.81727,-0.06077,-0.25888,-0.42244,0.40242,0.34909,-0.33666,-1.09853,-1.11661,0.03208,-0.143,-0.63659,-0.42005,-0.24998,-0.63316,-0.83767,-0.64576,-0.17147,-0.25468,0.54248,-0.15862,-0.26153,-1.14415,0.1391,-0.57083,-0.71345,0.48742,0.74341,0.18113,-1.05335,-0.07044,-1.21715,-1.54604,-0.75393,-0.95452,-1.07,0.23529,-0.75391,0.64816,0.5666,0.94908,0.87447,-0.45412,0.18009,-0.36292,-0.61191,-0.45086,-0.39093,-0.44382,-0.86383,-0.67044,-0.57716,-0.26784,1.07774,-0.638,-0.41896,-0.73466
1.83818,1.58949,-0.29421,0.54413,-0.03352,0.7726,-1.4626,1.14181,1.48152,-0.58515,-1.77019,0.54413,0.55091,-0.34391,-0.16797,-0.3309,-0.34874,0.77352,-0.98459,-1.41303,-0.15664,-0.20351,-0.05142,-0.66099,-0.53938,-0.50343,-0.63646,-0.24482,-0.50867,-0.33068,0.06423,0.53006,-0.18901,-1.26368,3.17306,1.37563,-0.40435,1.78292,1.79251,1.23846,-1.27477,1.36087,-0.6479,-0.29889,-1.10136,-1.37054,-0.69074,-0.88185,-0.56009,0.028,0.77506,0.04231,-0.98804,-0.81614,-0.78963,-0.37962,-0.27946,-0.59137,-0.45161,-0.55357,-0.75734,-0.35653,-0.58571,-0.54512,-0.7521,0.76108,-0.46852,-0.93189
-0.43193,1.51779,1.0046,-0.44562,-0.61843,-0.33514,-0.70547,-0.07576,1.331,0.01517,-0.90948,-0.52985,-0.94961,-0.32298,0.73182,-0.87436,0.22482,0.64477,-0.74325,1.07745,0.3718,-0.10544,-0.6122,0.13111,-0.44048,0.02996,-0.69181,-0.02684,0.32137,0.11247,-0.84585,-0.63642,0.04708,-0.98786,0.03077,-0.53112,-0.96894,-0.08393,0.01508,-0.40271,-0.25579,-0.24682,-0.80935,-0.09318,-1.08278,-1.24621,0.47589,-0.58164,1.56664,-0.24409,0.39106,0.37415,-0.45016,-0.89341,-1.20058,-0.27661,-0.57543,-0.13435,-0.33001,-0.07184,-0.88589,-0.42104,0.0494,-0.30685,-0.89543,-0.47978,0.00965,-0.84093
-1.49398,2.71795,1.60738,-1.55322,-2.16286,-0.94771,0.31496,-0.30656,1.22319,0.7623,-1.22355,0.27152,0.13724,-0.52338,-1.67616,0.05098,0.28701,0.34583,1.3872,-0.65233,-1.7184,0.21611,-1.00174,-0.53835,-0.5413,-0.31337,0.19848,-0.5151,0.01075,-0.29252,-0.54852,-0.16984,0.03109,-0.81326,-1.14305,3.28584,-0.96883,-1.02053,-1.11552,-0.64965,-0.40104,-0.25847,-0.22301,0.43679,1.73172,-0.12222,2.36594,2.39807,1.26733,-0.6147,-1.32229,-0.76069,-0.54702,2.72665,0.03747,0.03831,-0.78938,-0.45934,-0.48563,-0.46458,1.23199,-0.36994,0.63167,-0.53169,-0.55483,-0.39512,-0.13464,-0.27985
-1.35596,2.4724,1.07192,-1.30745,-1.93144,-0.88564,1.76601,-0.26692,0.9118,-1.12409,-1.21098,1.1906,1.57166,-1.45886,-0.39604,-0.65182,-0.6163,1.25595,0.55725,0.79313,1.66369,-0.79333,-0.79689,0.04757,-0.67849,-0.68123,-0.77846,1.876,3.81676,-0.78638,-1.03355,-0.82081,-0.76672,1.76759,-0.6713,-0.36461,-0.39702,-0.90723,-0.09608,-0.64104,-0.12264,-0.22234,-0.40597,-0.02648,0.37826,0.93617,1.84842,1.1287,0.65138,0.97247,0.34791,1.30747,1.47513,0.23865,-0.57051,-0.58472,-0.58055,0.45532,-0.49713,-0.48199,-0.71653,2.39298,4.70464,-0.80876,-0.97073,-0.69912,-0.58592,3.21609
-0.3131,0.80037,-0.45788,-1.02445,-1.7641,-0.87266,0.52837,0.09911,0.84447,-1.83297,-1.5006,2.53259,0.58917,-0.9822,-0.2809,-1.68581,0.09663,0.31338,0.19807,-0.57166,-0.04041,-0.14567,0.05738,-0.83407,-0.60713,-0.40757,-0.17475,-0.576,-0.55328,-0.28617,-0.85235,-0.85393,-0.71473,-1.37021,-0.01687,0.51785,1.75861,-0.79143,-0.80471,-0.71799,1.47033,-0.28207,1.06621,0.55904,-0.54904,1.27685,2.54658,4.28824,-0.01743,-0.76923,0.52811,1.04133,0.37655,-1.17197,0.48175,-0.32414,0.67973,-0.60967,-0.49841,-0.35985,-0.65722,-0.58508,-0.55323,-0.19215,-0.88487,-0.72384,-0.61914,-0.90809
-1.28562,1.42334,0.6265,-1.5525,-2.3326,-0.95193,0.10943,-0.24248,0.76589,-0.51428,-2.3626,-0.8827,2.53447,-1.18897,-1.04511,-0.53893,0.39444,-2.47761,-2.53358,-2.1405,-1.42924,0.03948,1.35075,-0.06505,-0.29809,-0.79703,-1.03322,-0.69848,-0.53094,-0.51938,0.14681,-0.74563,0.21557,-1.08316,-1.31931,0.86882,-0.78445,-1.02159,-1.10838,-0.62941,-0.32051,-0.44684,-0.87671,-0.2039,0.33637,-0.31106,1.8878,1.94316,-0.82768,0.01459,2.24715,-1.03994,-0.45665,-0.26591,0.47345,-0.49645,0.16554,-0.36976,-0.16681,-0.67731,-1.03033,-0.60836,-0.57348,-0.36363,-0.18453,-0.67333,-0.56205,-1.17953
0.34342,0.39045,0.13718,-0.19371,-0.08934,-0.38697,-0.55142,-0.45211,0.51902,1.63615,-0.46157,-0.69228,1.16235,-1.70076,-0.18002,0.45955,-0.79798,0.13408,0.22684,0.47847,-1.61385,-0.05343,-0.53212,-0.1493,1.74597,0.45856,-0.44841,0.91833,-0.1867,-0.58246,-0.41575,0.82601,-0.40458,-0.03724,0.92434,1.93691,0.34949,0.19993,0.78344,-0.45991,-0.87335,-0.31355,0.13171,-0.02543,1.99155,-0.36267,0.19641,1.45735,-0.57488,2.90873,0.30239,1.44787,1.35435,0.95578,-0.728,-0.14233,-0.54395,-0.24626,1.92179,0.68325,-0.4412,1.25699,-0.24272,-0.65787,-0.56883,0.58709,-0.50759,0.27319
-0.03599,0.07953,0.25905,0.6416,0.36523,0.61979,-0.64728,-0.06707,0.78006,-0.43281,0.21234,0.41733,0.73208,-0.44742,-0.93131,0.64491,-0.03624,-0.93124,-0.50732,-0.04357,0.48594,0.11095,-0.45149,2.21073,0.10571,-0.29457,0.62978,-0.73493,-0.7195,-0.63475,-0.45002,-0.26535,-0.37718,-0.19029,-0.3776,0.50043,-0.4658,-0.0355,0.10028,0.06338,-1.02484,-0.40679,-0.06044,-0.70356,0.00056,0.06279,-1.11923,-1.03116,-1.05066,-1.00406,1.73602,0.21249,1.49241,0.11438,1.30436,-0.18372,-0.28011,2.9959,-0.15259,-0.42595,1.35117,-0.71858,-0.64947,-0.61354,-0.64203,0.02176,-0.27182,0.14778
-0.00242,0.4529,0.8709,0.44408,0.46803,-0.19871,-0.66572,-0.2767,0.74208,0.96956,-1.04591,-0.11846,-0.66569,-0.90075,0.69008,-0.94899,-0.60258,-0.51622,-1.90965,-1.29259,0.10116,0.40451,2.65357,0.37931,-0.2454,-0.6822,-0.6651,-0.40729,-0.29175,0.39346,-0.57065,-0.81307,-0.2838,-0.5463,0.45525,-0.51348,-0.12052,0.69104,1.37121,-0.14575,-0.42658,-0.28872,-0.98362,0.1609,-0.60526,-0.14943,-0.7086,-0.81665,0.90033,-0.96446,-0.05012,-0.98557,-0.05738,0.65188,1.4719,-0.09818,1.60238,0.11404,-0.33313,-0.61544,-0.56442,-0.16989,-0.37724,1.09798,-0.41144,-0.70673,-0.28097,-0.17458
2.19361,-0.21575,-0.04368,1.7744,1.42306,1.64639,-0.80924,1.42366,-0.00399,0.46737,-0.74771,-0.89585,0.21274,0.48865,0.42319,-1.15533,0.78897,-0.48237,-1.4156,-1.76824,-2.05932,-0.14637,0.62961,0.53814,-0.50955,-0.71395,-0.80249,-0.50389,-0.68775,-0.26541,-0.51006,0.3241,-0.31006,-0.9436,1.74448,1.20014,-0.30879,0.97007,-0.38306,1.97479,-0.68024,1.82142,1.02014,-1.34304,0.06375,-1.51086,-0.95356,0.51644,-0.81018,-0.39892,-0.46628,0.38072,0.15167,-1.28961,1.90746,-0.49857,0.44909,0.42646,-0.42335,-0.586,-0.61562,-0.48894,-0.62889,0.27297,-0.38792,-0.06349,-0.42799,-1.25047
0.27095,-1.25132,-0.15377,3.66762,2.54377,5.34765,-0.93623,5.93224,-3.19091,-0.93398,1.40389,1.48902,1.52083,-0.12984,0.79197,1.01746,1.15784,-0.2136,0.56982,-0.7029,0.9098,1.70093,2.01407,3.02628,1.74051,0.42354,1.46992,-0.05302,-0.05644,-0.47356,-0.48457,0.0639,0.91607,0.72386,0.72628,-1.16827,2.51804,3.87601,0.79586,5.60096,0.16215,5.92372,-0.7378,1.89153,-1.32044,-1.74839,-0.64212,-0.59698,-0.21413,-0.33476,-0.81351,-0.97244,0.79136,0.69515,0.23099,2.76651,1.45105,1.65342,0.96867,-0.18238,2.36183,0.11624,-0.44673,-0.64571,-0.89829,-0.31963,0.66266,0.08795
-0.64402,-0.49256,-0.08722,-0.53523,-0.10323,-0.00376,0.57178,-0.55203,-0.02477,0.1285,1.07481,-2.51374,0.82562,-1.2132,-0.23351,-1.09547,-2.43658,-2.43719,-2.3502,-1.60901,-0.4436,0.54048,0.32547,1.26521,-0.06474,-0.15515,-0.89333,-0.87071,-0.74044,-0.75357,-0.68249,-0.0019,3.26014,0.14885,-0.70614,-0.53178,0.24079,-0.66832,-0.10863,-0.56655,0.33795,-0.42963,-0.73057,-0.55799,-1.0406,-0.72766,-1.16477,0.1932,0.11884,1.07037,-0.38424,1.04815,1.56411,0.77826,3.47236,-0.06585,-0.32693,1.45677,-0.05688,-0.10806,-0.8635,-0.81172,-0.66468,-0.67613,-0.63681,0.1657,2.839,-0.28572
1.10119,-0.87276,0.64913,0.76168,0.42611,0.61193,-0.4401,-0.29516,-0.61579,0.57901,1.66701,-0.4393,-0.49082,-1.41945,-1.74589,-1.8326,-1.46338,-0.6162,0.47553,1.04623,0.03243,0.08101,-0.71155,-0.5147,-0.52503,-0.59636,0.94493,-0.07394,0.98043,0.87727,-0.39862,-0.78861,-0.05078,-0.01493,1.46588,-0.69724,0.58707,1.16957,1.36261,0.25309,-0.85856,0.00104,1.6011,0.72152,0.51337,0.08418,-1.36148,0.30973,-0.64254,0.94916,1.67454,0.71218,1.00648,1.13015,0.88232,-0.10046,-0.71453,-0.5558,-0.50873,-0.58685,1.1812,0.30474,0.91052,0.65936,-0.28437,-0.70019,0.12254,-0.44444
0.31944,-0.5721,0.25232,-0.74211,-0.92002,-0.69586,-0.31144,-0.21859,0.20269,-0.48758,-0.7654,0.54798,-1.16579,0.42822,-0.01507,-2.34392,0.78245,0.22358,-0.5334,0.46617,0.85823,1.67936,0.37882,-0.41354,-0.61814,-0.39267,1.5431,-0.14654,0.01677,-0.35492,-0.45163,-0.52899,-0.46686,-0.24675,-0.72871,-0.29561,-0.50759,-0.51253,0.18655,-0.73899,0.23164,-0.20829,0.47114,-0.75016,0.69599,-0.82684,0.81378,0.32325,1.6339,0.53761,0.42718,-0.74281,-0.73759,-0.79391,-0.14132,1.55207,0.5815,-0.19954,-0.57473,-0.31913,2.17066,-0.16829,-0.20877,-0.43273,-0.52498,-0.31712,-0.4698,0.27436
0.46119,-0.88195,-0.7715,0.08506,0.42542,0.01249,-0.91777,0.13169,-0.04612,-0.57771,-0.25957,0.92053,1.30467,-0.03707,-1.07619,0.24842,0.12117,-0.72063,-0.18528,-0.85434,0.2619,-0.249,-0.60264,-0.18912,-0.50385,-0.05455,-0.53718,-0.48772,0.01496,-0.02767,0.63803,1.16761,1.98125,-0.25528,-0.83143,-0.70471,0.13887,-0.50368,-0.85492,-0.1311,-0.82761,-0.01407,0.19201,1.68141,0.4146,0.18245,0.23552,0.13254,0.11177,0.56524,-1.05599,0.18917,-0.29029,-0.1684,0.52978,-0.60281,-0.42967,0.26348,-0.55603,0.0758,-0.44832,-0.3665,-0.03471,-0.12492,0.03155,1.38844,1.8768,-0.67694
-0.05145,-1.04537,-2.58062,-0.62693,-0.58224,-0.29549,-0.51456,0.03992,-0.82795,-1.02943,-0.49209,1.43698,1.20072,-1.33868,0.61564,0.47933,-1.01133,0.13821,-0.42891,-1.34555,0.38533,0.30792,1.65494,-0.01348,-0.36101,-0.54681,0.01599,0.75889,0.226,-0.53618,-0.25707,-0.60923,-0.48101,-0.27636,-0.76124,-0.76327,0.5442,-0.79553,-0.6406,-0.13165,-0.31892,-0.33785,0.35506,0.16184,1.04257,-0.24272,-0.73853,-1.05982,0.76822,-0.75393,-1.12357,2.79435,1.52727,1.9202,0.25144,0.77529,1.86906,0.08493,-0.31342,-0.50933,0.16468,0.96536,0.27627,-0.63112,-0.26987,-0.519,-0.34843,-0.37539
-0.6243,-0.48343,-0.21709,-0.74269,-1.03773,-0.29421,-0.57096,-0.23596,0.32912,-0.63713,-0.59106,-0.35578,0.65304,-1.17617,0.01182,-1.98824,-1.2226,-0.99883,-1.71194,0.14831,-0.0254,0.92507,-0.10899,-0.17482,-0.28306,0.1426,-0.84292,-0.44702,-0.37561,-0.03154,-0.20527,0.71596,-0.27081,-0.70684,-1.01737,-0.7993,-0.09934,-0.88636,-0.55885,-0.37671,-0.54217,-0.32198,-0.8876,0.12542,-0.45257,-0.60063,0.19488,0.01637,-0.90325,-0.83055,3.47216,2.33294,1.38219,-0.24482,2.58855,0.66501,-0.18585,-0.14979,-0.45621,0.17642,-0.82337,-0.35793,-0.35651,0.30477,-0.16554,0.42996,-0.36951,-1.16503
-1.33304,0.0578,0.70048,-1.18195,-1.40636,-0.77632,0.13479,-0.24248,0.27646,-0.99377,-1.10362,0.1847,0.85134,-0.29547,0.47277,0.39092,0.36711,1.11042,0.40889,1.08567,1.43662,-0.73464,-0.03241,-0.86297,-0.58885,-0.47034,-0.82891,1.16728,-0.25624,-0.21917,-0.01037,0.44667,-0.83542,-0.50945,-0.82496,0.44855,0.46571,-0.80488,-0.60251,-0.50574,-0.36608,-0.2941,0.10511,-0.00936,-0.02249,0.43575,0.06466,-0.31417,0.488,0.24674,0.71998,-0.91878,-0.38769,-1.17648,-0.27916,-0.47336,0.19743,-0.62907,-0.44828,-0.27044,-0.6035,0.57806,-0.54757,-0.1883,0.37126,0.25579,-0.6505,-0.66429
-0.7426,-0.78126,1.33438,0.03579,0.4909,-0.30389,-0.01759,-0.59874,-0.77748,1.47863,1.6719,-1.26444,-0.27052,0.26747,0.50545,0.03245,0.23045,0.57361,-0.59116,0.73969,0.89797,-0.67723,0.22439,-0.45263,-0.65132,-0.6072,1.15257,2.08263,3.50636,-0.40065,-0.50278,-0.84813,-0.7577,1.24335,0.20882,-0.65047,-0.04481,1.22252,0.71357,-0.02809,-1.04912,-0.39414,1.08409,-0.38429,0.51167,-0.09577,-0.45421,-0.12458,-0.77894,-0.42628,-0.72396,-1.08954,0.00913,-1.01096,-1.37639,-0.58012,0.06219,-0.54431,-0.5697,-0.49569,1.15885,0.96002,2.03575,-0.42343,-0.45047,-0.73141,-0.67044,1.18098
0.8875,-0.64702,-0.38432,0.09234,0.23362,-0.24417,0.29833,-0.22347,-0.19044,-0.25053,-0.12681,-0.19086,0.32184,0.33572,0.10168,0.31309,0.40853,1.19595,-0.83202,0.50806,0.78345,1.77774,0.57257,-0.82024,-0.57958,-0.51218,3.47035,-0.55581,-0.46544,-0.55772,-0.02261,-0.55673,-0.71292,0.4045,0.11782,-0.33933,-0.71732,-0.77784,-0.93738,-0.58125,0.40943,-0.09962,0.88093,1.63798,2.20559,2.78483,0.35169,-1.01789,-1.54819,-0.07414,-0.51542,-0.40128,-0.7222,-0.92811,-0.95811,1.35262,0.46743,-0.65329,-0.47693,-0.41157,3.2396,-0.52399,-0.61691,-0.39874,0.22066,-0.58697,-0.53525,1.13498
0.32424,-1.05061,-0.64058,0.05706,0.62658,-0.26283,-0.42704,-0.61394,-1.03386,1.5698,0.71028,-0.60529,0.08988,-1.05585,1.96566,-0.46156,-0.73426,-0.03796,-0.29312,0.42159,1.40217,-0.80064,1.17134,-0.20858,0.34273,-0.47657,-0.27791,2.41738,0.74886,-0.15794,0.49675,-0.56691,-0.76374,0.67501,-0.48879,-1.09838,-0.02288,-0.93731,-0.94352,-0.14126,-0.8408,-0.41848,-0.69308,0.81799,-0.1374,0.59138,-0.60163,-0.57907,-0.24546,-0.65842,-0.74379,-0.85766,-1.06567,-1.26225,-0.71874,-0.71161,0.93481,-0.42853,0.3847,-0.30003,-0.45366,2.34062,0.86413,0.23282,1.7059,-0.52883,-0.64829,0.29327
-1.37141,-0.81249,0.70283,-1.34171,-1.19899,-0.86996,0.50242,-0.67585,-0.75492,1.71902,0.74177,-0.06931,0.11171,-0.51175,0.84283,-0.74794,-0.28806,0.55421,0.48497,0.05564,1.97676,-0.76853,-0.14839,-0.58183,-0.5773,-0.41525,0.02921,3.8164,0.75226,-0.71116,-0.74546,-0.83209,-0.73136,1.11979,-0.79994,-0.78765,-0.82972,-0.76967,-1.21145,-0.48297,-0.58208,-0.42472,-0.28079,1.85358,-0.75671,-1.13775,-0.84648,-0.1232,-0.98108,-0.36997,-1.09476,-0.91149,-0.39541,-0.12361,-1.01311,-0.58928,0.079,-0.58398,-0.51287,-0.42693,0.02635,3.40877,1.13322,-0.66225,-0.77386,-0.78933,-0.66287,1.35605
-0.8236,-1.09808,0.56322,-0.56609,-0.24286,-0.39768,0.43915,-0.25443,-1.00257,0.71224,1.00527,-0.37777,0.11989,0.70719,-0.68645,1.13496,0.80695,-0.21486,0.67593,-0.03289,0.35308,-0.58287,-0.03286,0.07223,-0.32033,-0.37314,-0.23584,0.7276,1.14466,2.10308,1.08186,-0.34505,-0.51535,0.5078,-0.33899,-1.05711,-0.43778,-0.46242,-1.06652,-0.25328,0.27639,0.0169,-0.71742,1.26749,-1.02879,0.05096,-1.08653,0.51136,-0.85775,-1.6263,-0.43047,-0.43886,-0.68108,-1.31948,-0.52304,-0.31045,-0.13897,-0.1937,-0.42685,-0.36396,-0.13948,1.45156,1.39212,2.15212,0.45219,-0.67676,-0.62109,0.64448
-0.56249,-0.93447,-1.22212,-0.52755,-0.29428,-0.40567,1.34149,-0.43201,-0.67864,-0.22876,0.83054,0.545,0.7488,-0.57572,-0.76701,-0.25702,-0.42847,-1.3825,-1.50597,-1.2123,-2.03134,5.21056,0.09548,-0.08891,-0.02193,-0.66449,-0.91396,-0.81782,0.04404,1.22329,0.01567,-0.2853,0.2068,1.31176,-0.92198,-0.80368,0.57605,-0.60037,-0.90898,-0.45251,2.69137,-0.12867,1.40682,0.10871,0.55367,0.55963,-0.37257,-1.53329,-0.83471,0.61331,-0.00398,0.54381,2.97517,1.57316,-0.67842,5.48155,-0.05481,-0.34416,-0.06572,-0.69328,-0.97742,-0.67201,0.17528,2.67523,0.04957,-0.44514,0.13231,1.2212
0.12121,-0.90818,-0.73336,-0.63799,-0.7743,-0.17974,-0.79146,-0.24465,-0.30875,-0.28599,-0.00414,0.02695,1.55989,-0.07574,0.08369,-0.22707,0.58167,0.29492,0.29075,0.19721,-0.69147,-0.56623,-0.66908,-0.17999,-0.55406,-0.26276,-0.20195,-0.46352,0.17069,0.38022,3.05927,0.44821,-0.23694,-0.21653,0.09929,-0.86859,-0.60022,-0.5335,0.09209,-0.21172,-0.04504,-0.32426,-0.2008,-0.24427,1.51847,1.49767,-0.7136,-0.87073,-0.85988,-1.29742,-0.41796,-0.92497,-0.46555,-0.63368,0.45114,-0.61951,-0.73311,-0.10623,-0.5632,-0.32399,-0.25668,-0.60889,0.72094,0.60767,0.43867,-0.12652,-0.28613,-0.38696
-0.56302,-1.06012,0.53,0.49085,1.11681,-0.04955,-0.86873,-0.37336,-0.66544,1.46438,0.51282,0.87457,0.66315,0.31478,-0.1484,0.65306,0.50941,0.32637,-0.22169,-0.96782,-0.39242,-0.44065,-0.19081,0.01385,0.01413,0.88277,0.82407,-0.17689,-0.27553,0.87009,0.15226,4.32685,0.77867,0.41629,-0.19431,-1.03369,0.00778,-0.50314,-0.69899,-0.23044,-0.87441,-0.44948,-0.39373,-1.35643,-0.49849,0.12765,-1.14325,-1.20508,0.12715,0.0294,-1.08527,0.20997,-0.20215,0.06675,0.07893,-0.46615,-0.42379,-0.37511,-0.16093,0.32806,0.81967,-0.37172,-0.12358,1.20173,-0.25969,3.36828,0.15981,0.06597
-1.16145,-1.24605,1.83888,0.17399,0.79866,-0.3155,0.82648,-0.33806,-3.09787,-0.86511,0.68458,2.11087,1.36744,1.21394,1.73207,0.67738,1.52783,0.86322,1.01108,0.24699,1.35902,-0.63769,-0.18384,3.20925,3.19734,5.7723,2.21411,2.828,1.90644,5.02733,1.25512,-0.18282,-0.49831,5.14408,-0.76315,-1.16212,-0.78941,-0.43514,-0.86551,-0.12866,-0.31519,0.04013,0.15649,-1.0897,0.03132,-0.68228,-1.15434,-0.17858,-0.67529,-0.11319,-1.11592,-0.55196,-1.04528,-1.41729,-1.4431,-0.58889,-0.57278,2.02904,3.6447,5.67058,3.29954,2.41587,1.38179,5.38639,0.83037,-0.46985,-0.32339,1.28284
0.55658,-0.69886,0.20538,2.02571,2.5731,1.07709,-0.78335,0.17623,-1.25835,-0.17197,1.04103,0.55946,-0.06715,0.26316,0.14808,0.85792,0.93783,-0.00716,-0.43523,-0.82941,-0.88377,0.40068,0.72882,3.87554,1.16927,0.74082,-0.16217,-0.54611,0.07358,0.23209,1.72578,-0.05977,1.03222,1.03301,-0.66756,0.63714,1.40024,0.7323,0.0826,0.84487,-0.12234,0.42428,3.81262,2.23169,-0.84608,1.79604,0.37692,-0.90768,0.62874,-1.17712,0.92967,0.67389,-0.14452,2.13199,1.06626,0.6325,0.32564,5.16338,1.72004,0.73964,-0.24207,-0.59824,-0.22666,-0.10457,1.44981,0.01253,0.5589,0.61246
0.55338,-0.54479,-2.36759,0.6867,1.09885,-0.03209,-1.00681,-0.2642,-0.1229,-0.02254,1.17136,-0.85091,-0.84397,1.91827,-0.5062,0.77729,-2.1574,-3.23382,-2.50168,-2.60119,0.45516,2.36233,2.02859,1.75417,-0.07969,-0.65907,-0.92176,-0.79535,-0.48296,-0.36294,0.07749,-0.12075,0.75263,-0.019,-0.68767,-0.09032,0.50136,-0.22124,-0.19408,-0.61049,-0.8185,0.0251,-0.01715,-1.01045,-1.04691,-0.83882,-1.36249,-0.50229,-1.35452,-1.1434,-0.79753,-0.37353,-0.81037,0.15677,0.54539,1.32846,-0.45963,0.97286,-0.027,-0.53742,-0.93101,-0.709,-0.6628,-0.62335,0.3445,0.46156,1.46173,-1.05176
0.27202,-1.10993,-1.79269,0.92973,1.03934,0.57412,-0.51146,0.31688,-1.5761,-0.95695,0.84105,0.20234,-0.46245,0.88892,-0.18561,-1.10913,0.48578,-1.62495,0.10551,0.51401,-0.1644,0.55843,0.29169,0.65563,1.27653,0.30809,0.1444,0.13912,-0.57709,-0.38714,-0.0592,0.06173,-0.47953,-0.4735,-1.05533,-0.79352,1.97184,0.12031,-0.02101,-0.06016,-0.11513,-0.00081,1.75556,-0.3365,-1.61179,2.05457,-0.19871,0.83917,-0.42558,3.06249,0.41598,-0.26735,2.12083,2.953,0.20091,0.68634,0.51284,0.21049,1.22729,0.0093,0.32381,-0.17313,-0.67582,-0.32141,-0.25017,0.17633,-0.46931,-0.69775
-0.84705,-0.98699,-1.06322,-0.78525,-0.20578,-0.48558,1.04654,-0.62426,-1.09232,1.42757,1.88539,-1.15691,-0.9402,-0.47377,0.24337,-0.67819,-0.02796,0.44372,-0.04861,-0.6333,-1.85607,0.0531,-0.44213,-0.73247,-0.6473,-0.6219,-0.66818,0.6098,0.1799,0.32902,-0.02362,2.21586,1.83648,0.04739,-0.76615,-0.89419,0.66345,-0.55261,-0.63771,-0.18547,2.55853,-0.43064,0.66618,-0.28136,0.00832,0.37415,-1.21415,0.17958,-0.1593,1.28261,-0.86504,0.47644,-0.19512,1.28073,0.6454,0.27142,-0.4192,-0.63118,-0.55576,-0.48032,-0.64666,1.1149,0.16707,0.18909,-0.43579,1.76416,1.39518,-0.27958
0.11002,-0.6954,-0.86476,0.68706,0.59309,0.31416,0.32524,-0.4961,-0.66731,-0.72409,1.42286,-1.40362,-0.29549,1.25263,-0.87744,0.63946,-1.19282,1.22699,0.12948,-0.17056,-1.60698,-0.16755,-1.00183,-0.8331,-0.72955,-0.40278,-0.03344,-0.77655,-0.75549,-0.73789,1.13218,1.70296,-0.0357,-0.41791,0.03435,-0.46385,-0.59646,-0.20796,-0.67783,-0.44376,0.03756,-0.41053,0.30301,-1.22672,-0.16803,-0.37567,-1.02139,-0.84282,-1.06636,-0.95649,0.3006,-0.57915,-0.94026,1.46688,-1.46916,0.47539,-0.60612,-0.69939,-0.58754,-0.27264,0.02476,-0.6674,-0.66995,-0.64454,2.00536,0.80581,-0.09926,-0.18987
-1.08898,-0.58822,0.69334,-1.04821,-1.17431,-0.70554,0.77225,-0.66336,-0.74815,1.5276,0.37565,-0.7142,-2.7499,0.64163,0.62624,1.99181,0.19592,-0.26562,-0.29356,-0.59045,-1.1755,-0.61979,-0.5383,0.0108,0.54252,-0.53991,-0.75749,-0.79529,-0.67815,-0.06851,1.03284,1.11197,4.82083,0.78222,-0.31062,-0.30521,-0.90462,0.52674,0.4891,0.01277,0.69353,-0.48067,-0.48948,0.917,0.6845,-0.121,0.87953,-0.55452,-0.38122,-0.03844,0.38894,1.13348,-0.08565,0.47915,2.28598,-0.61386,-0.32933,-0.06436,0.54655,-0.35221,-0.53717,-0.71211,-0.63541,-0.04729,1.60207,1.56922,5.44757,1.45245
-0.78524,-0.96624,-0.09464,-0.36702,-0.07559,-0.45707,3.03157,-0.32774,-1.09024,0.2487,0.72963,0.96136,0.22564,-0.12944,1.5521,-0.44236,0.38639,0.89436,0.91896,1.39517,0.012,-0.79974,-0.94261,-0.3294,-0.48842,0.97014,2.64153,-0.42946,-0.47628,0.01754,-0.43482,1.59962,0.60069,0.54641,0.23973,-0.65631,1.20681,-0.2135,0.51002,-0.36908,1.71336,-0.08738,1.48618,-0.28596,1.81759,0.97915,0.44772,-0.15074,-0.3164,0.00307,-0.89009,0.72096,0.61572,-0.2405,-0.88575,-0.62303,-0.54726,-0.56825,-0.38309,1.47012,0.23635,-0.54137,-0.32876,-0.01796,-0.53641,1.7709,1.61891,-0.17592
-0.18893,-0.9892,0.86766,-0.08406,-0.08789,0.03045,1.08653,-0.49175,-0.82745,0.70762,0.27299,-0.47907,-0.80904,-1.24682,2.00146,-0.23888,1.24188,-0.08317,0.39673,-0.00331,0.63421,-0.01049,1.09716,-0.18594,-0.35754,-0.45274,0.01779,0.07938,-0.60156,0.75254,0.48071,-0.81346,-0.6692,-0.34169,-0.08477,-1.06256,-1.02351,0.24901,-0.07948,0.03247,0.54992,-0.25956,-0.45757,1.94228,0.78296,0.24587,1.93501,0.30523,-0.37845,-0.95311,-0.41813,0.12855,-0.3588,-0.37149,-0.67807,0.23293,1.41286,-0.12988,-0.44681,-0.58857,0.38057,0.3845,-0.4534,0.64922,0.62351,-0.76744,-0.49217,-0.95
-0.15216,-1.1094,-1.11339,-0.02758,0.82758,-0.10342,-0.89077,-0.06164,-1.22919,-0.203,0.19846,-0.94086,0.16464,1.61008,0.59246,0.84687,-1.28878,-0.24889,1.36284,0.79188,1.75437,-0.77264,0.44642,0.5822,0.21304,-0.09376,-0.25534,-0.37581,0.38645,0.67874,-0.29203,-0.72067,-0.35939,-0.54566,-1.0452,-0.94977,-0.49333,-0.74126,-0.89882,-0.09466,-0.90657,-0.02574,0.73991,-1.44508,0.96455,0.32614,-0.11338,1.73346,-1.02309,0.16539,-1.22288,-0.78274,-0.55148,-1.32488,-0.53208,-0.60554,1.20705,0.28493,-0.30744,-0.2071,0.09296,-0.59717,0.24169,0.26262,-0.16303,-0.63332,-0.18144,-1.19881
-0.75859,-0.98705,-1.08763,-0.70716,0.00568,-0.76623,0.40711,-0.47166,-0.89629,0.26467,0.94509,0.7198,0.05003,0.50398,-1.05805,0.74398,1.005,0.52094,1.21886,1.09174,0.58476,-0.85742,-1.08247,-0.69964,-0.36611,-0.63258,-0.76229,1.28908,0.88818,1.67339,3.05399,-0.36142,-0.77918,0.9005,-0.91135,-1.05362,1.07483,-1.06133,-1.19545,-0.69529,0.64382,-0.3709,-0.56121,-1.14314,-0.99543,-0.94634,-0.23494,-0.92347,-1.08549,-1.40692,-1.47914,-0.47176,-0.97779,-0.76241,0.49997,-0.66096,-0.84656,-0.66836,-0.30738,-0.61542,-0.77467,1.86834,1.09888,0.48752,2.25366,-0.37998,-0.64371,-0.02005
-0.28112,-0.06334,-0.91207,-0.08418,0.25995,0.14177,0.9389,0.27724,-0.74095,-1.97112,-0.93825,1.00438,0.47634,-0.6224,0.58321,-0.73209,-1.39534,-1.62926,-0.0505,0.84772,0.4603,-0.2561,-0.27134,0.85829,-0.06914,1.52536,-0.54656,-0.49014,-0.10407,-0.32385,0.18811,-0.21621,-0.54977,-0.53815,-0.57732,3.4637,3.21836,-0.07407,-0.45581,0.48412,0.21794,-0.02367,3.38296,1.65523,1.78298,0.37233,-0.866,0.09384,-0.74229,1.3381,1.88713,1.55373,1.72788,1.03255,1.10251,-0.3373,-0.64538,1.56975,0.04121,0.8024,-0.22238,-0.01305,0.25604,-0.32036,0.8758,-0.34076,-0.5468,-0.02169
2.20427,1.05947,0.23875,1.21921,0.94406,0.66674,-1.3477,0.31308,1.18583,-1.69539,-1.62601,1.42071,-0.09243,-1.32692,-1.16635,-2.00484,1.9913,-0.57183,-0.63788,-1.4087,-2.54937,0.23228,-0.40341,-0.70865,-0.67006,-0.69036,-0.88454,-0.90148,-0.15026,-0.40764,1.45122,1.79306,-0.03088,-0.34465,0.44574,1.41608,-1.151,0.07475,-0.48605,0.35839,-0.91244,-0.32012,-0.70286,-0.91556,-0.63535,-0.93241,0.38036,0.39407,-0.36724,-0.98387,1.44048,1.7624,2.35163,0.54463,-0.50498,0.53097,-0.36534,-0.632,-0.51893,-0.50503,-0.81293,-0.77897,-0.19297,-0.62105,3.38968,1.67438,-0.00905,0.78671
0.35941,0.65988,-0.24951,0.29057,-0.05451,0.64382,-0.98674,0.25389,1.12552,-1.18145,-0.12553,0.2683,-0.36367,1.58795,-2.82992,0.08769,0.10208,1.70846,0.23092,0.86046,-0.76145,-0.56685,-0.85465,-0.84623,-0.51628,-0.38102,-0.45286,-0.56664,0.28334,-0.08532,3.80667,2.60831,-0.44693,0.54469,0.02143,0.09322,-0.43012,0.49057,0.25213,-0.01233,-0.60979,-0.02759,-0.70366,-0.31088,0.1049,-1.06795,1.52888,-0.40763,-1.09924,-0.65773,-0.43605,-1.25489,-0.20596,-0.2915,0.67311,-0.53823,-0.53692,-0.70551,-0.42037,-0.40371,-0.81594,-0.48309,0.7188,-0.07409,2.82435,4.06486,-0.57618,1.10332
-0.04772,0.16204,0.43746,-0.45803,0.3905,-0.46698,-0.78696,-0.13604,0.8761,0.09767,0.32481,0.461,-0.51123,0.61264,-1.61074,1.8895,0.97979,-0.33544,0.49777,0.91212,-0.61509,-0.07391,-0.00665,0.29737,-0.52801,-0.44527,-0.35936,1.12447,0.35605,-0.45703,-0.38679,-0.26942,-0.53326,-0.73655,0.45075,0.27398,-0.88461,-0.71568,0.12666,-0.45309,-0.71566,-0.32802,-1.02336,-0.82923,-1.49073,-0.49393,0.75162,1.40207,0.50529,-0.59116,-0.42957,-0.60023,-0.65904,-0.92863,0.15605,-0.0877,-0.62287,0.22092,-0.46425,-0.36489,-0.65246,-0.23701,-0.11847,-0.45642,-0.497,-0.56404,-0.5226,-1.05897
-1.61548,0.69627,1.02974,-1.11671,-0.90629,-0.82994,0.86651,-0.39128,0.44941,0.73907,0.95025,-0.16818,-2.97141,2.4799,0.46506,0.96642,-0.22971,-0.62152,-0.18937,1.90365,0.01578,-0.77893,4.11579,-0.40605,1.44132,0.297,-0.78249,1.73312,-0.80972,-0.77166,-1.02927,0.20178,-0.47859,0.83304,-1.13283,0.01806,-0.77136,-0.65234,-0.77677,-0.54086,0.01307,-0.07941,-1.10651,1.63502,-0.35453,-0.37657,-0.75971,-1.46096,0.1461,-0.26664,-0.83423,-1.4431,-0.90168,-1.08065,-1.20281,-0.60817,5.7459,-0.31698,0.96715,0.33887,-0.70668,2.67169,-0.77345,-0.72745,-0.95762,-0.0687,-0.33041,1.19429
-1.61121,1.01664,1.30013,-1.37247,-1.2734,-0.97219,0.86048,-0.44613,0.79695,1.14262,-0.57782,0.70026,-1.34467,1.75173,-0.69588,1.17901,0.1034,0.93379,-0.61563,-0.18467,0.3264,1.31976,0.12343,0.11164,0.69192,-0.30413,-0.07481,-0.30286,-0.82294,-0.65775,-0.71731,-0.57843,-0.51785,-0.6152,-1.20124,0.85522,-1.23125,-0.99338,-1.20794,-0.78734,0.05551,-0.3731,-0.69989,-0.41186,-0.37999,-1.33321,0.93665,-0.57895,0.20779,1.38698,-0.45635,-0.34236,-0.71433,0.44704,-0.29818,1.79764,-0.35327,0.72385,0.47272,-0.29309,0.20197,-0.41961,-0.76159,-0.57914,-0.65575,-0.53078,-0.36135,-0.28415
-0.96429,-0.01513,-0.50705,-1.28939,-1.09634,-1.01366,0.85854,-0.30168,0.50025,1.24798,-0.9046,0.9808,-0.24298,-0.66076,1.5365,0.24911,-0.3817,0.64808,-0.31232,0.01389,0.69419,-0.3025,0.4626,0.77126,-0.26493,1.03316,-0.17498,-0.32983,-0.69517,-0.78712,-0.72164,-0.71833,0.69236,-0.51995,-0.63272,-0.24455,1.31324,-0.81509,0.26167,-0.80849,0.38462,-0.20105,-0.0267,-0.50609,0.01319,0.58471,0.93268,-0.73128,2.18394,-1.24729,-1.11069,2.26268,-0.28335,-0.37007,-0.49003,-0.46536,0.92532,0.55565,-0.3635,0.71187,-0.20797,-0.66362,-0.71819,-0.79451,-0.69695,-0.77332,0.12477,-0.44754
0.58003,0.33088,-1.5609,0.31963,1.45936,-0.64671,-0.76754,-0.57701,0.53962,1.17105,0.50425,-1.08749,-1.80154,0.53894,0.43315,1.7547,-2.46312,-1.39698,0.83393,0.75568,-0.12053,-0.48816,-0.67061,-0.17567,-0.10647,0.89429,0.1869,-0.55898,0.1083,-0.3745,0.26787,-0.51246,-0.47369,-0.45886,0.06097,0.17724,0.00467,-0.60405,0.28301,-0.7386,-0.65309,-0.42269,-0.44577,-1.34693,-0.7603,-1.15277,-0.15941,-0.86244,0.28792,-0.57314,-1.52038,-0.85242,-0.93523,-0.52167,-0.59727,-0.41118,-0.53321,-0.02334,-0.31349,0.42783,0.77379,-0.59167,-0.05365,-0.24507,0.03133,-0.69813,-0.4058,-1.217
-0.34134,-0.45054,1.28049,-0.21477,-0.37156,-0.13939,-0.49785,-0.56778,-0.1205,1.42391,1.71273,-1.30918,-0.74954,0.42418,-0.3035,1.0197,0.29772,0.16222,1.80047,0.03557,-0.1018,-0.07501,-0.69543,-0.40229,1.8306,0.68143,2.6054,-0.78347,-0.7733,-0.56265,-0.60778,1.08361,0.02667,0.49763,0.33779,0.04776,-1.12404,-0.06447,-0.7074,-0.05222,-0.81029,-0.42427,0.48989,-1.53673,0.64614,0.24153,0.16792,-0.5221,0.92285,-0.79019,0.04118,-0.73082,-1.31991,-1.35082,-1.30822,-0.15925,-0.64244,-0.55958,1.34728,0.32519,1.31947,-0.73584,-0.67458,-0.59151,-0.51975,1.49969,0.53762,-0.24565
-1.19769,-0.34091,-0.04703,-1.29572,-1.13371,-1.05918,3.72564,-0.52053,-0.46674,0.92769,-0.19392,0.73513,0.3191,1.20034,0.787,-1.26806,0.90142,-0.30628,1.47789,0.09101,0.17999,-0.92304,-0.97218,0.02201,4.8474,-0.52073,-0.9916,-0.32723,-0.71769,-0.49007,-0.48994,-0.59933,-0.81404,1.11338,-0.49531,0.46956,1.378,-0.95265,-0.82874,-0.68439,3.21805,-0.39809,-0.4113,0.08643,1.27773,-0.98487,1.39405,1.43414,2.2604,1.53971,0.42268,-0.90101,-0.33331,-0.33992,0.15509,-0.74301,-0.76169,-0.34407,5.0631,-0.38174,-1.00282,-0.1752,-0.68457,0.06515,-0.40601,-0.5247,-0.66193,2.82508
