-0.71525,-1.13395,-1.08741,-0.15916,0.38056999999999996,-0.26803,-0.34276999999999996,-0.39766999999999997,-0.76279,-0.5030600000000001,1.32904,-0.14172,0.37038000000000004,1.21081,-1.74807,0.08379,0.5908,0.8448,1.68745,0.5838399999999999,0.68747,-0.3375,-0.5898,0.64742,-0.35804,0.17310999999999999,0.49261000000000005,0.47725,1.13444,-0.40102,1.91767,-0.17346,-0.66238,0.34287,-0.66377,-0.00015,0.026560000000000004,0.23544,2.72498,-0.33563000000000004,0.39166999999999996,-0.47873000000000004,1.62944,-1.46359,-0.72206,-0.21424,0.02445,0.73548,-0.92415,0.04501,0.023030000000000002,0.44532,0.21499000000000001,0.12506,-0.42532,-0.15007,-0.47968,1.56408,-0.060410000000000005,-0.17799,-0.43318,0.6082,1.2608700000000002,-0.1581,1.24376,-0.48682,-0.72936,0.28612
-0.02531,-0.62122,-1.7054200000000002,0.12479000000000001,-0.4033,0.24334,-0.43863,-0.13956,-0.52486,-1.16279,-0.44858000000000003,0.07265,-0.04941,1.49346,-1.4038899999999999,-1.20386,-0.47497,-0.77475,1.41811,1.21337,1.83207,-0.35958,0.09272999999999999,0.58673,1.2546,-0.13189,2.19539,0.06287999999999999,-0.18853,-0.12935,-0.71827,-0.9268200000000001,-0.78828,-1.56011,-0.6017,1.02731,2.2136,-0.2384,-0.8620200000000001,-0.19727,0.02108,-0.19136,2.33107,-0.5836600000000001,0.3634,2.04045,0.12272999999999999,-0.0054399999999999995,0.75583,0.23354,2.3538200000000002,-0.48388000000000003,-0.26291,1.6534099999999998,-0.72669,-0.25461,0.43354,0.27574,0.7520399999999999,-0.25005,1.32015,0.20429,-0.35602,-0.36898000000000003,-0.64161,-0.67047,-0.62768,-1.30995
-0.9777399999999999,2.84803,0.84898,-1.0013100000000001,-0.58467,-1.01388,0.44173999999999997,-0.63232,0.08536,0.19532,-0.29836,-0.8325100000000001,0.5048600000000001,-0.1077,-0.44163,-0.89831,-2.18438,-3.2217700000000002,-1.8131,-2.35048,1.17429,-0.40791,2.27453,2.52222,-0.7529600000000001,-0.70995,-1.27464,-0.67469,-0.97749,-0.32666999999999996,-0.94984,-1.06932,-0.5071399999999999,-0.9331799999999999,-0.50155,0.8889600000000001,-0.21461999999999998,-0.38976,0.79065,-0.8190000000000001,0.01855,-0.53337,-0.25984,-0.43899,-1.13057,-0.47476,-0.14665999999999998,-1.34674,-0.51121,1.09091,-0.07564,-0.15068,-0.49773,-1.3867,-1.09523,-0.36262,0.9717399999999999,2.73002,-0.68466,-0.50877,-0.98015,-0.66666,-0.67396,-0.17856,-0.85224,-0.8479200000000001,-0.38272,-0.66706
-0.9465899999999999,2.02127,1.52892,-0.9090799999999999,-0.36152,-0.9194399999999999,0.7720600000000001,-0.54989,0.52208,-0.53461,-0.058910000000000004,-0.34271,0.30658,-0.4229,-1.24317,0.03961,0.14679,-1.88274,-0.8125899999999999,-3.1711400000000003,-0.9164700000000001,3.63096,0.49028,-0.5464600000000001,-0.88264,-0.7566,-0.23469,-0.52777,-1.00017,-0.67867,-0.95547,-0.45508000000000004,0.59455,0.7586,-0.8538600000000001,-0.23365999999999998,-1.0862,-0.9875,-0.72082,-0.8033600000000001,0.13824,-0.47695,-0.5131600000000001,0.6229899999999999,-0.77664,-0.14217,1.48551,-0.44516999999999995,0.2766,0.55762,-0.19627999999999998,0.16969,0.48158999999999996,0.66692,0.22555,2.23349,1.5841100000000001,-0.44963000000000003,-0.74624,-0.52853,0.10035,-0.58444,-0.6239,-0.70028,-0.80367,-0.36114,1.01649,0.17300000000000001
2.07462,-0.40883,-0.18506,2.31987,1.37086,2.54937,0.36871,1.8940599999999999,-0.69781,-0.33848,1.22507,0.16568,0.03905,0.52986,-0.7721399999999999,0.99085,1.1279700000000001,0.43661000000000005,1.05692,0.37601,0.28017,-0.29896999999999996,-0.46567,-0.66117,-0.58449,-0.21145,-0.74448,-0.6308,-0.5823699999999999,-0.10173,0.17847000000000002,1.0204,0.13783,0.09297000000000001,2.6217599999999996,1.08969,0.40826999999999997,3.25867,0.40415999999999996,3.3197099999999997,0.42538000000000004,3.05996,1.16956,0.23296999999999998,-0.33266,0.0011300000000000001,1.15947,-0.28195,-0.30323,-1.10372,-1.21489,-0.08147,-0.49438999999999994,0.35097,0.4479,-0.08866,-0.43971000000000005,-0.57716,-0.64212,-0.38613000000000003,-0.46183,-0.5717399999999999,-0.32445999999999997,-0.01798,0.0306,1.2634,0.11272,0.3325
-1.06813,-0.50161,-1.0525200000000001,-1.2035200000000001,-1.61763,-0.54602,-0.02387,-0.53063,0.01722,-0.27139,0.8688799999999999,-0.99854,1.5393700000000001,2.06335,-1.68472,0.66835,-0.94458,2.27203,0.9178799999999999,-0.34914,0.21126,-0.35665,-0.5594899999999999,-0.46431000000000006,-0.624,-0.6612100000000001,-0.80947,0.09243,0.85762,0.08082,0.55281,0.30201999999999996,-0.47962,-0.24686,-0.8431700000000001,0.7599600000000001,1.27073,-0.92755,-0.48482,-0.6409600000000001,-0.08043,-0.5602,-0.14426,1.0690899999999999,-1.60628,0.0453,1.93927,0.7473,-0.23995999999999998,-0.96291,-1.10913,-0.5109,-1.33863,-0.32687,0.5717800000000001,-0.21825999999999998,-0.52154,-0.48845,-0.6869,-0.48143,-0.89417,-0.0245,0.14837,0.00952,0.26734,0.5343600000000001,-0.5114,-0.19694
-0.69635,0.38629,1.31836,-0.8794700000000001,-1.4052799999999999,-0.74792,-0.5131100000000001,-0.27433,0.90204,-1.60857,-1.49485,1.05295,1.57195,0.6644399999999999,-1.15146,0.60721,0.5978899999999999,0.44953999999999994,-0.03877,0.41426,-0.9700799999999999,-0.48436999999999997,0.03433,-0.66686,-0.79213,-0.11855,-1.08759,-0.47626999999999997,-0.49058,-0.55688,0.63081,0.47486999999999996,-0.6935399999999999,-0.26476,-1.00851,-1.0645200000000001,-1.26979,-0.9027200000000001,-0.06834,-0.6651199999999999,-0.38793,-0.5004,-0.62963,0.54498,0.73788,-0.06679,0.17454,-1.0752899999999999,0.5062,-1.32041,-0.53332,-0.26394,-0.88079,-1.10555,1.44376,-0.38795999999999997,0.06755,-0.6279899999999999,-0.71577,-0.23631,-0.9227200000000001,-0.5119600000000001,-0.3194,-0.47697,-0.30557,0.11023,-0.74728,-0.8969799999999999
2.03938,-0.057379999999999994,-0.22862,0.85608,1.07576,0.376,-0.7336,0.15285,0.90274,-0.21229,-1.43859,-0.21674000000000002,-0.46678000000000003,0.21759,-1.21756,0.47446000000000005,-0.7660399999999999,-0.65809,0.08676,-1.3736899999999999,-0.9734,0.36821,-0.40701,-0.60364,-0.46331999999999995,-0.34234000000000003,-0.40333,-0.37385,-0.42845,-0.2985,-0.2186,-0.59916,0.62589,-1.04477,1.5586799999999998,0.004379999999999999,0.04604,0.76986,1.29114,0.20190999999999998,-0.48867,-0.11899000000000001,-0.90859,1.30526,-0.5618,-1.21488,-1.037,1.3979,1.41971,0.62507,0.14975,-0.82091,-1.1676,0.012830000000000001,-0.94758,0.11258,-0.46975,-0.58487,-0.52615,-0.22657,-0.34281999999999996,-0.61523,-0.5544899999999999,-0.09565,0.11268,-0.53833,0.25419,-0.68069
-0.775,-0.46063999999999994,0.8755299999999999,-1.0114,-1.1613799999999999,-0.53299,-0.04027,-0.24063,-0.46143999999999996,0.028310000000000002,0.5673600000000001,-0.59273,-1.39517,1.8227799999999998,0.12800999999999998,0.2699,0.52003,-0.23487,0.26454,0.17654,-0.7664300000000001,-0.42172,-0.4203,0.19831,0.55802,-0.55757,0.0249,-0.47883000000000003,-0.53499,-0.1256,0.7028399999999999,-0.37485,-0.46693,-0.46813,-0.52036,0.9137799999999999,0.27069,-0.44109,1.0704200000000001,-0.20048,-0.00472,-0.12493,1.37863,1.37632,-0.3011,2.32615,-0.35153,-0.09988,-0.25242,-0.56984,0.42363999999999996,-0.6498,-0.6533899999999999,-0.56817,0.4573,-0.36351999999999995,-0.5029600000000001,-0.24698,1.33294,-0.31724,0.54089,-0.57038,-0.49333999999999995,-0.07841000000000001,1.34846,-0.6231399999999999,-0.78087,0.21706999999999999
-0.45121999999999995,1.08689,-0.8509200000000001,-0.2905,-0.68406,-0.45438999999999996,0.36334,-0.5559,0.12163,-0.39311,0.57589,-1.0337100000000001,-0.15028,-0.7582899999999999,-0.35144000000000003,-0.43571000000000004,-0.57068,-2.0653799999999998,-0.84115,-1.912,0.27455,4.39652,2.82487,-0.3125,-0.40396,-0.62841,-1.09263,0.53897,-0.92709,-0.68595,-1.03098,-1.11584,0.35475999999999996,1.9350599999999998,-0.75458,1.63337,1.7433900000000002,-0.5592199999999999,0.58841,-0.61732,-0.39277,-0.40548,-0.42741999999999997,2.25535,-0.18868,0.61959,1.04064,-0.54152,-0.18106,-0.5381600000000001,1.55529,1.58971,1.2018799999999998,0.94604,0.56181,6.620139999999999,2.74975,-0.27166,-0.63468,-0.49283000000000005,-0.9113899999999999,1.36815,-0.57577,-0.7335,-0.9268799999999999,-0.9314899999999999,0.24564,3.3853699999999995
-0.94506,1.8745900000000002,1.2025299999999999,-1.10258,-1.5274,-0.94815,0.78366,-0.45723,0.40918000000000004,-0.54661,-0.52458,0.61755,-0.8276100000000001,-0.64704,-0.84124,-0.8896299999999999,-0.6603600000000001,-0.9203,-1.88462,-2.2690599999999996,-0.8899600000000001,4.18259,0.9267,-0.57526,-0.71629,-0.57218,-1.14162,-0.55224,-0.8199299999999999,-0.6701199999999999,-1.02459,-1.09535,0.64283,0.98714,-0.81592,1.03538,-0.80497,-0.72207,0.01823,-0.7246100000000001,0.01286,-0.56097,-0.37883,-0.30411,-1.0961,-0.9827799999999999,0.85362,0.3645,3.20392,-0.82268,-1.3634600000000001,1.5146700000000002,0.56994,-0.03017,1.43845,2.22339,0.25117,-0.49843000000000004,-0.61045,-0.46366,-0.96921,-0.60141,-0.44988999999999996,-0.6984100000000001,-0.9013399999999999,-0.90955,1.06285,0.08749
3.6929800000000004,-0.9468799999999999,-0.69802,3.5114099999999997,2.10447,3.9478199999999997,-0.5648,4.360869999999999,-1.01234,-0.15192999999999998,2.24779,-1.08629,-1.28092,0.33666999999999997,-2.04987,1.93308,-0.28965,0.84924,0.08177999999999999,-0.57348,0.48983999999999994,-0.15765,-0.05231,-0.48532,-0.7512300000000001,-0.73875,-0.70017,0.12155999999999999,1.59576,-0.33478,-0.49509,1.1816200000000001,0.33145,-0.15458,2.58002,0.6703100000000001,0.7270800000000001,2.56945,0.2177,3.1389400000000003,-0.5140899999999999,3.62501,1.05525,1.74951,-0.66178,0.4535,-0.48465,1.6658,-0.12779000000000001,1.72302,-0.06437000000000001,0.29706,1.09986,0.76737,0.5642,-0.28999,0.09514,-0.49666000000000005,-0.59485,-0.55161,-0.9462700000000001,-0.008,1.37782,-0.1693,-0.5616300000000001,1.16941,0.11581,0.33976
-0.33581,1.3539700000000001,-0.43362,-0.23655,-0.69233,-0.27134,0.31927,-0.38323,0.8574299999999999,-1.90877,0.06204,-0.04736,-1.30354,-0.90765,-0.6078399999999999,0.36274,-0.74532,-2.67096,-2.48753,0.50421,1.7346,-0.15837,1.77816,-0.42701000000000006,0.57986,4.803999999999999,-1.04016,-0.67492,-0.72548,-0.57512,-1.01506,-0.8746200000000001,-0.16714,-0.51077,-0.15222,0.93768,2.06134,-0.06885,-0.24755,-0.26198,0.28394,-0.6231399999999999,-0.11637,-0.5475399999999999,-0.8636,0.31075,-2.13706,-0.89769,0.55845,2.41371,1.5660100000000001,1.71082,2.4250599999999998,4.78036,3.18768,-0.14146,1.94608,-0.4006,0.80594,5.49338,-0.74962,-0.6912699999999999,-0.47498999999999997,-0.6337,-0.8772,-0.48316000000000003,0.10461,-0.57781
0.9204700000000001,-1.0956700000000001,-1.6876200000000001,1.21097,0.11002999999999999,2.0750900000000003,-0.4123,0.29424,-0.23449,-0.81117,2.48063,-1.04425,-0.50973,-1.66536,-0.98521,2.06601,-0.0618,1.95895,-0.38224,1.5731,-0.58703,-0.36054,-0.5333100000000001,-0.05533,-0.46043,-0.72527,0.8542,0.43836,1.57266,0.13525,-0.8389700000000001,1.09281,0.18812,-0.03855,-0.18959,-0.74602,1.18119,0.09935,-0.15424000000000002,0.47389,-0.17127,0.04249,-0.59419,1.6814900000000002,2.448,1.9040700000000002,0.49137,-1.40205,-0.45631000000000005,0.14968,1.36209,-1.14341,-0.39389,0.01113,-0.47847,-0.37872,-0.45911,-0.05359,-0.68819,-0.5559,1.1433799999999998,0.91701,1.4765700000000002,-0.01789,-0.73678,1.24185,-0.2417,0.27933
0.31378,0.44243999999999994,-0.49467,-0.47902,-0.51552,-0.61887,-0.5072300000000001,-0.41211000000000003,0.8789399999999999,-0.29744,-0.14046,-0.14683,-0.5576,-0.21547,-0.8745299999999999,-0.11740999999999999,0.93871,0.22105,0.8153699999999999,-0.03193,-0.7244,0.15091,-0.58516,-0.35643,-0.57831,-0.61637,-0.7257899999999999,-0.24151,-0.55132,-0.14361,-0.48153,-0.54427,0.66994,-1.09188,0.43301000000000006,-0.39625,0.33876,-0.08921,-0.42112,-0.54304,-0.23938,-0.42045,-1.08152,1.76005,0.28136,0.92225,0.6107199999999999,-1.43524,-0.10583,-0.63052,0.32876,-0.26753000000000005,-0.31901999999999997,-0.59204,-0.9144,0.25388,-0.5063300000000001,-0.29514,-0.59504,-0.43705,-0.44933,-0.5605100000000001,-0.43623999999999996,0.0607,-0.31749,-0.5838899999999999,0.2309,-0.93363
1.62267,0.4121,-0.42717,0.24748,0.49798000000000003,0.0217,-0.50948,-0.5920000000000001,1.11287,0.29274,1.26234,-1.84244,-3.66615,0.12642,-0.6902699999999999,0.40565,0.028810000000000002,0.19302,-0.49922,-0.23218000000000003,-0.03228,0.05797000000000001,0.12334,0.36361,-0.16192,-0.38023,1.27224,-0.1636,0.044239999999999995,-0.24835,-0.73349,-0.5005,0.49562,-1.4876,1.2615299999999998,0.7517199999999999,0.09187999999999999,-0.21149,-0.21085,-0.46255,-0.22657,-0.54513,-0.07496,-0.2441,-1.2909,-1.0613,-0.24945,0.12637,0.40524,0.26814,0.6219899999999999,1.5041200000000001,0.73652,-0.27849,-0.99813,-0.23087,-0.3545,-0.25633,-0.6239899999999999,-0.43991,1.37551,-0.05662999999999999,-0.40836,-0.50569,-0.68907,-0.6853100000000001,0.058570000000000004,-1.23133
-0.63098,-0.04777,0.08038,-0.7175,-1.1463299999999998,0.28243,-0.6507,-0.13895,1.54247,-1.54059,-0.13616,-1.07841,-0.99324,0.41636999999999996,-0.022080000000000002,0.40194,-0.18006,0.2376,-0.37253000000000003,0.80087,-0.31756999999999996,-0.32115,-0.42039,0.51143,-0.62079,1.0850899999999999,1.70895,-0.48362,0.37056,-0.23767,-0.6384,-0.8824700000000001,0.56503,-1.2921799999999999,-0.51935,-0.5012300000000001,-0.8413200000000001,-1.08732,-1.9804,-0.21622,-0.60639,-0.20410999999999999,-1.17298,-0.23403000000000002,-1.33299,-0.72172,0.31088000000000005,-1.0524799999999999,1.72531,1.02039,1.42915,0.15192,-0.76508,0.09631,-0.93676,-0.35881,-0.4756,0.28303,-0.66467,1.06334,1.6625599999999998,-0.71425,0.01962,-0.52057,-0.6464,-0.75338,0.95204,-0.9762799999999999
0.42,1.4348100000000001,1.2475399999999999,0.3064,-0.50503,0.39473,-0.37166,-0.45603,1.1284399999999999,-0.93294,0.2774,-1.94117,0.09502999999999999,-0.5133,-1.16334,-0.39332,-0.31509000000000004,-0.10845,-0.4366,-1.0883,-1.6642700000000001,0.8472700000000001,-0.64527,-0.66375,-0.7046600000000001,-0.66273,0.92289,-0.46686000000000005,-0.43065,-0.6540600000000001,-0.92632,0.01938,4.36779,0.6471600000000001,-0.3247,-1.2731299999999999,-1.15439,-0.44688999999999995,-1.63277,-0.26479,-0.54413,-0.48625,-0.73087,-0.48081999999999997,0.04633,1.19971,-1.2175200000000002,0.16989,1.09188,-0.27353,0.9787299999999999,0.67737,0.10505999999999999,-0.32038,-0.5052800000000001,0.66914,-0.5786,-0.58406,-0.46082,-0.52142,0.9029200000000001,-0.49253,-0.43332,-0.6977800000000001,-0.77932,0.24570999999999998,4.09767,-0.09852999999999999
0.47975,0.37821,0.70117,1.06881,0.96595,1.24928,-0.5032399999999999,0.8489700000000001,0.27615,-1.1872200000000002,0.47403999999999996,-0.48155,0.50052,1.39388,-0.56133,0.55765,0.47046000000000004,0.5574100000000001,1.33465,-1.23045,-0.6863199999999999,-0.48385,-0.61793,-0.73322,-0.89489,2.2561400000000003,-0.72646,-0.027639999999999998,-1.03221,-0.63373,2.18669,0.22913000000000003,-0.62154,0.78017,0.5564,-0.57727,-0.7700899999999999,1.06139,-0.6358600000000001,1.9318400000000002,-0.33064,1.1867,1.00567,0.69965,-0.00952,-0.53803,1.45205,-0.60118,-0.41827,-1.31874,-1.2716,-0.70629,0.16138,0.57014,-0.07823,-0.36796,-0.53496,-0.61754,-0.7905,0.66919,-0.40819,0.00713,-0.66459,-0.68804,1.47466,-0.27295,-0.48675,0.25029
0.35157,-0.50097,-1.24215,0.87439,-0.77268,1.4933,-0.27334,1.12634,-0.40493,-1.33714,-0.52404,1.37954,0.73012,-0.61236,1.26864,-0.2215,0.8252799999999999,-0.6563399999999999,0.37569,0.41039,-0.15673,-0.23165,-0.43107,-0.49245,0.50042,-0.23608,-1.07922,0.35980999999999996,-0.60473,-0.27146,-0.09283999999999999,-0.9988600000000001,0.29933000000000004,-1.05817,0.65113,2.16779,1.7167599999999998,2.18194,-1.31303,2.60739,-0.20897,1.32481,2.21977,1.78634,2.08443,1.3847200000000002,1.80895,0.80566,-1.54735,0.82416,-0.40533,0.5464899999999999,0.97041,0.006940000000000001,0.44793,-0.27047,-0.46718000000000004,-0.44869,0.1298,-0.030510000000000002,-0.9074,1.26064,-0.45037,-0.20099,0.15957000000000002,-0.90146,1.22914,-0.56686
-0.72495,1.13596,0.7141,-0.15452,-0.52381,-0.12732000000000002,0.39266,-0.3002,0.9455,-1.15638,-0.65832,0.7249800000000001,-1.24204,-0.06917999999999999,0.25768,-1.45696,-0.54152,-0.67673,-1.44887,-0.28381999999999996,-0.04542,-0.34544,-0.32174,0.05037,-0.43381000000000003,0.62403,0.34157,0.12086,-0.8476100000000001,-0.6787,-0.98906,0.85731,0.32753000000000004,-0.48965,-0.74669,0.75246,-0.41043,0.48723,0.96411,0.04033,0.43299,-0.479,-0.056639999999999996,-0.42298,-0.56196,-0.9544600000000001,-1.249,1.4237799999999998,1.2499799999999999,0.57067,2.47945,0.94694,1.1307399999999999,0.09183999999999999,1.4048399999999999,-0.28224,-0.06684,0.13121,-0.1924,0.67989,0.8084600000000001,0.99521,-0.5356,-0.69577,-0.89404,0.1028,0.71232,-0.48839
-0.8434299999999999,-1.13952,0.05587999999999999,-1.1388200000000002,-1.93903,-0.61125,-0.79891,-0.09684,0.5047,-0.54037,-0.92886,1.20763,-0.9531799999999999,0.89638,0.48401000000000005,0.7757,-0.0092,1.7574299999999998,-0.84416,1.85549,1.21765,-0.45595,0.20194,-0.24201,0.60093,1.59629,3.89384,2.84567,-0.48622,-0.54568,-0.78427,-1.04951,-0.53738,-1.3330000000000002,-0.92716,0.21905,-0.05563,-0.8981,-0.29475999999999997,-0.63231,-0.80052,-0.40938,0.53388,-1.75649,-0.81282,-0.7772,-1.10448,1.3528200000000001,-0.57794,-0.94179,-0.15278,-0.49851,1.01979,-1.20355,-0.34651,-0.40528000000000003,0.27147,-0.25669000000000003,0.23649,1.2847899999999999,2.22982,1.23399,-0.5471199999999999,-0.67523,-0.85764,-0.8972700000000001,-0.50289,-1.26734
0.2908,0.42701999999999996,-0.34097,0.05646,0.3273,0.026660000000000003,0.18355,-0.58057,0.28612,0.65256,-0.24178000000000002,-1.19435,-0.09479,0.90701,1.49252,-0.37454,0.28459,-0.53978,-1.4416799999999999,-0.77295,-1.0403799999999999,1.27614,4.25795,-0.43333999999999995,-0.7419899999999999,-0.5856399999999999,-0.90249,0.4064,-0.56986,-0.5805100000000001,-0.77356,-0.93984,0.5606,-0.032310000000000005,0.2688,0.9345600000000001,-0.42758,0.0044,-0.36639,-0.049,0.5934,-0.49081,-1.10186,-0.71887,-0.38382,-0.08447,0.22178,-1.07301,1.6766299999999998,-0.16642,0.49359,-1.54339,2.98529,-0.17306,-0.2819,0.40665999999999997,4.92133,-0.51202,-0.66198,-0.50142,-1.14883,0.89597,-0.35294000000000003,-0.61839,-0.6662100000000001,-0.78293,0.33307,-0.08106000000000001
1.33311,-1.54583,-1.40485,1.22833,0.86119,1.93045,-0.33515,2.13171,-1.2888899999999999,0.59045,0.5219699999999999,1.0278,1.43974,-1.14062,0.9519799999999999,-0.11275999999999999,0.9531299999999999,-0.07231,-0.16136,0.76031,-0.53932,-0.40097,-0.50234,-0.27729000000000004,-0.48346000000000006,-0.40535,-0.63725,0.10114,-0.6207199999999999,-0.51275,1.6855200000000001,-0.17524,-0.28381,0.27734000000000003,2.5657099999999997,-1.08293,0.87854,1.7919200000000002,-0.8652,2.0429,0.18674000000000002,1.53485,-0.17545999999999998,1.58631,2.17082,2.30875,-1.60086,0.02102,1.05154,0.02503,0.5888100000000001,-0.09035,-1.43268,-1.1661299999999999,-0.405,-0.39923000000000003,-0.5181600000000001,-0.50738,-0.67915,-0.41353999999999996,-0.75954,0.78692,-0.48678999999999994,-0.58263,1.7965799999999998,-0.30207,-0.19934000000000002,0.6423
0.95316,-2.54125,1.3990200000000002,2.06691,1.9091799999999999,1.60319,-0.67606,3.8801400000000004,-5.70925,1.5566799999999998,1.66457,1.6281700000000001,1.6618,-0.19994,0.5132800000000001,2.21038,1.49053,0.9916299999999999,0.74195,1.1519,1.04608,-0.03501,-0.15166,4.82809,1.7664799999999998,0.40648,0.09133,0.67786,0.70857,0.35213,0.021159999999999998,-0.8512700000000001,-0.39552,-0.57745,2.1600900000000003,-1.90408,0.47541000000000005,2.70927,1.03861,1.67705,-0.48306000000000004,3.04353,-0.41961000000000004,-1.43813,-0.73635,-1.03888,-0.6731600000000001,-0.86515,-1.5015100000000001,-1.34746,-1.18401,-1.16864,-0.84526,-1.1239,-1.33774,-0.29067,-0.31379,3.80924,0.53604,-0.28720999999999997,-0.82578,-0.10184,-0.00774,0.24365,-0.24094000000000002,-0.8546799999999999,-0.8141,-0.44719
-1.1769100000000001,0.27161,-0.16973,-1.6462599999999998,-1.87608,-1.08733,0.87013,-0.5986199999999999,-0.05501,1.4285700000000001,-1.19957,-0.36667,-0.023209999999999998,0.39324000000000003,0.57585,-0.17021,0.96857,0.21983000000000003,-0.39578,-0.32005,-0.9984799999999999,-0.46641000000000005,-0.51455,-0.60154,-0.07789,0.06583,0.24886,-0.47263,-0.44376000000000004,-0.22699,0.15292999999999998,0.5333,1.29821,-0.28943,-0.94521,0.48551000000000005,1.22668,-0.92311,-0.48783999999999994,-0.83562,1.10172,-0.47036000000000006,1.33921,2.11253,1.06873,-1.64857,-0.63832,0.028739999999999998,-0.24952,1.05398,-0.08531,-0.36439,1.9672900000000002,-0.37425,-1.17785,-0.38761999999999996,-0.46497,-0.46348,-0.42386,-0.2531,0.2753,-0.62379,-0.48533999999999994,-0.54176,-0.27549,-0.25742,1.33333,-1.2597200000000002
1.2708,0.06787,0.78173,0.89207,1.14073,0.45164,-0.27629000000000004,-0.044489999999999995,0.39268000000000003,0.44406999999999996,-0.9886,0.5686,0.86069,1.18375,-1.45462,0.07866000000000001,0.64012,-0.6674,0.73498,0.31756999999999996,-0.00016999999999999999,-0.35715,-0.50232,-0.5079199999999999,-0.75664,-0.43467,-0.80808,-0.43093000000000004,-0.46733,-0.29899000000000003,3.67369,-0.91314,-0.563,1.80444,1.2504,0.09775,-0.3389,0.85472,1.27603,0.47081000000000006,-0.57386,-0.08224,-0.9948,0.4651,-0.02027,1.06322,-0.01661,0.33893,-0.56329,-0.71449,-0.16721,0.49033999999999994,-0.5935600000000001,0.7054,-0.02822,-0.38559,-0.59295,-0.43675,-0.61687,-0.38173,-0.5351899999999999,-0.3922,-0.56719,-0.40009,3.99785,-0.91686,-0.5425300000000001,2.54657
0.53184,-0.38729,0.24861,1.24443,1.0920100000000001,1.2539200000000001,-0.47008,-0.19491,-0.17568,0.45793999999999996,0.38314000000000004,-0.40598,1.058,-0.74361,0.72964,-0.50648,1.10325,0.36943000000000004,1.42782,0.41403999999999996,0.11832999999999999,-0.51753,-0.56999,-0.6683,-0.11699999999999999,-0.25329,-0.9453799999999999,-0.57194,-0.59038,0.253,0.68905,-0.24645,-0.58636,-0.45433,-0.50613,-1.63119,-1.2919,-0.50267,-0.6975899999999999,-0.03767,-0.054110000000000005,-0.14897,-0.45325,0.5698300000000001,1.63386,1.6042299999999998,-0.09228,1.23058,0.70182,-0.26350999999999997,-0.2878,-0.44728999999999997,-0.28578000000000003,0.027139999999999997,-1.17297,-0.41323000000000004,-0.53923,-0.65393,-0.25236,-0.3351,-0.89423,-0.5445399999999999,-0.40226,-0.03413,0.5866600000000001,-0.8293200000000001,-0.6901,-0.46407
0.37609000000000004,-0.01872,0.65735,0.33998,0.13475,0.13726,-0.5468,-0.57636,-0.07117000000000001,1.83612,-0.24434,-0.4318,0.20265,0.21491999999999997,0.49746999999999997,-0.52084,-0.38992,0.2108,1.5237399999999999,0.1626,0.48273,-0.52332,-0.66738,-0.5868899999999999,0.01855,-0.16593,-0.43613,-0.44315,-0.30845,1.57895,1.6024200000000002,-0.70604,-0.7196600000000001,1.48071,-0.08371,-0.9322,-0.57511,0.048369999999999996,-0.32191,-0.09063,-0.31474,-0.5237,-0.45016000000000006,-0.013080000000000001,0.16642,-0.33121999999999996,-0.7005899999999999,-0.03146,1.3038,0.15886,0.11955999999999999,2.08705,-1.12497,-1.01003,-1.51979,-0.3853,-0.5893,-0.57396,0.35017,-0.17297,-0.6709,-0.55993,-0.37463,3.15319,1.73459,-0.7146,-0.7035600000000001,0.6772
-0.85569,-0.8373799999999999,0.10339000000000001,-0.67562,-0.0814,-0.7991199999999999,-0.4749,-0.31223,0.12032999999999999,-0.45577,0.21356999999999998,1.7177099999999998,-0.51032,0.19249000000000002,0.34778000000000003,-1.31788,0.0025,-0.31999,0.45892,0.6099100000000001,0.40013000000000004,-0.461,-0.45003000000000004,-0.25736,1.20344,0.41125,-0.39453,-0.24424,0.97529,0.78062,-0.21436999999999998,1.04039,-0.14815,0.34187,-0.84167,0.14397000000000001,-0.33035,-0.41002,2.12974,-0.8246,-0.35306,-0.31626,1.89507,-0.51017,0.9195200000000001,-0.7498100000000001,-0.9383,-1.11095,0.06688999999999999,0.02683,-0.30063,0.99392,-0.54185,-0.8724200000000001,-1.6063399999999999,-0.29794,-0.32821,-0.37075,1.1256,-0.11850999999999999,-0.39919,0.034319999999999996,0.27209,1.7931,-0.34442,0.1829,-0.45578,-0.49295
-0.59217,-0.9531200000000001,-0.12827,-0.30984,-0.38988,-0.43416000000000005,-0.46171999999999996,-0.41933000000000004,0.02107,-0.64049,0.02205,0.80508,-0.61702,1.26709,0.33066,0.95324,1.34513,0.24504,0.57129,0.62335,-1.4253200000000001,-0.32391,-0.32568,-0.36946999999999997,-0.40392,-0.49318999999999996,-0.68052,0.49272,0.86164,-0.54895,-0.38754,0.73353,2.25905,-0.09429,-0.73473,-1.07684,-0.03553,-0.6653600000000001,-1.1341700000000001,-0.5876,-0.3523,-0.50179,-0.38449,-0.56511,-0.23929,-1.4392,-0.67975,-0.9676600000000001,-0.09232,-0.8092199999999999,-1.54329,-1.64265,-1.29376,-0.00257,1.12911,-0.22919,-0.276,-0.15107,-0.42763999999999996,-0.43876000000000004,-0.7235199999999999,0.68397,1.38031,-0.6575,-0.68365,0.31656999999999996,2.27578,-0.26165
0.8305899999999999,0.42162,-0.58043,0.65956,0.99687,0.17699,0.2011,-0.2286,-0.37727,0.25261999999999996,0.48733000000000004,-0.71549,-0.49587,-1.5574299999999999,0.71009,-0.8438899999999999,0.46818999999999994,-0.63475,-1.8889599999999998,-0.42266000000000004,0.74005,-0.12928,1.27211,3.00787,0.034339999999999996,-0.48596999999999996,-0.6731699999999999,-0.0049700000000000005,4.216880000000001,-0.33155999999999997,-0.94601,-1.04457,-0.74838,-0.5785899999999999,-0.24916999999999997,1.82247,-0.08804,-0.0563,-0.9557399999999999,0.46543999999999996,-0.35157,-0.028939999999999997,-0.12864,0.25533,1.93123,0.11980999999999999,-0.37206999999999996,2.42404,-0.9128200000000001,1.1470799999999999,0.70544,-0.27799,2.1649599999999998,0.6661199999999999,1.22225,-0.1988,0.42423999999999995,1.90555,0.29734,-0.36244,-0.6617,0.5201100000000001,5.9474599999999995,-0.42698,-0.85104,-0.83609,-0.6359199999999999,-0.21453000000000003
-0.78776,0.75868,1.4174799999999999,-1.37094,-1.6680099999999998,-1.00763,-0.01648,-0.4109,0.59787,0.973,-2.07615,1.12575,0.45033,-0.59383,0.83711,-1.57544,0.89689,1.24999,-1.7007299999999999,0.57896,-0.9527899999999999,-0.33941,-0.47446000000000005,-0.604,-0.8502700000000001,-0.5936100000000001,1.00414,-0.48108,-0.7820600000000001,-0.54718,0.09679,2.0479,0.42072,0.8062699999999999,-0.18847,0.29306,-0.8920899999999999,-0.56082,0.18331,-0.76608,-0.53546,-0.55145,-0.75497,0.41648999999999997,-1.2941200000000002,-0.08361,0.40556,0.31956999999999997,-1.7687599999999999,-1.1171,0.32099,0.5444899999999999,-1.26631,-0.03681,-0.3251,-0.28984,-0.43855,-0.5918800000000001,-0.7258899999999999,-0.54852,0.25209000000000004,-0.53509,-0.50825,-0.61498,0.70235,0.7921,0.03107,-0.19835
0.396,-0.11665,-0.46121,0.66713,1.3500299999999998,-0.0135,-0.71918,-0.37540999999999997,0.8913700000000001,-0.5222,-0.75048,0.49727,0.4377,0.51183,-0.45624,-1.98975,0.073,-0.9144200000000001,-0.98688,-0.33009,0.34496,-0.16722,0.02815,0.54113,-0.3979,-0.4156,-0.57782,-0.54888,0.56171,-0.54674,0.53882,-0.62187,-0.73964,-0.6761699999999999,0.19435999999999998,-1.36032,-0.42116000000000003,-0.12872999999999998,-1.39204,-0.12253,-0.43967,-0.5476,-0.58007,-0.22375,-1.24304,1.04454,-0.53368,1.32487,0.91625,-1.2493299999999998,-0.43992,-0.15600999999999998,1.35464,1.33236,-0.81975,-0.24297,0.34326999999999996,0.00772,-0.44021000000000005,-0.38888,-0.62061,-0.60729,0.12002,-0.5423399999999999,1.62632,-0.56777,-0.75592,0.4858
-0.41343,1.37788,1.2678,-0.25706,-0.14855,-0.56903,0.39248,-0.52161,0.33355,0.38834,0.53905,-1.27017,1.0100799999999999,0.7530899999999999,-0.98477,-0.6920000000000001,-1.11051,-1.58259,-0.47351000000000004,-1.0984399999999999,1.71128,-0.48152,-0.45014,1.0132,-0.70463,-0.31459000000000004,-0.80274,-0.68745,-0.92015,-0.61451,-0.45614,1.9323099999999998,-0.37438,0.50961,0.44553999999999994,-0.7267,-0.7917,0.46946000000000004,1.12794,-0.34457,0.5049,-0.6312399999999999,-1.00426,-1.08436,-1.3535700000000002,-0.11852,-1.5973899999999999,0.0046,-0.54538,0.50613,-1.20106,1.99744,0.21416999999999997,-0.15148,1.1718600000000001,-0.38828,-0.34323000000000004,0.8211,-0.6269899999999999,-0.157,-0.76808,-0.7266699999999999,-0.56506,-0.6119600000000001,-0.15846,2.16739,-0.37568,1.2862200000000001
-0.5375300000000001,0.37181,1.12762,-0.77942,-0.37674,-0.82111,-0.45328,-0.5902,0.48473,1.11969,0.13885,-0.7178399999999999,-0.27408000000000005,0.34856,-0.3952,-0.48246999999999995,0.21930999999999998,-0.43691,0.6673,-0.44392,0.60277,-0.43256999999999995,-0.50338,-0.63061,-0.27379000000000003,2.8079400000000003,-1.05827,-0.52176,-0.60652,0.00916,-0.030010000000000002,0.14082999999999998,-0.48762,-0.64285,-0.6632600000000001,-1.33501,-0.84478,-1.19906,-1.07066,-0.7812899999999999,-0.72467,-0.55412,-0.66948,0.42837,-1.35673,-1.60199,0.22621,-0.02823,1.51852,-0.90297,-1.0921399999999999,0.97305,-0.07658999999999999,-0.34914,-0.41161000000000003,-0.36505,-0.48822,-0.5813699999999999,-0.51632,1.2272,-0.9299299999999999,-0.6965600000000001,-0.39323,-0.17424,-0.59459,0.16421,-0.49832,-0.83249
-0.98846,-0.11027,0.0161,-0.8470200000000001,0.07946,-0.97093,0.39755999999999997,-0.55169,-0.5067699999999999,1.1838600000000001,-0.48588000000000003,0.55137,0.68467,-0.1819,1.45581,-1.44397,-1.0206,-0.11307,0.08381,-0.87515,-0.13976,0.85564,-0.40501,-0.53872,-0.12445,-0.5502600000000001,-1.05372,-0.54292,0.49587,-0.13892000000000002,-0.63893,-0.93575,-0.55094,-1.0511,-0.80785,-0.3895,-0.048310000000000006,-0.6784,-0.1379,-0.68985,0.0724,-0.5485,0.26093,-0.89571,1.01683,-0.14862999999999998,-0.68015,0.08229,0.15081,0.67765,-0.67203,0.056229999999999995,-1.07606,0.7457699999999999,0.67699,0.46045,-0.25328,-0.42646999999999996,0.43915,-0.39352,-0.87625,-0.52684,0.30111,-0.0621,-0.54459,-0.79371,-0.47957,-1.1637600000000001
0.5012,0.2666,0.91186,0.5516399999999999,1.21266,-0.07578,2.23468,-0.09985,-0.68177,-1.47201,0.13530999999999999,1.26121,1.58755,-0.49208999999999997,-0.19,0.08842,0.8228200000000001,1.19021,0.8133600000000001,-1.30939,-0.9997,-0.25736,-0.25735,1.38515,-0.21974000000000002,-0.81893,0.8320000000000001,-0.46466,-0.9393,-0.6113,-0.8527100000000001,1.2060600000000001,1.5422799999999999,0.29385,1.7036,2.2732900000000003,0.35589,0.8297100000000001,0.78262,-0.07518999999999999,2.7855,-0.30251,0.75673,-0.19815,0.41777,-0.00873,-1.85865,-0.93765,0.54355,-0.029580000000000002,-0.36625,-0.748,-0.66309,1.24357,1.26105,-0.30004000000000003,0.24698,2.94544,0.65938,-0.56687,0.050839999999999996,-0.55175,-0.52199,-0.5338,-0.86459,0.6954600000000001,0.98911,-0.47618999999999995
2.04756,-0.08891,0.01612,2.01483,1.8850799999999999,1.39648,-0.47441000000000005,1.68528,-0.18673,0.46829,1.4627,-0.44093000000000004,-0.35681999999999997,0.51577,0.08163,0.66081,0.50532,0.15083,0.66925,-0.52763,-1.02225,-0.27043,-0.46338999999999997,-0.43432,-0.80602,1.18703,0.48216000000000003,-0.60714,-0.6992,-0.21126999999999999,0.74507,0.98667,0.17357999999999998,0.22713000000000003,2.2743700000000002,1.07829,0.45431000000000005,1.8174599999999999,1.0338100000000001,1.37306,-0.42353999999999997,2.70852,0.10645999999999999,-1.1305100000000001,-0.39115,-0.10926,-0.41057,-0.87802,-1.246,-1.18235,-0.17682,-0.09492,-0.51156,-1.35255,-0.35305,-0.25454,-0.42208999999999997,-0.33653,-0.7581600000000001,2.41027,0.90174,-0.58896,-0.3126,-0.4062,0.13435999999999998,0.48855,0.02769,-0.48218999999999995
0.39855999999999997,-0.17205,-0.62968,-0.08173,-0.27281,-0.12295,-0.20199,-0.24665,0.7749699999999999,-0.38978,-1.4520899999999999,0.27211,-0.07125,1.23536,-0.14307,-0.93415,0.68452,-0.1032,0.81418,0.28724,-0.08732999999999999,-0.40335,-0.43521000000000004,-0.51244,-0.08495,2.04319,-0.25045,-0.5120899999999999,-0.43986000000000003,-0.07265,0.5001399999999999,-0.67505,-0.6733100000000001,-0.75343,0.6822,-0.99744,0.13499,0.51142,1.43557,-0.06705,-0.32256999999999997,-0.35234,-1.24405,0.54178,-1.06633,0.7955,-0.00457,-0.15129,-0.7713399999999999,-0.53265,-0.8990100000000001,-0.47757,-0.40748,-0.68484,-1.26825,-0.32226,-0.38954,-0.44523,-0.02077,3.18019,-0.0154,-0.50557,-0.32629,-0.25564000000000003,0.83652,-0.61128,-0.61203,0.07906
0.28263,-0.18555,0.17053,-0.05245,1.25106,-0.74767,-0.29780999999999996,-0.43738,0.23715,1.39614,-1.45187,-0.12683,0.72472,0.18392,0.32245,0.78799,-0.79956,0.039689999999999996,0.8516,-0.16651,1.24747,-0.40541,-0.42943000000000003,-0.40736999999999995,0.61364,-0.08949,-0.82184,-0.43568999999999997,-0.29114,1.7286599999999999,-0.43523,-0.8885799999999999,-0.82186,0.011090000000000001,0.20348,-0.97524,-0.33659,-0.40805,-0.23833000000000001,-0.6745399999999999,-0.15467,-0.49432,-0.84757,-1.30513,0.47773000000000004,0.47684,0.25901,1.2123700000000002,-1.3851200000000001,-0.8299799999999999,-0.8235600000000001,-0.662,-0.37284,-0.8519399999999999,-0.8023100000000001,-0.31327,-0.40954,-0.57298,-0.30801,-0.31239,-0.8445299999999999,-0.617,-0.34936,2.26716,-0.60213,-0.8340200000000001,-0.80982,0.3846
-0.20915999999999998,-0.66418,0.00601,-0.26354,-0.24186,-0.30139,-0.43635,-0.49393000000000004,0.15034,1.37372,-0.4999,-0.33599,-0.17876,-0.27405999999999997,0.32587,0.8516299999999999,-0.17329,-0.4169,0.8285,-0.12261,-0.09172000000000001,-0.28033,-0.508,-0.39586,-0.25629,-0.42867,0.6883199999999999,-0.15597,0.90869,-0.11785,-0.26331,0.10557000000000001,-0.65253,-0.7337600000000001,-0.36089,-1.0412700000000001,-1.34657,-0.14827,0.8955,-0.28329,-0.6524300000000001,-0.48122,-0.16899,1.9203400000000002,0.03153,0.07515,-0.6170800000000001,0.29444000000000004,0.40586,1.25405,1.95325,-0.8260200000000001,0.18517999999999998,0.5746100000000001,0.49421000000000004,-0.19588,-0.58426,-0.48382,0.2971,-0.36486,0.30845,-0.45448999999999995,0.58396,-0.20109000000000002,-0.38659,0.50027,-0.79055,-0.4213
0.38987,-0.20575,-0.047,-0.03215,0.9834299999999999,-0.5916,-0.43028,-0.70812,-0.2427,2.48725,0.89964,-1.62609,0.7156899999999999,-0.8997700000000001,-0.025889999999999996,1.6407200000000002,-2.7542299999999997,0.54319,0.95099,0.35389,-0.054979999999999994,-0.23811,-0.48391999999999996,-0.47488,-0.54356,-0.20493000000000003,0.6575,-0.17745,-0.08198,0.31775,1.16701,1.9996200000000002,-0.5773199999999999,1.02065,-0.08279,-0.8875,-0.80129,-0.65157,-0.9975,-0.6037399999999999,-0.35085,-0.5823,-0.61769,-1.16249,0.7532800000000001,-1.0267600000000001,1.12006,-0.66223,-0.88202,-1.19464,-1.38365,-0.41541999999999996,-0.9716299999999999,-0.89276,-0.51158,-0.2452,-0.48197,-0.50625,-0.56843,-0.29623,-0.02899,-0.27759,-0.35091,-0.01081,0.42248,2.02359,-0.60333,1.1955200000000001
0.72539,-0.7472,-0.74711,-0.22046999999999997,0.59937,-0.69292,-0.37695,-0.58298,-0.57802,2.64912,-0.20756,-0.4623,0.16514,-0.67814,0.42332,-0.22216,-2.27514,-0.03909,0.47293,0.9563200000000001,1.32474,-0.24424,-0.47856000000000004,-0.15672,0.8501200000000001,-0.09525,0.0607,0.0338,0.5242600000000001,2.46325,-0.55767,-0.62174,-0.72615,0.54594,0.37914000000000003,-0.99724,1.9788,-0.6501,-0.60351,-0.65976,-0.43046999999999996,-0.48258999999999996,-0.6602600000000001,-0.5997,1.2081,0.06207000000000001,-0.76181,-0.71078,0.68808,-0.59007,-0.55448,0.5107,-0.51339,-0.16259,1.6024100000000001,-0.28326999999999997,-0.49746,-0.5573199999999999,0.2568,-0.22044,0.47467,-0.47836999999999996,0.27799,2.4381,-0.7924100000000001,-0.6616,-0.78367,0.51713
0.36536,-0.28339000000000003,-0.35014,0.61665,0.50875,0.8355299999999999,-0.54432,1.06677,0.66873,-0.25413,-1.25216,-0.41076999999999997,-1.21823,0.44498000000000004,1.4111799999999999,-0.08085,-0.47472,0.18452000000000002,-0.52749,-0.23699,-0.98131,-0.20856,0.09032000000000001,-0.10768,-0.57204,-0.51467,1.6223299999999998,-0.30269,-0.70508,0.5009,-0.26516,-0.8408200000000001,-0.40652,-0.6856300000000001,0.20586,-1.25032,-0.26818000000000003,0.8836700000000001,-0.6444,1.4153799999999999,-0.68595,1.4882600000000001,-1.03956,-0.83696,1.6456400000000002,-0.13815,-0.55245,1.17216,0.8478700000000001,0.77268,-0.48401000000000005,-0.14431,1.41353,0.7126600000000001,1.6115899999999999,-0.18704,-0.15612,-0.27482,-0.28508,-0.24345999999999998,0.88941,-0.27398,-0.42196999999999996,0.68866,0.23176,-0.63346,-0.50905,-0.77413
0.08192999999999999,-0.38943,1.33697,0.40428000000000003,0.29452,0.63157,-0.7945300000000001,1.1185200000000002,1.0275,-0.99746,-1.4901200000000001,0.67601,0.39191,-1.66545,1.63526,1.18909,-0.35361,0.90825,0.29508,0.60219,0.64339,-0.5187,-0.49499,-0.14697000000000002,0.1926,-0.22424000000000002,-0.5109899999999999,0.53445,0.6329899999999999,-0.24435,0.18329,-0.9814299999999999,-0.92268,-1.03084,0.3886,-0.06301,-0.9723799999999999,0.57797,-1.06619,0.74946,-0.5824699999999999,1.2320799999999998,-0.76935,-1.3330899999999999,-0.5365800000000001,-0.78132,0.51255,-0.79047,-1.28291,-0.64132,-0.75563,0.30404000000000003,-1.14211,-1.15031,0.5284,-0.38017,-0.47498999999999997,-0.11667000000000001,0.36286999999999997,-0.22386,-0.59225,0.41068000000000005,0.25464000000000003,-0.40494,0.20983000000000002,-0.9129200000000001,-0.8350700000000001,-0.79042
-0.76325,-1.59317,-0.23864000000000002,-0.73287,-1.20028,-0.37692,-0.63605,-0.4091,-0.37376,-0.30249000000000004,1.2188299999999999,0.5547300000000001,-0.47034,0.55758,-0.78098,1.7098099999999998,1.33979,-0.22114,-0.3327,0.49122,0.8318200000000001,0.24304,1.27499,0.64359,1.44648,-0.61827,-0.01487,5.34286,2.77866,0.06484,-0.49785,-0.49961000000000005,-0.54198,-0.34074,-0.79409,-0.77063,-0.10941,-0.79969,0.04558,-0.6422399999999999,-0.62829,-0.5645100000000001,0.44042,-0.67572,-0.85577,-2.1177099999999998,0.06552000000000001,-1.64556,0.6509999999999999,-0.32198000000000004,-0.65377,-1.68605,-0.33655,-0.41844,-1.17735,0.50788,1.1314799999999998,0.49037,1.22696,-0.48968999999999996,-0.32691,5.29029,0.59138,0.14609,-0.55723,-0.56009,-0.49259,-0.9507
-0.58809,-1.4320899999999999,-0.44133,-0.5787,-0.63544,-0.57355,-0.35025,-0.16061,-0.83973,-0.63669,-1.00696,1.07637,0.10958,-0.31892,1.3135700000000001,1.60617,0.51737,0.85303,0.6693899999999999,0.71475,0.80155,-0.45014,0.67487,2.0543,2.02034,-0.28338,0.2208,3.37488,0.9597600000000001,-0.18907000000000002,-0.81696,-0.7807,-0.59122,-0.8541200000000001,-0.9434299999999999,-0.07547999999999999,1.09989,-1.19926,-1.2721,-0.71063,0.11605,-0.5101,3.42185,0.17245,0.42877,-0.51798,0.9429299999999999,-0.1762,-0.5515800000000001,-1.08942,0.08889,-1.4731,-0.6431399999999999,-1.07057,-0.7732399999999999,-0.37277,0.37512,3.4923699999999998,3.23845,-0.06308,-0.13025,2.3817,0.02576,-0.08619,-0.58924,-0.60227,-0.49188000000000004,-0.82785
-0.66775,-1.3025,-0.8375299999999999,-0.49633999999999995,-0.31128,-0.50507,-0.6709,-0.19730999999999999,-0.07885,0.25323,-0.14318,0.47233,-0.68037,-1.1258299999999999,1.6302,0.03267,0.73624,-0.04025,-0.67793,0.12197000000000001,0.1021,0.44511999999999996,1.4829700000000001,0.48011000000000004,-0.10537,-0.46856000000000003,0.18679,1.12012,0.43871000000000004,-0.37889,-0.52453,-0.4429,0.39647,-1.02932,-0.8485,-0.22016999999999998,-0.27291,-1.0247600000000001,-0.84377,-0.58877,-0.28555,-0.32266,-0.21980999999999998,0.19689,0.27787,-0.5194300000000001,0.9489200000000001,1.53944,-0.70529,0.49983,1.20613,-0.8607299999999999,0.42049,1.09099,-0.61839,0.46379,0.35039000000000003,0.42511000000000004,-0.42318999999999996,-0.5485800000000001,-0.42853,2.25685,0.0644,-0.36509,-0.59882,-0.45421000000000006,0.42633999999999994,-0.77113
-0.70503,-0.85846,-1.8980400000000002,-0.5250199999999999,-0.2138,-0.62175,0.00609,-0.40489,-0.39411,-0.19826,0.15938,1.1707299999999998,-0.62857,-0.01441,0.9204200000000001,-0.79197,0.22213000000000002,-0.12549000000000002,-0.13777,0.00981,-0.26524000000000003,0.19254000000000002,-0.33039,-0.33399,0.39009,0.2677,-0.48239,-0.35972,-0.73858,0.01896,0.79811,2.30234,-0.33943,1.74239,-0.74973,0.70623,2.1703200000000002,-0.24394000000000002,0.65666,-0.49417,0.37259000000000003,-0.49161000000000005,1.14303,-0.35631999999999997,-0.48568,-0.53098,-0.15198,0.6286,-1.30559,2.69407,0.2941,-1.09845,0.70122,-0.09877999999999999,-0.47176,0.51766,-0.17759,-0.20713,-0.10025,0.2654,-0.29091,-0.59148,-0.43378,-0.00085,0.93814,3.2970699999999997,-0.13035,1.97845
-1.0952,0.4123,1.34595,-0.95783,-0.18194000000000002,-0.97344,0.18545,-0.48491000000000006,0.43585,0.63102,0.36135,0.6621100000000001,0.09008,-1.19085,1.31577,-1.31322,-0.44659,0.74574,0.01291,0.99598,0.7842899999999999,-0.52803,-0.6640199999999999,-0.35138,-0.34383,0.04434,-0.03517,-0.26124,-0.71317,-0.40934,0.32051,1.89218,-0.84506,0.5118,-0.85915,0.04553,-1.2070299999999998,-0.81235,0.6846,-0.8549700000000001,-0.39871999999999996,-0.38253000000000004,-0.51963,-0.26263000000000003,0.1975,1.52204,0.69035,-0.84757,-1.64065,0.80523,-0.22511,-1.13052,-0.37788,-0.8279200000000001,-0.01541,-0.40338,-0.58152,-0.07236000000000001,-0.30411,-0.22619,0.18524000000000002,-0.27944,-0.45651,-0.63267,0.53785,2.66502,-0.81184,2.05707
-0.7367,-0.35724,-0.40862,0.18072,1.2764799999999998,-0.42865,-0.11441,-0.45061,0.18988,-1.14016,-0.04034,0.37029,1.79515,1.2864,-1.74436,-0.01381,0.24074,0.52131,0.54319,-0.17615,0.98095,-0.33099,-0.5594100000000001,-0.57932,-0.37019,1.6826299999999998,2.27454,-0.5505399999999999,-0.74483,0.029769999999999998,3.18833,-0.28368000000000004,-0.86513,1.73945,-0.8432700000000001,-0.39526999999999995,0.01976,-0.76685,-1.10976,-0.74261,0.0387,-0.5858300000000001,-0.9218700000000001,-0.09016,0.39903,-1.06913,-0.98362,-1.20912,-0.2997,-0.26314,-0.22423,-0.2598,-0.8848299999999999,-0.62992,0.52969,-0.1757,-0.51582,-0.33485,-0.07821,1.22278,4.64933,-0.40302,-0.6462899999999999,0.70914,2.95808,-0.5859800000000001,-0.7630399999999999,1.28474
-0.48748,-0.87511,-2.7466,-0.2396,0.66332,-0.8541200000000001,-0.07617,-0.47226999999999997,-0.66569,-0.34442,-0.50595,0.86025,0.15216,1.2545899999999999,0.2389,-0.21928000000000003,1.32171,0.5354800000000001,0.92695,1.03542,-1.11788,-0.34249,-0.62865,-0.67235,-0.13688,-0.57253,0.23636999999999997,0.01986,2.0265400000000002,1.07084,-0.62775,0.55566,-0.6439600000000001,-0.03268,-0.87298,0.75977,1.7084700000000002,-0.25916999999999996,2.21612,-0.73733,-0.13369,-0.44841000000000003,-0.11710999999999999,0.0596,1.10671,0.9222,0.36141,-0.51132,0.24243,-0.47126999999999997,0.23355,-0.62112,-0.13665,-0.5221,0.29943000000000003,-0.278,-0.5734600000000001,-0.57311,-0.38452,-0.42608999999999997,-0.08676,0.53508,2.4605599999999996,0.46337,-0.59949,0.39716,-0.5958100000000001,-0.51362
0.75042,0.86041,1.09971,1.05986,1.01694,0.63238,-0.31740999999999997,0.67389,0.87582,-0.58503,-0.85645,1.08844,0.14587,0.15496,0.88661,-1.05011,-1.3457700000000001,0.35495,0.27583,-0.17668,-1.4509100000000001,-0.13593,-0.5374399999999999,-0.68418,-0.40855,-0.50063,0.0697,-0.52175,-0.34531,0.43664,0.43628999999999996,0.44877,-0.11463,0.19965,0.158,-0.46513000000000004,-1.5923100000000001,0.41675,0.20824,0.85459,-0.65425,0.7862,-1.20116,-1.00842,0.07275,1.43212,-0.63461,1.1996,0.42328000000000005,0.52672,-0.24865,0.7858,-0.44561000000000006,-0.11715999999999999,-0.75969,-0.29333000000000004,-0.52275,-0.63008,-0.40431999999999996,-0.41223000000000004,-0.18517999999999998,-0.67775,-0.22779000000000002,0.41468,0.41723999999999994,0.67911,-0.10153,-0.49933999999999995
-0.29291,0.19854000000000002,1.27885,0.2063,0.45163000000000003,0.3905,0.17331,0.5282899999999999,0.60112,-0.64976,0.19205,0.88686,0.017519999999999997,0.65954,0.70198,-0.08625,0.07922,-0.32998,0.85731,0.914,0.62583,-0.31438,-0.57873,-0.6823899999999999,2.79877,-0.60288,-0.53158,-0.41168999999999994,0.26761,6.03228,-0.36989,-0.78357,-0.624,3.7175300000000004,0.32343,-1.05609,-0.36419,0.6139399999999999,0.4638,1.0574,0.04406,0.9090600000000001,-0.07677,-1.51726,1.53845,-0.3277,2.4826799999999998,2.77054,-0.8958,-0.31479,-1.6617400000000002,-0.49745,0.34963,-0.54699,-0.18723,-0.26588,-0.49631000000000003,-0.55778,3.57219,-0.42673,0.12351,-0.23226,0.00633,4.79195,-0.43337,-0.52536,-0.38275,2.34638
