-0.75525,-0.24792,-0.10086,-0.59212,-0.85681,-0.05599,0.21229,-0.04733,-0.072,-0.18794,0.40048,-2.44712,-0.27374,-1.79955,-0.16339,-1.3291,-4.02464,-3.1823,-1.51965,1.61189,2.34463,-0.75352,-0.2692,-0.39945,5.50869,0.64885,-0.59972,-0.54004,-0.67765,-0.8613,-1.03039,-1.06503,-0.85303,0.29161,-0.17234,-0.58366,-0.1414,-0.38575,-0.96668,0.22265,0.63772,0.88904,-0.66555,-0.04897,0.18304,-1.37487,0.47599,0.08536,-1.0742,0.35589,0.76339,1.70941,2.12521,1.4292,2.83706,-0.55499,-0.39324,-0.36647,4.32529,0.40541,-0.30957,-0.18001,-0.4537,-0.70436,-0.77838,-0.82885,-0.72685,0.4776
-0.77382,0.05488,1.17997,-0.55119,-0.87613,-0.6529,0.37455,-0.39193,0.37882,-0.89023,-1.58709,0.35132,-1.02477,-2.12085,-0.29029,0.53709,2.44999,-1.73021,-1.71224,-3.85184,-1.48852,0.34804,-0.30235,1.3226,-0.88149,-1.03632,-0.76064,-1.15774,-0.88566,-0.73439,-0.92725,0.77404,0.12762,0.1498,-0.49385,-0.72647,-0.80062,-0.60069,-0.16235,-0.99889,-0.84132,-0.6854,-0.97488,0.00236,-0.86965,-1.27035,-1.00888,-1.16363,-0.50955,-0.50173,0.28943,0.71235,1.19219,0.05273,-0.06791,0.20178,-0.13506,0.71167,-0.70572,-0.87171,-0.56363,-0.84123,-0.66864,-0.53773,-0.75471,1.5493,0.165,0.13566
-0.44663,-0.31204,0.66439,0.10051,0.41754,0.28261,-0.1937,-0.16372,0.13338,-0.50507,0.62141,-2.27514,0.86489,-1.10392,-1.46701,0.55628,0.60484,1.94786,-0.31109,-0.8221,-3.2252,-0.63349,-1.0747,-0.99859,-0.88181,-1.0444,-0.33544,-0.37713,-0.84117,-0.68135,-0.02093,1.51818,1.71853,1.53937,-0.52722,-0.64418,-0.46965,-0.86963,-0.57716,-0.51796,-0.57695,-0.01784,-0.53303,-0.17666,-0.4968,-0.10768,-0.52735,-0.43613,-1.44248,-0.738,-1.07577,-0.81203,-1.05084,-1.3158,0.1263,-0.4913,-0.86181,-0.71701,-0.72269,-0.88527,-0.25139,-0.54947,-0.7013,-0.50565,0.34181,2.38534,1.89935,0.89591
0.40557,-0.56158,-0.17454,1.31591,1.78612,0.47516,0.66498,-0.22257,-1.04379,0.77542,2.13997,-1.43826,0.03517,-1.223,-0.54168,0.03294,-0.38871,0.47313,-0.55498,-0.65053,-1.9406,-0.61606,-0.98112,-0.93541,-0.72561,-0.85176,-0.10414,-0.04115,-0.23791,2.20345,5.37356,3.27584,1.37343,3.37481,0.31053,-0.30708,0.36803,-0.0032,0.3691,0.0641,0.38411,0.98987,0.51536,1.5297,-0.54391,-0.33957,-0.82314,0.80236,-0.30925,-1.195,-0.47834,-0.13639,-0.19463,0.53309,2.75857,-0.56125,-0.76978,-0.65123,-0.67511,-0.70582,-0.30221,-0.02483,-0.02216,3.86558,5.74158,0.47234,1.51487,0.36771
-0.17397,-0.12422,0.60462,0.82965,1.71561,-0.31295,0.94695,-0.6888,0.20946,0.44941,0.11694,-2.62941,-0.85615,-0.88571,-1.58309,-0.41412,-1.15106,-0.4843,-0.54517,-1.30116,-1.29859,-0.37642,2.34093,-0.8966,-0.67551,-0.69368,-0.15565,-0.81257,-0.47714,-0.45646,0.07086,1.54645,-0.3646,0.64386,1.3159,-0.63075,-1.2006,0.5301,0.35116,-0.18415,0.99761,-0.19072,-0.47082,0.1443,-1.27512,1.09983,-0.84765,2.00471,-0.81376,-0.069,0.28602,0.24348,-0.48403,2.3082,1.86617,-0.36439,2.31192,-0.65864,-0.4631,-0.55661,-0.50048,-0.64423,-0.54348,-0.60442,0.34913,2.62534,-0.27471,0.91757
-1.73972,0.19583,1.07934,-1.18539,-1.14495,-0.88903,0.81564,-1.30608,0.48628,-0.06294,0.11878,-2.21599,-0.15167,-0.5287,0.19586,1.31142,-1.49758,-1.59819,-3.31538,-2.81287,-1.32332,0.29332,1.29891,2.19606,-0.43452,-0.93409,-0.92006,-1.03944,-0.92863,-0.63965,-0.7408,-0.25076,1.45735,1.30712,-0.94574,-0.19876,-0.88095,-0.93423,-0.51419,-1.02376,-0.23547,-0.87936,-0.95229,-0.67205,-1.54346,-1.08222,-1.38,-1.17821,-0.17467,-1.32894,-0.38914,0.18919,1.43017,-0.09108,1.51765,0.05261,1.85771,1.01304,-0.27465,-0.73492,-0.80291,-0.5509,-0.72461,-0.41298,-0.58935,-0.02638,2.99461,1.77188
-1.2849,-0.01318,0.41148,-1.21635,-0.98221,-1.2201,-0.1606,-1.19884,0.39474,0.03154,-0.68674,-1.29271,-0.58836,-0.50467,-0.35492,-0.05948,-0.05444,-0.00707,0.27419,-0.76762,-2.84876,-0.50151,-0.96506,-1.0289,-0.7645,-0.33102,-0.17673,2.46498,-0.9299,-0.62181,-0.22909,-0.17728,1.59381,0.41977,-0.59855,-0.29931,-0.26791,-0.98521,-0.90001,-0.94686,-0.61082,-0.83816,-0.80486,-0.82942,-0.53747,-0.01028,0.22604,-0.73168,-0.28857,0.34825,0.82504,0.13133,-0.02742,0.72055,0.10582,-0.24256,-0.67903,-0.75529,-0.62461,-0.06613,-0.1616,1.81051,-0.73666,-0.53248,-0.40803,-0.32533,0.03861,-0.18295
0.44444,-0.52624,0.70733,1.23326,1.22692,0.26064,-0.18507,-0.55344,-0.0265,0.30581,1.39115,-1.68242,-0.18381,-0.12943,-0.75748,0.73824,-0.01901,1.05698,0.72742,0.6599,0.35135,-0.3417,-0.25295,-0.62796,1.40222,-0.33162,-0.56079,-0.39245,0.21728,2.22841,0.10729,-0.32142,-0.60191,-0.05391,0.57599,-0.91791,-0.69152,0.32778,-0.13613,-0.41652,-0.03246,-0.2,-0.64277,-0.54864,-0.86038,0.18388,-0.26184,1.13053,0.74967,-0.67774,-0.30351,-0.7457,-0.80837,-0.43364,-0.87824,-0.0028,0.32717,-0.19667,0.7446,0.20053,-0.12943,-0.26884,0.21993,0.53357,-0.31143,-0.26722,-0.54796,-0.39239
1.26531,-0.83078,-0.20693,1.00652,1.38098,0.71907,-0.70283,0.44047,-1.84951,-0.39736,1.91148,2.32366,0.8543,2.20618,-0.13875,0.24439,0.93183,-0.21439,-0.39503,1.1092,0.25666,1.8401,2.21369,0.58298,2.23082,1.93673,0.74481,1.34892,0.4508,0.74277,0.5251,0.64646,0.44342,0.15303,-0.34606,-0.93758,0.00954,-0.14583,-0.06562,-0.90626,-0.70785,-0.61353,0.10528,1.11918,-0.13487,0.3273,-0.93127,-0.61668,-0.47927,0.07087,0.04893,-0.54134,-0.89848,-0.22577,-0.72906,1.00768,3.00322,1.15036,3.68813,2.08593,1.22816,1.50162,-0.1235,1.03735,0.3192,0.08413,0.06144,0.17781
-1.01399,0.33618,0.35759,-1.30254,-1.02809,-1.0149,2.93413,-0.42855,0.08681,-0.24607,-1.01301,0.37042,2.22274,-0.25934,0.69522,-0.75421,-2.10886,2.10607,1.32576,-0.70467,0.27548,-0.73097,-0.88092,-0.29038,-0.75333,-0.82583,5.01947,-0.78008,-0.81997,1.49674,1.21851,-0.98716,-0.7677,0.923,-0.41815,1.05135,0.42215,-0.45629,0.35112,-0.10531,1.01181,-0.37052,0.07308,-0.54147,0.07318,-1.06375,1.03802,-0.96466,0.54186,-0.72069,-0.00471,1.72911,-0.08766,-0.20197,-0.73905,-0.54925,-0.76571,-0.24474,-0.64155,-0.74259,5.18066,-0.49533,-0.49518,1.52065,1.46765,-0.67383,-0.55629,-0.0947
0.50477,-0.74313,-1.49206,0.82509,0.87038,1.12039,-1.29731,0.87858,-0.5212,-0.60324,0.53278,0.89248,1.11784,-0.26665,-1.35216,-0.60829,0.83682,-0.47859,-0.27042,0.26352,-0.50878,-0.30845,-0.50866,-0.66217,-0.50603,-0.57017,0.1619,0.18523,-0.40533,0.05264,-0.19502,0.40285,-0.54994,-0.64191,-0.85764,-0.7844,3.53761,-0.51668,-0.26489,-0.43102,-0.76748,-0.3946,0.69824,-0.92935,-0.32112,0.41881,1.12736,0.47906,-1.2265,-1.32608,0.64299,-0.36507,0.03488,-0.42467,-0.73644,-0.65904,-0.67759,-0.51041,-0.49146,-0.78563,0.53205,-0.53388,-0.57212,-0.30803,-0.53087,1.08162,-0.57661,-0.0258
-0.33989,-0.22411,0.44671,-0.53087,-1.10325,0.24944,-0.78569,0.36004,-0.1327,-0.07185,0.69731,0.21378,0.14776,0.33213,-0.14616,0.23444,0.97904,0.21447,0.23644,0.2751,0.32701,0.06487,0.01402,0.1353,0.19411,-0.19418,0.98888,1.92682,-0.54043,-0.10141,-0.50212,-0.70356,0.23549,-0.20121,0.23196,0.98363,0.45342,0.2322,0.60424,0.35478,-0.52596,0.10583,1.46608,-0.9807,0.71231,-0.84697,0.11191,-0.69362,-0.28565,-0.85278,-0.83536,-1.03547,-1.0037,-0.61002,0.65948,-0.5678,-0.43393,-0.29181,-0.18477,-0.50268,1.2739,3.04805,-0.45893,-0.38306,-0.24973,-0.67314,0.06175,-0.32368
0.60513,-0.24921,-0.26542,1.03019,0.23586,1.53194,-0.96968,1.60702,-0.00939,-0.22705,0.16378,-0.03495,0.00977,0.00921,0.78525,-0.12622,0.62578,-0.10881,-0.57578,0.51528,0.52648,-0.21024,0.27389,0.08827,0.22802,-0.48786,-0.76082,1.4704,-0.51276,-0.73766,-0.3797,-0.4252,-0.6635,-0.60438,-0.53231,0.89356,0.1325,0.06781,-0.74318,0.49097,-1.05929,1.22323,0.78908,1.08549,-0.52046,-1.21927,0.26345,-1.16091,1.40996,0.06926,-1.09351,-0.65475,0.34704,-1.0861,0.75458,-0.20048,0.06142,0.06737,-0.0128,-0.5196,-0.74416,3.42011,-0.37092,-0.69477,-0.42333,-0.68734,-0.70057,0.05605
0.53958,0.56397,1.38063,0.01337,-0.75523,0.83285,-1.41193,0.9479,1.24055,-1.78064,-0.49033,0.93559,0.29872,-0.68716,-0.80036,-0.84402,0.25335,-0.64376,0.30123,0.31553,-0.57093,-0.5105,-0.76652,-0.90657,-0.64377,-0.18632,-0.82276,-0.79986,-0.71715,-0.82251,-0.63015,-0.51347,-0.699,-1.30214,-1.07318,0.79872,-0.76902,-1.12442,-0.955,-0.89234,-1.12978,-0.78951,-0.43411,-0.7256,-1.4771,-1.49486,-1.54969,-1.43284,-1.73106,-1.02463,-1.85111,-1.08674,-0.73871,-1.43299,-1.31701,-0.55297,-0.75576,-0.74018,-0.60146,-0.3391,-0.79546,-0.58687,-0.66975,-0.69233,-0.62374,-0.60518,-0.62908,-1.1626
0.13581,-0.12557,0.4809,-0.33913,-0.47939,-0.10443,-0.42182,0.17826,0.65934,-0.7733,-0.32133,0.1858,0.73309,0.67807,-0.61518,-0.69282,1.35474,-0.77575,-0.5422,0.54332,0.18683,-0.45834,0.82208,-0.51487,-0.76972,-0.90464,-0.09217,-0.95039,-0.78666,-0.54531,-0.52663,-0.61467,-0.6262,-0.87681,-0.81875,0.00182,-0.08918,-0.83724,-0.0896,-0.11585,0.21769,-0.05942,-0.55754,2.91367,-0.94373,1.6769,-1.38804,0.83143,-1.16029,0.48272,0.51874,-1.31854,-0.92074,0.25257,-0.04428,-0.52521,1.12005,-0.50789,-0.66801,-0.86819,0.89877,-0.59163,-0.68372,-0.65617,-0.38717,-0.48215,-0.55899,-0.37163
-1.51231,0.08338,0.31798,-1.31265,-0.43696,-1.42683,0.14416,-1.38324,0.62512,1.26286,-0.37152,0.28224,-1.43155,0.34301,0.00688,1.41871,0.25818,0.38002,1.00237,-0.21796,0.90062,-0.49036,0.70572,0.44331,-0.5586,-0.85985,0.30818,0.70863,-0.40303,-0.51759,0.38745,-0.38329,-0.42477,-0.53659,-0.35807,-0.25856,-0.99376,-0.64707,-0.92663,-0.98476,0.06312,-0.82195,-1.06535,-0.60674,-0.3023,0.33917,1.52503,0.70813,-0.40512,0.3632,-0.70359,-0.86574,-0.35834,0.47926,-1.17056,-0.48018,0.51352,-0.22536,-0.4137,-0.7736,1.10694,0.68048,-0.41387,-0.53603,0.47588,-0.44151,-0.38631,-0.59223
-0.86432,-0.46322,-0.90484,-1.00464,0.45738,-1.31629,0.90531,-1.3767,-0.78404,0.90457,0.35333,0.28329,1.28608,0.56207,1.59476,1.59305,-0.52716,0.88477,0.53909,0.19708,0.31262,0.39388,-0.22168,0.21289,0.10954,0.12356,0.71429,2.73595,1.51753,0.9616,1.84105,3.18652,1.98564,1.30241,-0.20339,-0.01937,1.22856,-0.11302,1.72064,-0.71121,1.13052,-0.53042,2.05391,-1.03871,1.97124,0.94286,-0.12139,-0.19369,0.31591,-0.52596,-0.85662,-1.08269,-0.92294,-0.32922,-1.26097,0.85545,-0.21332,-0.06169,-0.04163,0.07521,-0.33758,1.34789,1.21653,1.4698,2.38144,4.68896,2.99084,3.80624
0.16366,-0.7353,0.14315,-0.24514,0.0029,-0.02521,2.17795,-0.06106,-1.24456,0.60101,0.73823,0.91887,0.29031,-0.27394,1.20842,1.08629,-0.62832,1.54391,0.462,0.51929,0.17172,-0.11028,-0.50627,0.70726,1.33233,0.91447,1.30983,1.45962,0.00583,0.30413,0.31075,0.70794,-0.04582,-0.11684,0.68434,-0.84277,-0.12192,1.30638,2.34987,0.64481,1.55595,0.28103,2.35236,0.94329,2.04528,1.18493,-0.76697,1.01209,-0.48939,-0.49137,2.2214,-0.40582,-0.87296,-1.16621,-0.17126,-0.56271,-0.35032,1.15345,0.38245,2.43933,0.70769,-0.42828,-0.15931,-0.12119,0.25205,0.72658,-0.0851,-0.64124
-0.3306,-0.67805,0.31467,0.34169,-0.15574,0.91927,-0.46435,1.30492,-0.27526,0.95446,1.55546,-0.0131,-0.61357,0.11131,1.61026,0.85188,-0.12389,0.72364,0.94158,-0.3565,0.79093,1.36073,0.09433,0.1764,-0.25433,-0.47696,-0.15362,-0.31318,4.17157,4.43183,1.16633,-0.13705,0.40274,1.91271,0.68599,-0.86632,-0.25716,0.63536,-0.30897,1.002,0.1303,1.62612,-0.17312,-0.53784,0.55616,-0.13951,2.73491,-0.05423,2.98444,1.10556,0.93206,-0.91976,-0.10661,-0.54069,-0.27026,1.49549,0.17063,-0.51894,-0.54032,-0.57135,-0.21811,-0.75087,4.77951,4.6369,-0.05929,-0.37433,0.14583,2.01874
-1.49085,-0.78267,-0.63303,-1.51113,-0.5685,-0.88052,1.29524,-0.14476,-1.05587,2.17404,-0.67058,-0.15637,0.66738,-1.3541,1.59118,1.52304,0.0375,1.06979,-0.04318,0.31653,0.36872,-0.51709,-0.12791,-0.17989,0.75852,-0.15926,-0.18429,0.6561,3.95652,2.88006,0.76608,-0.16654,-0.0195,0.67004,-0.20688,-1.01556,-0.34206,0.38721,0.0398,0.53274,0.56237,1.20229,-0.92288,-0.03367,-1.03828,-0.97713,-0.69632,-0.88304,2.26776,0.28585,-1.14725,-0.06443,-0.25659,-0.67078,-0.60712,-0.55909,-0.35771,-0.30188,-0.04189,-0.19222,-0.21679,-0.20334,4.26548,0.38767,0.41694,-0.38401,-0.03517,0.68964
0.38062,-0.28974,-2.03046,-0.6028,-0.41755,-0.44733,0.98979,-0.02183,-1.01974,0.95173,-0.7792,-0.07172,0.53342,-1.01551,1.5594,-1.44022,-2.15349,-2.02784,-0.06114,1.56219,0.87983,-0.33524,-0.48182,-0.29836,0.39791,2.98945,1.76444,1.9087,0.41515,-0.25641,-0.3431,-0.82119,-0.63098,-0.40923,0.97009,0.29217,-0.68873,0.83145,2.50837,0.78408,2.82305,1.18462,1.1007,0.12076,2.48313,-0.08812,-0.68166,-0.86665,2.05584,1.85648,2.09848,3.40243,1.67812,-0.39465,-0.60235,-0.45646,-0.41012,0.03291,0.27288,-0.49232,0.94702,2.73712,1.54204,0.20241,0.17883,-0.5848,-0.59705,-0.35164
-0.84227,-0.16629,0.49503,-0.78849,-0.9547,-0.72196,0.7709,-0.41743,-0.24423,-0.60604,-1.0501,0.40754,0.49325,0.70246,-0.4916,-1.62466,-0.60879,-2.13427,-1.55117,1.11028,1.06838,-0.70354,-0.77708,-0.59614,0.19316,3.98448,-0.84231,-0.85346,-0.58739,-0.63145,-0.18801,-0.50855,-0.53686,-0.40157,-0.4164,0.6423,0.18684,-0.68965,-0.43363,-0.47011,1.8156,-0.41816,0.27382,-0.89257,-0.0344,-0.91092,-1.51237,-1.2633,-1.28678,-0.51558,1.85294,0.81271,-0.36452,-0.19012,1.65243,-0.58408,-0.65606,-0.64861,-0.18356,4.2539,-0.77321,-0.6149,-0.34029,-0.50271,-0.42607,-0.57833,-0.39345,0.02424
-0.45011,0.07644,-0.37546,0.15201,0.14137,-0.03242,-0.17672,-0.04798,0.00983,-0.54464,-0.23086,-0.76687,0.24012,0.18805,-1.03256,-0.50476,-0.19871,-1.54043,-2.66302,-1.03731,-0.9011,-0.34293,-0.17311,0.8499,-0.00224,-0.84705,-0.79437,-0.27037,-0.63736,-0.76682,-0.73723,-0.39999,0.14318,-0.4364,-0.26808,1.25679,1.39795,0.14887,0.26835,-0.37556,-0.31338,-0.75542,0.80735,0.19369,0.49829,0.40407,-1.57219,-0.49701,-0.13764,0.43828,0.27924,0.01636,0.92308,1.77717,1.17281,-0.52146,-0.36356,0.97375,0.2827,-0.68211,-0.58636,-0.19249,-0.59279,-0.50809,-0.42333,-0.34662,0.13729,-0.56772
0.09404,0.32986,0.3806,-0.15352,0.46761,-0.95084,-0.31463,-0.81435,0.80432,-0.11497,-1.04668,-0.47798,-0.49421,-1.07208,-1.81719,-0.84596,0.49542,-0.01616,0.28269,0.00568,-0.41718,-0.51408,1.31595,-0.55445,-0.81566,-0.96414,-0.68271,0.21741,0.85527,0.1445,-0.93101,-0.5966,-0.48245,-0.27792,-0.88336,-0.35613,-0.98085,-0.9151,-0.96618,-0.85417,-0.88215,-0.71393,-0.95114,-1.12682,-0.4549,-0.05322,0.78771,1.92215,1.5882,2.34673,-1.23562,0.99598,-0.5031,3.09543,0.83071,-0.43831,1.94263,-0.60936,-0.68503,-0.84957,-0.42484,-0.3113,0.07748,0.24548,-0.74884,-0.21036,-0.53888,-0.38233
-0.22502,-0.32801,-1.39976,-0.25466,0.18775,-1.03968,0.33768,-0.67245,0.19164,0.0604,-0.94549,-0.69414,-0.95787,-0.63102,0.06658,-0.76169,0.6593,-1.33661,-1.63214,-1.72839,-1.8543,1.28348,2.53019,-0.83128,-0.66321,-0.80235,-0.46884,-0.37839,-0.14284,-0.54168,-0.89588,-0.92746,-0.3717,0.19737,-0.5984,-0.50569,0.58609,-0.45044,0.18688,-0.91884,0.16604,-0.51741,-0.5446,-0.91495,-0.54294,1.29941,-0.46583,1.47555,-0.7006,0.65582,-1.28488,-0.22588,1.83388,-1.0614,0.11141,1.33056,1.60905,-0.64871,-0.4578,-0.67979,-0.08554,0.05125,-0.05742,-0.4443,-0.72746,-0.72343,-0.16852,-0.4042
-0.02314,-0.4936,-1.30113,-0.98061,-0.44384,-1.23919,0.37944,-0.91047,-0.40417,0.69523,-0.96936,-0.09709,1.10241,0.28094,-1.033,-0.26254,0.00056,0.74279,0.73965,0.31454,-0.0798,-0.49909,-0.73947,-0.45934,-0.06266,0.30806,-0.02504,0.62179,0.65009,-0.28462,-0.40967,-0.38665,-0.43729,-0.97473,0.35567,-0.29317,-0.48695,-0.04524,0.8329,-0.79914,0.24905,-0.68164,0.61412,1.75793,0.62347,0.52916,1.66459,1.13201,1.01775,3.54174,1.12951,-0.54116,-0.71842,0.51846,-0.37652,-0.37059,-0.60298,-0.31002,-0.02569,0.09923,-0.04792,-0.05844,0.75396,-0.30371,-0.32175,-0.50007,-0.44546,-0.85588
-0.69724,-0.13313,-1.18872,-1.07148,-1.33639,-0.63333,-0.37331,-0.5129,0.39152,0.02572,-0.55829,-0.05033,2.65017,0.08524,-0.35555,1.32947,0.26649,0.81212,-0.60856,-0.31661,-0.50609,-0.44518,-0.56438,-0.31452,-0.28133,-0.14683,-0.59857,-0.49569,-0.23201,0.16262,-0.51377,-0.59001,-0.1327,-0.88351,-0.15794,0.17487,0.42784,0.03691,0.42464,-0.18843,-0.5531,-0.22267,-0.19744,2.05695,-0.4264,2.9774,0.19563,0.17484,-0.05722,0.12365,1.87565,-0.50176,1.03397,1.00687,0.44588,-0.6133,-0.4498,-0.27258,-0.34811,-0.14207,-0.45194,-0.50755,-0.44685,-0.12495,-0.55062,-0.56682,-0.29118,-1.00041
0.89287,0.83339,1.38075,0.52112,0.33857,0.84529,-1.37364,0.72034,1.52334,-1.2506,-0.57376,0.45927,0.74028,-0.20922,-0.71775,-1.30214,-0.04096,-1.15143,-1.32122,-0.19456,-0.02399,-0.64997,-0.5711,-0.69842,-0.37592,-0.64517,-0.72659,-0.7356,-0.43018,-0.49664,-0.19963,-0.93588,-0.60093,-1.21691,-0.5409,-0.28239,-0.68835,-0.83779,-0.66501,-0.75167,-1.18377,-0.67965,-1.07473,-0.40306,-1.43854,-0.08866,-0.96484,-1.1766,-0.07464,-0.14339,-0.41119,-0.897,0.91411,0.19404,-0.6378,-0.60672,-0.55573,-0.64553,-0.46187,-0.66288,-0.7127,-0.79781,-0.50486,-0.30527,0.10109,-0.76974,-0.52373,-0.79258
0.45894,-0.48322,1.62395,0.06955,-0.86981,1.11777,-1.42357,0.83935,0.51786,-1.52778,-0.27927,1.16828,0.99552,-0.03028,-0.17558,-0.3845,0.66914,-0.17837,-0.58751,0.81812,-0.40251,-0.52615,-0.84361,-0.68082,-0.33465,-0.76648,-0.75976,-1.01595,-0.34015,-0.65259,-0.37457,-0.11493,-0.47257,-1.13258,-0.94614,-0.36379,-1.41311,-0.70228,-0.44522,-0.5183,-1.21916,-0.76439,-0.36314,-1.09394,-1.12083,-1.40053,-1.32892,-1.32815,-0.25938,-0.84165,-1.4708,-0.52201,-0.73101,-1.30851,-0.50067,-0.61377,-0.74687,-0.57701,-0.419,-0.67202,-0.7879,-0.77807,-0.29015,-0.66463,-0.49475,-0.31959,-0.55829,-0.82274
0.78439,-0.16639,0.51725,0.59314,0.06014,0.62355,-1.03978,0.56733,0.23618,-1.83182,-0.33751,1.63232,0.53582,0.53612,-1.26135,0.42623,0.47887,0.07237,0.02576,-0.67336,0.69352,-0.72411,-0.7325,-0.83656,-0.57496,-0.85391,-0.74927,-0.99926,-0.77864,-0.76427,-0.3743,-0.59038,-0.76024,-1.331,-0.92738,1.33467,0.5909,-0.80532,-0.76741,-0.28183,-0.38629,-0.75042,-0.37548,-1.19587,-0.93177,-0.2971,-0.83538,-1.17755,-0.93492,-0.65324,-1.27638,1.11651,0.05029,0.29739,-0.97478,-0.61219,-0.79399,-0.72939,-0.52942,-0.76699,-0.70619,-0.67642,-0.65917,-0.72547,-0.12886,-0.2833,-0.69443,-0.732
0.31565,4.62702,0.67443,-0.07532,-0.13514,-0.61568,-1.06295,-0.01333,1.78068,-1.58909,-1.72405,1.19863,0.94371,0.36108,-0.68983,-1.48033,-1.02706,-1.86789,-0.81984,2.10416,1.75352,-0.72897,-0.84591,-0.459,-0.7252,0.72884,-0.76982,-1.15576,-0.78087,-0.60496,-0.39326,-0.69248,-0.72954,-1.0709,-0.34725,2.70059,-1.10356,-0.75447,-0.88907,-0.56429,-0.72715,-0.77844,-1.16297,-0.5743,-0.69444,-0.31249,-1.07657,-0.6164,-0.59419,-0.53213,-0.33167,-0.22762,-1.20228,-0.82008,-0.63977,-0.61017,-0.77973,-0.61519,-0.69673,1.0898,-0.74733,-0.9117,-0.72054,-0.46048,-0.32436,-0.77798,-0.63654,-0.9502
0.97641,2.10307,1.32097,0.9215,0.40497,1.20945,-1.38827,0.73538,1.58666,-1.82101,-0.86995,0.66457,0.83394,0.69973,-0.51402,-1.14061,-0.87954,0.01252,0.20248,0.96548,0.38146,-0.66352,-0.89059,-0.8639,-0.75778,1.31795,-0.69598,-0.87177,-0.62344,-0.58603,-0.49852,-0.82127,-0.81636,-1.10543,-0.5262,2.58393,-0.57829,-0.6696,-1.01848,0.07286,-0.9965,-0.33752,-0.83875,-0.72881,-0.07396,-0.36136,-1.34122,-1.00701,-0.1121,2.15081,-0.15866,-0.71896,-0.64262,-0.85094,0.04749,-0.56758,-0.81146,-0.7082,-0.68324,2.4207,-0.70185,-0.7104,-0.64476,-0.67441,-0.47309,-0.70699,-0.73018,-0.35147
1.62963,1.36977,1.73393,1.578,0.5864,2.35794,-1.53958,1.45139,1.24952,-2.76249,-0.65794,1.21521,0.2523,-0.34258,-0.57891,0.42616,0.52751,1.03441,0.95472,1.36329,0.1166,-0.55441,-0.93176,-0.96558,-0.75629,-0.94256,-0.86353,-1.0773,-0.68111,-0.76831,-0.74674,-0.9527,-0.703,-1.44968,-0.80303,0.74386,-1.08325,-0.72431,-1.03573,-0.38269,-1.1693,-0.57918,-0.80761,-0.85512,-1.06883,-0.82097,-0.35432,0.42987,0.226,-0.97619,-0.7122,0.14653,0.81455,0.05275,-1.02944,-0.55377,-0.79838,-0.71237,-0.65727,-0.85888,-0.77734,-0.87764,-0.538,-0.7068,-0.58129,-0.78576,-0.59996,-1.07985
0.36554,3.46868,1.6029,0.59957,0.17432,0.91452,-1.42323,0.68634,1.91729,-1.83119,-1.10503,-0.37786,-0.77083,-0.72494,-0.64247,0.3243,0.11252,0.82602,0.69052,0.39213,-1.13107,-0.66626,-0.78414,-0.78999,-0.74225,-0.61315,-0.71375,0.79051,-0.6818,-0.67653,0.18327,-0.72697,-0.64989,-0.87425,-1.11434,-0.09544,-1.36406,-1.12725,-1.30082,-0.99528,-1.17124,-0.88478,-1.08874,-0.24754,-1.08971,-0.91483,-0.23838,1.23472,0.64552,-0.21002,2.02206,1.05747,0.28218,0.11514,-1.18663,-0.6192,-0.8247,-0.65483,-0.64794,-0.63294,-0.64313,0.84956,-0.58831,-0.7157,-0.13837,-0.62645,-0.70173,-0.95568
0.43748,2.31747,1.434,0.61557,0.13662,1.07194,-1.22875,0.67195,1.55745,-1.75373,-0.76122,-0.46563,-0.82654,0.58266,0.75589,0.87284,-0.42925,-0.09475,-0.64072,-0.66713,-1.35302,0.41062,-0.80686,-0.75,-0.35314,-0.28283,-0.55893,-0.28198,-0.67764,-0.61407,-0.84773,-0.62793,-0.74825,-0.89719,-0.34064,3.60568,-0.95662,-0.67755,-1.21377,0.06716,-0.84416,-0.46938,-0.65484,-0.81279,-1.05324,-1.21348,-0.4375,-1.0406,-1.25503,-0.31674,-1.07689,-1.25304,-0.12057,1.57189,1.75977,0.62481,-0.75503,-0.67296,-0.32329,0.42894,-0.53492,-0.15388,-0.6933,-0.6184,-0.72285,-0.67695,-0.67851,-0.61862
-0.54467,1.38326,1.09518,-0.56409,-1.06335,-0.27273,-0.75448,0.01675,1.38214,-0.80135,-0.65669,-0.07132,-0.9689,0.13095,0.25691,0.67865,-1.24568,0.20121,1.0356,0.8857,0.06491,-0.7827,-0.95372,0.74719,0.17186,0.61972,0.35757,0.22595,0.77923,-0.57237,-0.78862,-0.59916,-0.83176,-0.62934,0.06689,2.45744,-0.87447,-0.14509,-0.30781,0.13937,-0.67274,-0.32999,-0.7927,-0.19237,0.01735,-0.37061,-0.41202,-0.27727,0.62756,-0.64659,0.33142,-0.31854,-0.79379,-1.41408,0.72568,-0.70099,-0.85135,0.5697,0.28706,0.4801,0.56353,-0.57697,0.2623,-0.59184,-0.70425,-0.23553,-0.74493,-0.89152
-0.5,0.93266,0.43064,-0.67478,-1.2363,-0.36646,-0.34588,-0.05452,1.12412,-0.81456,-0.78122,-0.79114,-0.72859,-1.42008,-1.90321,-1.29482,0.76292,0.30156,0.65932,-0.13262,0.14392,-0.49696,-0.06942,-0.12136,-0.64749,-0.98213,-0.81531,-0.26456,0.88513,-0.56379,-0.49274,-0.03669,-0.74669,-0.78307,-0.54246,1.65619,-0.91763,-0.57444,-0.31275,-0.4665,-0.55261,-0.62139,-0.51836,-0.41592,-0.10769,1.37044,1.07545,-0.15843,-0.41873,-0.45127,-0.17353,0.03183,1.02223,0.58734,1.16296,-0.3319,0.26192,0.00187,-0.55881,-0.8614,-0.76157,-0.31851,0.01121,-0.60863,-0.65252,-0.29104,-0.71806,-0.78307
-1.44734,0.38687,1.29997,-1.41842,-2.04987,-0.75824,-0.61376,-0.57437,1.09689,0.03167,-0.58333,0.0587,1.28434,-0.19568,0.62752,-0.71512,-0.13619,0.22449,0.13069,0.33752,1.25723,-0.60157,0.21495,0.15096,0.28718,1.71854,0.31173,-0.06072,0.1044,-0.18577,-0.34997,-0.57885,-0.74273,-0.65317,-1.07283,0.80914,-1.06453,-1.0047,-1.18094,-0.64778,-0.94386,-0.87695,-0.715,0.07452,-0.36173,-0.23907,-0.5204,-0.22365,-0.56368,0.18299,0.01399,-0.46329,-1.24777,-0.72598,-0.69876,-0.53756,-0.32043,0.14702,0.33851,1.77304,-0.23422,-0.44753,0.41978,0.1798,-0.39607,-0.53752,-0.69957,-0.73425
-1.48447,-0.30928,-0.69583,-1.57767,-1.20396,-1.25459,-0.12799,-0.781,0.59076,0.33515,-0.57038,0.176,0.53222,0.72501,-0.15047,-0.27498,0.05747,0.88017,-0.0445,0.73149,0.82312,-0.20544,-0.70538,0.28815,0.08132,0.02443,0.44933,-0.10754,0.09007,-0.30237,-0.33199,-0.47137,-0.63218,-0.88869,-0.94963,-0.46911,0.30662,-0.938,-0.67864,-0.88158,-0.74399,-0.70082,-0.80079,-0.40799,-0.63224,0.00385,-0.1786,-0.71566,1.43798,1.36591,0.64035,1.73521,-0.1431,0.41176,1.15789,-0.14092,-0.68761,-0.05097,0.20637,0.16463,-0.17305,-0.22692,0.47989,-0.21641,-0.6017,-0.56965,-0.62045,-0.97366
0.5593,-0.06091,1.08099,0.59926,1.35863,-0.61108,-0.50044,-0.6136,0.5904,0.04697,-0.91569,-0.43258,-0.3713,-0.22288,-1.67302,-2.40969,-1.27159,0.8364,1.63675,1.17774,1.12748,-0.79366,-0.98868,-0.92179,-0.35827,1.6292,-0.06988,0.47692,0.45423,-0.33685,-0.58545,-0.11333,-0.78929,-0.531,1.22985,-0.4526,-0.55325,0.77053,1.0749,-0.215,-0.91722,-0.45545,-0.71695,-0.27382,0.10258,0.71737,0.85117,-0.56366,-0.02669,-0.80464,0.92187,2.17924,2.24758,0.95368,-0.60299,-0.68003,-0.8081,-0.69591,-0.18143,1.53452,-0.47715,0.84335,0.36897,-0.26669,-0.27001,-0.18153,-0.66875,-0.89029
0.1799,-0.26673,0.39593,-0.57835,0.28128,-0.97698,-0.30458,-1.15633,0.34315,0.18363,-0.21911,-1.99839,-1.79123,-1.61564,-1.43417,-1.26219,-1.30966,-0.853,-1.47023,-0.74918,-0.84119,0.00602,-0.06435,-0.2068,0.57506,0.77804,1.50566,-1.06047,-0.80255,-0.7273,-0.06668,-0.39341,-0.64404,-0.53582,0.2694,-0.743,-1.03672,-0.51857,-0.42733,-0.85718,0.06998,-0.45725,-0.92869,0.99975,0.05063,1.9154,0.97304,-0.33774,-0.79638,0.18892,0.8752,1.60771,-0.47397,0.5179,1.64906,-0.19387,-0.2398,-0.31862,0.22176,0.53624,1.89481,-0.87304,-0.58216,-0.64102,0.1819,-0.03686,-0.56927,-0.85663
-0.59978,-0.41063,-1.22024,-1.03417,-1.19365,-0.83771,0.40409,-0.25658,0.15483,0.08065,-0.45697,-0.72281,-0.49557,0.6268,-0.3377,-1.53142,1.16428,-1.01687,0.53689,-0.66004,0.04838,-0.56769,0.25115,-0.46906,-0.54827,-0.85979,0.86908,0.12648,-0.1234,0.9655,0.30805,0.10125,-0.65487,-0.06015,-0.85154,-0.53713,0.49045,-0.78308,-1.38699,-0.51352,0.37807,-0.46357,-0.45883,-0.30004,0.26183,0.28888,-0.71601,1.50004,-0.63303,-0.14281,0.4616,0.67007,3.9075,2.04056,1.51328,-0.54599,0.75557,-0.27476,-0.49466,-0.74051,1.50311,-0.10106,0.3346,1.31641,-0.23487,-0.04269,-0.51638,-0.40442
1.38075,-0.3318,-0.23601,1.6761,1.85855,0.27236,-0.90888,0.56668,0.25412,0.13857,-1.51253,0.30442,-0.22212,-1.23192,-0.96082,-1.62621,-0.54302,-0.19557,-1.39792,-0.55243,0.72984,-0.64769,0.28691,-0.44513,-0.41376,-0.69473,-0.5237,-0.44513,-0.01982,0.74571,0.64577,-0.47004,-0.69677,-0.33153,0.36958,-0.42962,-0.36602,0.66143,0.86568,-0.0251,-0.71639,0.78878,-0.06018,1.37322,-0.27797,-0.17448,-0.34837,0.77789,-0.05421,-0.10631,-1.02613,2.44468,0.73172,1.23794,0.66302,-0.5463,0.55822,-0.49971,-0.33766,-0.65601,-0.36973,-0.02725,0.09246,1.35985,-0.21928,-0.55746,-0.6446,-0.30749
1.84079,-0.26898,-1.80336,1.42309,-0.59294,2.60917,0.12777,3.07109,-1.06009,0.29582,-1.52882,-0.31988,1.22399,-1.05655,0.87306,0.87429,0.04291,0.36061,0.61606,-1.11231,1.02526,-0.70279,-0.86377,-0.7273,0.53297,1.4507,-0.28982,-0.98211,-0.84062,-0.40067,-0.55539,-0.11546,-0.77499,-0.85478,2.50951,0.3923,0.46369,3.66081,2.66937,3.97815,1.90849,3.62082,1.8489,0.35932,1.52681,1.065,-0.17777,1.03425,-0.21878,-0.93993,-0.00292,-0.02236,-0.76738,0.71081,0.03576,-0.65216,-0.75639,-0.53812,0.43722,1.41697,-0.29282,-0.72176,-0.67937,-0.41779,-0.25389,-0.33735,-0.66884,-0.55078
0.33828,-0.85744,-0.39704,0.86196,2.24784,0.03351,0.43125,-0.52402,-2.62973,0.89129,0.95129,0.32968,-0.58692,1.70972,1.96583,0.77575,-0.34539,0.87056,-0.73346,1.02779,0.01147,0.13093,0.20599,-0.50134,-0.02976,1.01828,1.20807,1.90058,1.83337,0.44397,1.08965,0.56424,0.80636,-0.14391,0.112,-1.04776,0.77243,0.59747,-0.43085,0.54498,0.4353,-0.04003,-0.66083,0.1162,0.68737,1.31395,1.53302,0.7263,1.16078,-0.28799,0.35374,-0.4852,-0.37676,-0.44066,-0.80945,0.05138,-0.42412,-0.66067,-0.2974,0.88779,0.15692,1.10048,1.30954,0.36016,1.09813,0.5264,0.27862,-0.09448
1.33782,-0.6821,-0.93631,1.14965,1.55268,0.54011,0.87088,-0.07414,-1.94115,0.82964,1.89087,0.43642,-1.39218,1.21884,-0.48494,0.83142,0.49368,0.35307,0.64742,0.22942,0.48621,1.87546,0.335,2.63976,2.20572,0.21534,-0.66527,-0.58717,1.16958,0.43783,-0.1176,-0.17175,-0.12161,1.00479,1.28999,-0.3236,1.23396,1.68586,1.29436,1.21792,1.07112,0.50128,1.81703,0.93823,1.85567,0.2944,0.56488,0.53094,2.73972,1.82657,0.95525,-0.02242,0.87233,-0.36393,-0.71168,3.72157,0.00699,2.60614,3.33386,-0.35648,-0.62497,-0.58501,0.67342,0.73533,0.16482,-0.00797,-0.21478,0.79141
-0.18035,-0.16374,-0.47786,0.55219,1.269,-0.52145,-0.081,-1.32766,0.17797,1.1193,0.45607,-0.04886,-2.11512,1.39028,1.12825,-0.1333,1.26598,0.31107,-0.30342,0.34178,0.96405,5.18983,0.27934,-0.7521,-0.01539,0.78469,0.33862,-0.94433,-0.18724,-0.17877,-0.8854,-0.90905,-0.5904,1.20659,0.02197,-0.43367,0.77369,-0.04181,-0.79785,-0.35534,-0.86153,-0.85899,-0.57476,-0.66968,-0.72437,-0.90758,-0.39804,-0.50652,-0.71761,0.78536,-0.52095,-0.80841,0.14047,-0.239,-1.00333,3.21305,0.2281,-0.51578,-0.18448,0.66008,1.09874,-0.62378,-0.17336,0.27235,-0.74375,-0.76129,-0.6146,1.19597
0.37714,-0.47787,-1.57437,0.30541,1.96172,-0.81328,2.62845,-1.33289,-0.60873,2.04223,0.28562,-0.33962,2.19189,-0.9654,0.9704,0.14544,0.27738,0.56654,0.38449,-0.49823,0.81253,2.61645,2.83002,1.57544,0.45535,0.18067,0.00121,1.14563,-0.18396,0.47588,0.08241,0.55498,0.66065,0.81994,-1.01096,-0.49663,2.33801,-0.8853,0.38614,-0.52917,3.36299,-0.5445,1.4632,0.30264,1.46285,3.00324,1.34912,-0.04215,-1.04895,-0.15529,0.69052,0.55409,0.29084,-0.07305,-0.04721,4.03912,3.39764,1.48494,0.21,-0.2944,-0.42985,1.1233,-0.52783,0.5374,-0.37055,0.13568,0.57626,1.64297
2.39771,-0.49344,0.0062,1.44778,0.91427,1.24411,-0.6326,2.39889,0.04443,1.07407,0.09053,0.17707,-0.80042,0.38435,1.2505,0.58604,0.01715,0.00835,1.18468,-0.87895,-0.26959,0.21842,-0.60342,-0.0558,0.01543,-0.35407,-0.55753,0.90799,-0.10858,-0.40658,-0.48902,-0.60592,-0.47533,-0.87118,4.35478,-0.70006,-0.84577,2.14634,0.39644,2.07203,-0.54562,2.76811,-0.32785,-0.22989,0.98561,0.26658,0.4751,-1.13621,-0.46726,-0.81586,0.89487,0.73187,-0.43066,-0.71424,-0.00248,-0.19934,-0.66304,-0.29035,-0.06857,-0.48572,-0.62937,0.92593,-0.37654,-0.48291,-0.26313,-0.56482,-0.38744,-0.75661
-0.42226,-0.62125,0.95402,0.22001,-0.19681,0.80959,-0.21143,0.10633,0.12943,0.65655,0.99093,0.45678,0.11406,0.4184,0.89714,0.09031,0.78041,0.62545,0.26839,0.36914,-0.535,-0.02134,-0.23636,0.10405,1.16438,0.06389,-0.75241,2.29885,1.20756,-0.57911,1.19383,0.38461,-0.2442,0.05941,0.65726,-0.9573,-0.88522,-0.03379,-0.23976,1.03551,-0.53048,0.90723,-0.61035,-0.8383,0.50963,-0.77288,0.40976,2.27356,0.49487,-1.17229,-1.09683,-0.81805,-0.84674,-0.03975,-0.79764,0.1697,-0.68614,-0.08423,2.20301,-0.36978,-0.74733,2.35259,0.31314,-0.50972,0.57784,-0.21002,-0.56365,-0.70795
1.96958,-0.74615,-1.55394,1.41497,-0.30154,1.29703,1.63675,1.41216,-1.67909,0.04133,2.34839,0.19788,-0.53353,1.2313,-0.20797,0.75109,0.63691,0.63239,0.41565,0.12307,0.39744,-0.35576,0.11733,2.3053,-0.02277,-0.70099,-0.61323,-0.54134,-0.65272,-0.81873,-0.27796,-0.72756,1.50169,0.68403,2.08685,-0.78468,1.14639,1.53538,-0.20354,1.62835,1.56007,1.3399,1.00055,3.03096,-0.47705,-0.32274,2.17333,-0.60375,0.40971,0.7812,0.16091,-1.13564,-0.12024,-1.52714,-0.31617,-0.26691,0.15874,3.31645,-0.18263,-0.59356,-0.2787,-0.14589,-0.5156,-0.67948,-0.01936,-0.44664,2.51592,2.1042
2.5642,-0.54409,-1.11359,2.66617,0.55383,2.32499,-0.55957,2.33088,-0.73068,0.42219,2.05011,0.28427,-0.21074,-0.79456,-0.63453,1.95063,0.64675,0.40863,0.59918,0.42203,0.5811,0.1484,0.44095,2.85574,0.34397,0.1383,-0.66152,-1.13721,-0.70131,-0.37483,-0.15503,-0.34757,0.09233,0.06582,1.94835,-0.43909,1.32107,2.07017,-0.24136,1.97323,-0.31763,2.48693,2.04154,1.39302,1.22143,-0.75375,-0.23672,1.53651,0.21906,2.06189,-0.28578,-0.79076,-0.96673,-0.86193,-0.23677,0.20651,0.34046,4.20713,0.06893,0.23538,-0.58755,-0.87147,-0.40978,-0.14269,0.454,-0.1256,0.13294,0.8815
-1.47402,-0.18546,0.30176,-1.51141,-1.40962,-1.21344,0.77209,-1.11056,0.34951,1.11883,-0.59751,0.49631,0.56907,-0.99817,1.63643,0.30038,-0.066,1.02037,0.6912,0.99308,-0.02148,0.6256,-0.28835,-0.68082,-0.61915,-0.29137,1.64512,-0.72899,-0.1137,0.69066,-0.06033,0.20171,1.70857,0.80776,-0.30632,-0.1437,-0.56626,-0.12962,-0.07178,-0.34433,0.28425,-0.73529,-0.28145,0.04469,1.8164,0.87932,0.26945,-0.48414,0.09716,0.88461,-1.12211,-0.0383,-1.0352,-1.15555,-0.86343,0.48462,-0.28689,-0.69803,-0.68566,-0.31723,0.30114,-0.56114,-0.26777,0.70616,0.322,0.33344,1.8722,0.94118
0.57264,-0.70042,-0.31279,1.00671,1.53817,0.36505,0.84066,-0.00156,-2.7879,0.28857,0.78728,1.30774,0.15993,2.06655,1.23807,0.30191,0.25461,0.37469,0.97517,0.67372,0.78564,0.30816,0.4135,1.98197,0.06045,-0.12574,1.74499,-0.40414,-0.186,1.14793,-0.04366,2.41875,1.75368,1.48311,1.197,-0.38571,1.81489,2.49781,3.46027,1.32801,1.41382,0.4826,2.91274,1.08914,2.48237,-0.26812,1.02881,0.89146,-0.03101,-0.93039,-0.41776,-1.46413,0.03616,-0.22808,-0.83819,0.38855,0.26725,1.18757,0.39458,0.40165,1.42371,-0.48387,-0.07061,0.67153,-0.13592,2.72952,2.92546,2.56163
-1.0952,-0.53518,-1.71144,-1.6033,-0.88287,-1.45109,1.42695,-1.28646,-0.0937,1.21922,0.3819,0.55084,-1.00973,0.62521,0.43536,1.86018,-0.11398,0.1692,1.87426,-0.64402,-0.2545,0.82301,-0.50273,-0.76643,-0.22974,0.17453,-0.67002,-0.12311,1.19698,-0.43336,-0.46186,1.38692,0.95753,0.33299,0.27652,-0.64297,1.14086,-0.60443,0.17038,-0.89271,0.59566,-0.73147,-0.16623,-0.76067,0.41362,-1.41829,1.81058,-0.72163,0.18703,-0.84941,2.17989,-0.48214,0.06704,-0.93065,0.66954,0.2987,-0.5434,-0.71643,-0.00021,0.08312,-0.77504,-0.40189,0.87731,-0.61662,-0.66758,0.58506,0.07323,-0.41147
