0.66653,-1.32888,-1.62175,-0.10468,0.26183,0.0075,0.05583,-0.00759,-1.36374,-0.8769,-0.15247,2.06076,0.39407,1.18678,-0.95832,0.0665,0.75211,-0.22289,0.63877,1.69793,0.36638,-0.50856,-0.37774,-0.67635,-0.8561,-1.05621,-0.8686,4.71791,1.54834,0.83326,-0.37049,-0.62799,-0.61976,2.37678,0.67902,1.0912,2.07622,0.52342,0.97162,1.0114,1.60693,0.17975,1.20187,1.69915,1.3908,-0.09419,-0.92709,-0.36562,-1.35211,-0.73634,-0.43525,-0.47817,-1.08406,0.25337,-0.01401,-0.37297,-0.65776,-0.37054,-0.52565,-0.76282,-0.70392,4.74312,0.99444,0.83734,-0.20278,-0.61127,-0.51603,2.56341
-1.27087,0.31468,-0.06935,-0.87481,0.20756,-1.01818,3.53167,-0.88491,-0.70586,1.74895,0.66757,-0.08948,1.05817,-1.1002,-2.07115,1.47908,-0.59851,1.39117,0.32524,1.15417,0.46493,-0.75551,-0.78899,-0.63872,-0.96391,0.26382,2.42033,2.99817,2.14759,-0.12186,-0.38877,-0.4936,-0.68309,1.67825,-1.08847,-0.36787,-0.40535,-0.36675,0.93858,-1.07509,0.6047,-0.63772,0.01214,0.30056,2.21891,-1.27982,-0.87354,1.00924,0.96422,0.01778,0.51689,0.2458,-0.28315,1.42427,0.16889,-0.69938,-0.5841,-0.28454,-0.71545,-0.4105,2.57693,2.91957,2.81082,0.33167,-0.15397,-0.34816,-0.57522,1.43862
-0.87806,1.05845,1.07959,-0.90401,-0.98904,-0.68955,-0.87571,-0.57042,1.06254,0.66594,-1.34177,0.32003,0.86366,-0.08467,0.49994,1.2156,-1.51443,0.72358,0.03462,0.63865,0.87735,-0.28227,-0.25886,-0.03257,-0.22651,0.50166,1.43686,0.18641,-0.47358,-0.29196,-0.47767,-0.50388,-0.52328,-0.82101,-0.82029,-1.00989,-1.10257,-0.15622,0.08275,-0.68524,-0.85472,-0.78327,-0.54311,0.4091,0.19075,-0.73511,-0.59273,0.36974,1.14775,2.00033,-0.08233,-0.15988,-0.58042,1.21095,-0.23538,-0.65249,-0.28188,-0.38414,-0.23854,-0.56175,1.4075,-0.23062,-0.67309,-0.3462,-0.37743,-0.53741,-0.54519,-0.76821
-0.58177,0.18423,0.62735,-0.62801,-0.62632,-0.61553,-0.69067,-0.5637,0.74514,0.51696,-0.22613,-0.65233,0.30453,0.92994,-1.40636,-0.7385,-0.2221,-0.48813,-0.79873,0.61539,0.17622,-0.02759,-0.55417,1.36592,-0.34546,-0.0794,0.22134,0.82976,2.34807,-0.08453,-0.22133,-0.4908,-0.58389,0.22684,-0.42332,-1.30871,-0.87095,0.24767,0.76013,-0.57221,-0.52324,-0.69736,-0.55103,-0.25234,-0.16155,-0.19812,-0.67139,-1.31533,-0.32928,2.55309,1.18574,-0.80727,0.48375,-0.92025,0.18479,-0.07942,-0.49085,1.07201,-0.66132,-0.41245,-0.18911,0.50991,4.51136,-0.21566,-0.31849,-0.53042,-0.61531,1.61622
1.00196,0.02133,0.26844,1.84023,2.3125,0.03397,-0.42974,-0.65507,0.04716,0.2064,0.58072,0.54133,-1.64875,0.45852,0.21105,0.06639,-0.14587,0.83932,0.8904,0.80926,0.86435,-0.34646,-0.84894,-0.55889,-0.81991,2.45966,0.81181,-0.37336,3.28439,-0.2813,-0.1404,-0.5783,-0.46813,0.79823,0.46636,-0.28981,-0.22465,1.40778,0.4503,-0.34705,-0.30791,-0.77125,-0.63351,-0.74153,-0.41087,-0.48433,-0.43634,-0.81824,1.95325,-0.8839,-0.63968,-0.69751,0.13531,-0.56427,-0.01294,-0.1071,-0.67036,-0.13727,-0.62679,1.38995,0.31104,-0.26848,2.73089,-0.08661,0.25553,-0.59346,-0.39257,-0.03083
1.24485,0.68713,0.1436,0.98787,1.39877,-0.02494,-0.94482,-0.56482,0.65089,0.03067,-0.20313,-0.44594,1.18381,1.51456,0.03809,-0.24894,-0.22505,-0.11477,1.24281,-0.72135,-0.51139,-0.63055,-0.49646,-0.89164,-0.15436,-0.41773,0.70323,0.11757,-0.14657,2.30796,-0.05076,0.13733,-0.44392,0.16447,1.9172,2.28861,0.11911,0.94125,1.1302,-0.2284,-0.67808,-0.77529,-0.25462,-1.09207,-0.37624,0.33016,-0.18732,-0.30212,2.77348,-0.78227,-0.86011,-1.4141,-1.07354,-0.27105,-0.48707,-0.84093,-0.49751,-0.80122,-0.36888,-0.05949,0.45759,-0.01002,-0.20873,1.63083,0.29093,0.18808,-0.47518,-0.24085
2.54209,-1.75217,-1.16534,2.71984,1.28148,3.5173,-1.26678,2.99325,-1.1054,-2.66175,0.99465,-0.0122,1.75041,0.9568,0.53682,1.22139,0.75171,-0.85758,-2.0439,-1.09706,1.24677,-0.11687,0.36788,3.71199,-0.84406,-0.9783,-1.03968,-0.83604,-0.87082,-0.77472,-0.41331,-0.43451,-0.49514,-0.90887,0.53409,-0.09506,0.35333,-1.0512,0.85754,2.35435,-0.26074,1.92748,1.36653,2.07181,0.479,0.21317,0.23658,-0.45848,0.53745,-0.7844,-0.42416,0.10797,1.65416,1.08334,-0.7068,-0.37385,0.01361,3.97728,-0.58335,-0.78372,-1.0697,-0.70744,-0.74559,-0.67444,-0.40203,-0.60406,-0.41013,-0.28497
3.9105,-0.29088,-0.70591,2.07657,2.88668,0.42967,0.63689,1.97914,0.28564,0.05734,-0.7092,-0.16747,0.59577,-0.38957,-0.73653,-1.36895,-2.1035,-0.01592,-0.06455,-0.58992,-0.16357,0.046,-0.76901,-0.17474,-0.3554,-0.21806,1.53027,-0.15732,-0.6644,-0.597,-0.4845,0.10681,0.02353,-0.80835,3.44068,0.30995,0.20391,2.32758,1.56569,0.73157,2.05186,3.62049,0.12317,-0.64972,-0.82996,-1.44094,-0.00809,0.05932,1.58963,1.28224,2.60625,2.53164,0.95737,-0.21822,-0.11684,-0.48747,-0.62736,0.03441,-0.477,-0.45397,1.35427,-0.32034,-0.58872,-0.55512,-0.46455,-0.05082,-0.01767,-0.68768
0.65229,-0.56556,-0.27708,0.85206,1.42104,0.27822,-0.93721,0.41117,0.26318,0.76854,-1.31207,1.43261,2.31572,-0.80604,1.0835,0.19593,-0.41521,-0.57195,1.87024,-0.63034,0.44632,-0.65491,0.0475,-0.24793,-0.09732,1.47419,-0.56877,-0.33821,0.12906,0.37545,0.30369,0.3778,-0.59821,-0.44727,1.25447,1.07885,-0.17419,1.36298,1.98998,0.72113,-0.47375,0.65269,0.00419,-0.56892,1.01403,-1.37532,2.10932,-0.10607,0.70039,-0.79215,0.55697,0.1075,-0.07334,-0.39067,0.63896,-0.58592,0.45783,-0.36859,-0.58771,1.61385,-0.49624,-0.40143,0.1621,-0.08627,0.42246,0.52755,-0.64893,-0.54809
0.04594,0.61376,-0.09876,0.18408,0.96882,-0.59227,0.01105,-0.59509,0.12125,1.18333,-2.03743,-1.8344,0.70557,-0.63697,0.17968,0.1308,0.18474,-0.84386,-0.6339,-0.10555,0.57272,-0.84349,-0.57429,0.71822,1.15898,-0.35778,-0.43387,-0.47595,-0.72741,0.17328,-0.46979,-0.35351,-0.49929,-1.11315,-0.25057,0.38006,0.89521,0.39183,1.5047,-0.538,-0.97068,-0.77595,-0.1008,-0.21935,0.21456,1.29987,-0.84268,-0.89341,-0.96873,0.33854,-0.81656,-0.40287,-0.14739,-0.95964,-0.41328,-0.89113,-0.19095,0.16844,0.297,-0.31617,-0.61405,-0.2248,-0.73229,-0.34682,-0.51541,-0.40323,-0.46162,-1.16479
0.56109,0.20053,0.71817,0.68838,-0.02123,1.16845,-0.68522,1.43761,0.67599,0.61166,-0.8609,-0.54112,1.83762,-0.18743,-0.23113,0.23142,0.0433,-0.88911,0.72517,0.39445,-0.0396,-0.57735,0.8626,-0.55435,-0.06174,0.10025,-0.26925,-0.05748,-0.12402,-0.7937,-0.477,-0.54227,-0.5574,-1.07054,1.30256,-0.77644,-0.84922,1.32353,0.77494,1.06313,-0.13323,1.08881,-0.36239,2.06493,1.574,-0.46292,3.32081,2.37403,-0.27141,1.43274,0.153,0.01629,-0.61435,-0.49596,-1.05986,-0.62104,-0.06027,-0.77522,-0.48395,0.21157,-0.52667,0.25362,0.32102,-0.69897,-0.51853,-0.58092,-0.42588,-0.57459
-0.36824,0.90068,0.88641,-0.13045,0.01881,-0.26043,-0.83482,-0.48241,0.77243,0.63832,-0.97655,0.29096,1.69622,0.31876,-0.40859,-0.77414,-0.03742,-0.36758,2.14657,0.41005,-0.46977,-0.67362,-0.13785,-0.60731,-0.34506,-0.14433,4.07124,0.60211,-0.36729,-0.49252,-0.46613,-0.30916,-0.71356,0.02123,-0.08852,0.42617,-0.98935,0.30763,0.10951,-0.18421,-0.92446,-0.7061,-0.48052,-0.23183,0.03604,0.62967,-0.37037,2.57929,1.2098,0.19509,-0.59113,-0.39629,-0.9238,-0.55904,-0.62314,-0.79944,-0.2348,-0.4574,-0.06553,-0.65944,3.33415,0.14953,-0.4285,-0.37796,-0.5052,-0.47143,-0.64529,0.19791
0.98461,-1.74288,-1.90501,0.32109,0.3027,0.70039,0.28563,0.4235,-1.10758,-1.44347,-0.35206,1.05762,-0.24614,-0.19865,0.08309,-0.33998,-0.05558,-0.56176,-0.94572,-0.94853,-0.54244,1.57915,0.04962,-0.02559,0.8862,-0.62216,-0.9967,-0.80794,-0.8227,-0.67337,-0.33614,0.09541,0.28204,-0.60157,0.30089,0.33974,2.03025,0.47828,1.31782,1.76869,-0.57772,0.95224,1.25889,1.77145,1.50355,-0.01977,0.32066,-1.01453,-0.73217,-1.1611,-0.34352,-0.9542,2.02908,3.63519,1.72851,1.21587,-0.14066,0.17258,1.78033,-0.16216,-1.0219,-0.66761,-0.74328,-0.68912,-0.25428,0.34168,0.63649,-0.39479
-1.17523,1.33838,1.11104,-0.13701,0.3482,-0.80737,0.26354,-0.57379,0.0828,0.22029,-1.86095,0.38881,0.40318,-0.20486,0.37704,-1.48629,-0.02385,1.1394,-0.9962,-2.04749,-3.79681,-0.52588,-0.82994,-0.9284,-1.12198,-1.15951,-0.45136,-0.83751,-0.61428,-0.31082,0.55291,6.80476,-0.08185,2.2054,-1.37957,-1.28402,-0.91032,-0.89766,-1.08864,-1.00309,-0.82731,-0.73092,-0.73611,-0.20183,0.16743,-0.71047,2.08248,0.67659,-0.99117,-0.6233,0.46596,-0.43783,-0.42166,0.91305,-0.43915,-0.24009,-0.56063,-0.75188,-0.78882,-0.89481,-0.29141,-0.66512,-0.53996,-0.31769,0.18772,6.41297,-0.15641,2.84238
-1.3643,1.26691,0.87013,-1.42153,-1.08016,-1.03351,0.246,-0.65003,0.50438,1.18212,-0.8682,0.31418,-0.36516,0.30845,-0.26418,-0.38793,0.1399,-1.19757,-0.10543,-0.77182,-2.53664,0.50481,-0.57827,-0.75994,-0.94863,-0.94772,0.0101,-0.18795,-0.52929,-0.38161,0.73229,0.52119,3.96061,0.92467,-1.42641,0.11522,-0.61618,-1.2568,-0.46578,-1.10323,-0.87739,-0.80854,-0.76515,-0.34606,-0.68592,-1.51455,1.024,0.22901,-1.24767,0.32361,-1.21844,-0.55632,1.01868,-0.4257,0.15294,0.51089,-0.41197,-0.70681,-0.7348,-0.77834,-0.39976,-0.14052,-0.51403,-0.34631,0.9053,0.58691,2.98649,1.01704
-0.06395,-0.33936,-0.03168,0.0565,-0.22593,-0.02399,-0.91053,-0.26714,0.64685,-0.82625,-0.59369,0.08579,-0.34369,1.72275,-0.83678,-1.1938,1.03169,-0.33816,-0.89068,-0.74807,-2.05456,-0.66348,-0.52216,-0.78803,-1.07267,-0.88811,-0.75488,0.67511,2.31186,1.27266,0.96676,0.64602,-0.29236,0.67252,0.00138,-0.52401,-0.36979,0.1851,-0.41896,0.00881,-0.59773,-0.42019,-0.68318,-0.41551,-1.11865,-0.39343,-1.48949,-0.63486,-1.37843,-1.6158,-1.28941,-0.48464,-0.24892,1.19498,-1.14119,-0.81456,-0.44845,-0.75516,-0.74343,-0.73329,-1.10394,0.91711,2.63357,1.27273,0.17809,0.42039,-0.57415,0.56105
0.25814,-1.1835,-1.74886,0.93374,0.59017,0.57861,-0.7475,0.36632,-0.57379,-1.27109,1.18908,1.60654,0.1076,0.87271,0.30639,-1.08,0.02447,-1.70904,-2.00681,-1.54063,0.98774,-0.66175,0.6605,1.21288,0.99633,0.28303,0.12077,0.27253,0.84658,1.90146,-0.18318,-0.15931,-0.63657,-0.00035,-0.77901,0.81563,1.18241,0.30894,-1.45317,0.53424,-0.2157,0.8665,1.35377,-0.44977,0.09437,-0.36869,-0.04793,0.08246,-1.1562,-0.83563,1.40104,0.52885,1.80484,1.9472,1.40064,-0.72463,0.6118,1.25833,0.27818,0.87721,1.61121,0.45715,0.69008,1.09548,-0.10437,-0.40713,-0.56007,0.02339
0.22032,-0.6137,-0.93737,1.72836,1.36012,0.62427,-0.97314,0.18637,-0.30615,-0.14833,1.3837,-1.33102,0.53009,0.28791,-0.18911,0.57067,-0.73731,-1.16128,-0.18938,-2.04203,-0.63996,-0.45421,-0.60349,-0.6414,-0.83302,0.05404,-0.88004,-0.56991,-0.46286,0.96352,5.04811,-0.29026,3.94233,4.16362,-0.72206,0.12964,-0.20084,0.19993,-0.15993,0.0736,-0.8189,0.65351,-0.14117,-0.51692,0.4016,-0.71734,0.22348,-0.50673,0.6061,-0.32914,0.19273,-0.92659,-1.2202,0.24404,2.34051,-0.42362,-0.32228,-0.49067,-0.49496,0.00933,-0.74868,-0.22946,0.01239,1.28445,5.01779,-0.14837,3.88095,2.05724
-0.4234,1.1172,0.77696,-0.24316,-0.29545,-0.50063,-0.29052,-0.69319,0.66666,0.09412,0.75643,-0.50725,-0.70257,0.0215,-0.83829,-0.98346,-1.08884,-1.49948,-1.10847,-0.87239,0.18923,-0.44863,-0.51745,-0.27155,-0.70234,0.99124,-0.59398,-0.26941,0.0728,0.57919,-0.21522,0.0683,0.61416,-0.63729,-0.25165,-0.64164,-0.55454,-0.86539,-1.38317,-0.84534,-0.77065,-0.74288,-0.44116,0.37779,-0.26422,-0.34723,0.55784,-0.49117,-0.48213,0.50982,2.01388,1.60279,-0.04206,0.42443,1.47999,-0.71523,-0.45271,-0.1346,-0.63331,0.99914,-0.69255,-0.14786,0.13749,-0.22146,-0.38095,0.16872,0.61088,-0.62138
-0.9301,0.86282,0.80471,-0.63083,-0.70258,-0.72176,-0.38367,-0.73468,0.37319,0.76167,0.89645,-0.54084,-1.61676,-0.25574,-0.70768,-0.15705,1.01921,-0.0554,-0.25119,-0.26819,-0.1245,-0.53495,0.08651,-0.22392,-0.12064,-0.6321,-0.19582,0.82823,1.96973,1.06207,0.02235,-0.2344,-0.48646,0.02987,-0.90274,-0.4822,-0.59002,-1.39504,-1.11913,-1.06624,-0.53186,-0.7117,-0.05427,0.29229,0.18951,-0.23628,-1.05375,-0.60937,-0.34382,1.19344,-0.3514,-1.03791,-0.43003,-0.176,-0.69872,-0.33768,0.2554,0.02763,-0.60484,-0.61929,-0.17161,0.92257,0.58372,0.69636,-0.41313,-0.42198,-0.51163,0.00788
-1.19169,0.96907,1.23132,-0.85153,-0.81651,-0.84786,0.09174,-0.60069,0.55077,0.61362,-1.14136,0.08339,-0.03608,-0.26618,0.76616,-1.27029,0.5574,1.51408,0.77348,-0.10081,0.78726,-0.87787,-0.80921,-0.90574,-0.82316,-0.89479,-0.60818,1.27951,2.24275,0.06275,0.24566,-0.23711,-0.45558,0.3055,-1.53076,-1.36065,-0.98854,-1.4195,-0.81034,-1.06137,-0.04239,-0.72335,-0.64618,-0.8144,-0.22506,0.11428,-1.70727,-0.98926,0.16508,0.94464,-0.67323,-0.26284,1.11796,-0.74068,-0.96157,-0.91815,-0.62699,-0.80841,-0.50489,-0.67225,-0.81136,0.4302,0.99169,0.05872,-0.11491,-0.38776,-0.38025,-0.68462
-0.74015,0.30665,-0.05668,-1.69912,-2.26782,-0.97645,0.2958,-0.71001,0.4272,0.70626,-0.30793,-0.48138,-0.73462,0.00582,-1.44318,0.2976,-1.55918,-0.75436,-0.41864,1.09011,0.40488,-0.63671,-0.27593,-0.03419,0.09819,4.16402,-0.06267,0.12369,-0.01101,-0.03394,0.03171,-0.47324,-0.41704,0.12943,-0.14715,1.06203,0.55289,-0.9131,0.19173,-1.02497,0.44756,-0.74167,-0.10358,-0.06937,1.18035,-0.71229,-0.35876,-0.58163,-0.70028,2.25628,0.26086,1.90234,0.15293,1.3474,-0.49743,-0.76021,-0.27205,0.07087,-0.4196,5.34677,-0.4002,-0.25786,0.66657,0.38267,0.32024,-0.53433,-0.45108,0.97218
0.29729,0.19187,0.5763,0.45758,-0.1445,0.42238,-0.48224,0.20712,0.61782,0.03178,-0.18495,0.42753,-0.74021,0.28654,2.99902,-0.84094,-0.04978,0.19874,-0.38071,0.94465,0.87024,-0.12709,-0.10296,-0.22634,2.1893,1.6882,-0.76067,-0.78886,-0.78282,-0.81065,-0.61891,-0.66255,-0.51792,-0.86602,0.75436,-0.66185,-0.67819,0.53214,-0.17998,0.20396,-0.1591,0.59689,-0.91206,-0.85012,-1.20075,-0.19997,-0.9192,-0.78844,0.92827,0.48301,0.17315,-1.30076,0.02146,-0.06714,-0.44982,-0.31709,-0.02271,-0.20552,0.61658,1.27023,-0.91374,-0.71278,-0.69419,-0.70288,-0.58659,-0.67383,-0.45189,-0.50697
-1.40834,1.00606,1.04795,-1.69285,-1.41712,-1.05078,0.65781,-0.70721,0.41,1.45551,-0.0191,-0.05228,-0.98609,-0.48456,-1.50501,-0.82035,-0.2437,0.2651,-2.35301,0.23004,0.25294,-0.65846,0.34135,0.82124,-0.24794,0.55103,0.12897,-0.46526,-0.34403,-0.69593,-0.25474,-0.26722,-0.51414,-1.13834,-1.04484,-0.70528,-0.94946,-1.18607,0.63603,-1.13051,0.24123,-0.62025,-0.31665,-1.00347,-0.36745,-0.06261,1.2415,-0.41859,-0.01757,1.05406,0.73876,-0.06746,0.67697,0.27099,-0.35744,-0.77712,0.51762,0.72449,-0.33681,-0.19983,0.37018,-0.52788,-0.33405,-0.6028,-0.2287,-0.17682,-0.53027,-0.88688
0.57844,-1.55776,-0.04898,0.67128,0.2856,0.9687,-0.01821,0.3467,-1.9917,-2.10651,0.88558,1.14005,-0.37384,0.05835,0.82797,0.19004,0.91358,-0.19376,-0.1798,1.50666,1.27455,1.45097,-0.66146,-0.73647,-0.31177,3.10686,0.31695,-0.6616,-0.74096,-0.6564,-0.57326,-0.54394,-0.40179,-0.07375,-0.21249,1.37494,0.42137,-0.92064,-1.3022,0.77043,-0.05714,0.25003,2.55748,2.31251,-1.38787,0.55138,0.22847,0.74328,0.15504,-0.05879,0.11558,-0.50735,-0.43825,-1.54105,-1.20528,2.89225,-0.52733,-0.67477,-0.36121,2.37672,0.8678,-0.43622,-0.50348,-0.34127,-0.53316,-0.46035,-0.4792,-0.22124
-0.59423,-1.52754,-2.5275,-0.39837,0.58248,-0.80456,0.383,-0.76271,-1.66082,-0.52487,0.63821,0.04123,0.65258,1.85124,-0.50682,0.97681,-1.56112,-0.24723,0.50749,-0.5751,-0.17813,-0.26061,-0.74655,-0.77628,-0.92201,-0.07103,-0.85513,-0.68861,-0.50252,1.43113,2.69131,0.10185,-0.50891,0.73505,-0.70574,0.28763,1.45318,-0.7724,0.14023,-0.94553,0.26136,-0.68623,2.57909,-0.82183,-1.11307,1.7479,-0.34915,1.06853,0.60672,-0.73528,1.81508,-0.75855,-1.18359,-1.17822,-0.78839,0.41255,-0.6132,-0.65858,-0.63936,-0.38165,-0.61932,-0.41807,-0.40133,0.29412,1.23477,0.12896,-0.46507,0.44964
0.29773,0.23604,0.1255,0.38882,0.42108,-0.11336,-0.24506,0.2699,0.80417,-1.05919,-1.0186,0.64843,0.07196,-0.00349,0.45813,-0.56946,0.06746,-1.3831,-1.82861,-2.01133,-1.8854,-0.17162,-0.66855,-0.05997,-0.77554,-0.83348,-0.90902,-0.69827,-0.72935,-0.50523,1.68817,0.43914,0.44655,-0.05353,-0.06489,0.31162,0.54027,0.66873,0.71862,0.23818,0.1912,0.32075,-0.43086,-0.10618,0.92095,2.13643,-0.29692,-0.21317,-0.44902,-0.12168,1.02778,-0.42845,0.76985,-0.3342,0.05056,-0.66812,-0.5724,0.16227,-0.39255,-0.65497,-1.06834,-0.5309,-0.55912,-0.6037,2.23844,-0.42854,-0.34988,1.16014
-0.46477,0.56344,0.74783,0.29662,0.01105,-0.01281,-0.41166,-0.50483,0.64332,-0.60853,-0.19995,0.63191,1.28488,0.05971,-0.35752,-2.0008,0.47539,-0.6728,0.07093,-1.11244,-1.32469,-0.36466,-0.40473,-0.38052,-0.60254,0.3095,-0.61967,-0.43946,-0.2684,0.67657,-0.04172,-0.10633,0.39128,-0.6643,-0.47979,-1.51104,-0.94969,0.44299,-0.02343,-0.04484,-0.34382,-0.70105,-0.72152,-0.20369,0.5554,1.21803,-0.1722,0.13397,0.50733,0.77925,-0.58936,0.07717,0.54218,0.704,-0.19429,-0.25649,-0.17597,-0.23316,-0.4604,-0.71453,-0.33859,-0.29101,0.0601,1.44277,-0.15643,-0.00649,0.06748,-0.14221
-0.23211,0.14911,-0.70959,-0.73129,-1.14319,-0.56165,2.28199,-0.67469,-0.08338,0.82174,-0.31568,-0.25637,-0.08226,-1.11041,-1.41827,-1.22903,0.70198,-0.57095,-0.79953,0.1484,0.03418,0.11821,-0.74807,0.16492,-0.65802,-0.73104,-0.87955,0.03863,0.38148,4.80108,-0.33923,-0.44142,0.13429,1.85164,-0.18853,1.86091,1.29598,1.14529,1.42095,0.03398,3.60154,-0.63029,1.01187,-0.29901,2.20917,0.43335,-0.55473,-0.98309,0.6824,1.8783,-0.82635,0.99395,2.9083,-1.03561,-0.42582,0.50167,-0.45257,0.29758,-0.48159,-0.60529,-1.11058,0.92407,0.62221,5.51566,-0.24301,-0.5137,0.16848,2.19011
-1.30379,1.49033,0.95066,-1.45549,-1.51857,-1.0168,-0.57956,-0.59957,0.98195,1.21886,-1.44997,1.20366,-0.2306,-0.03261,0.55706,-0.04378,-0.4781,0.43635,-0.96295,-1.68364,0.24417,0.05832,-0.27093,0.21347,-0.65172,-0.57123,-0.61185,0.3876,-0.28906,-0.67459,-0.39672,-0.49642,0.98541,-0.66369,-1.43608,-0.42915,-0.83769,-1.13803,-1.16505,-1.05866,-0.73063,-0.68883,-0.8461,-1.43275,0.77351,-0.17149,1.35417,0.57019,0.70114,-0.5679,-0.80423,0.74422,-1.00146,-0.57725,0.59983,-0.30794,-0.30369,-0.50336,-0.53088,-0.67238,-0.8047,1.00744,-0.48052,-0.69602,-0.47406,-0.63311,0.79301,0.11809
0.43341,-2.21318,-2.34944,-0.32402,0.68298,-0.40216,1.67316,-0.27163,-2.01334,-0.34414,-0.08486,2.17658,-0.21593,0.7768,0.38572,0.13051,0.24731,0.47306,-1.02447,0.60294,-0.42217,0.96426,0.40131,-0.12769,-0.39553,0.12714,0.2463,-0.00498,-0.06827,-0.49772,-0.47385,-0.06885,0.20505,-0.40144,-0.0392,-1.15562,2.9005,0.26293,-0.19126,0.21341,1.34612,-0.08396,1.64536,2.32216,0.11809,0.12406,-0.36319,-0.4766,-0.3774,0.23689,0.59494,-0.38381,0.01697,0.13147,2.63849,1.54894,1.18664,-0.05545,0.12574,0.34285,1.00881,0.31712,0.18506,-0.62428,-0.52782,0.07698,0.52698,-0.81321
-0.85537,0.19966,-0.42235,-0.75937,-0.57974,-0.69732,0.05666,-0.62648,0.40632,0.22708,-1.11124,-1.099,-0.32208,-1.49759,-0.82268,-1.88685,-1.34766,-2.62784,-1.90255,-1.05505,-1.22017,-0.62785,2.79387,-0.56026,-0.77426,0.09482,-0.65304,-0.79325,-0.41436,-0.52253,-0.23311,0.73201,0.12252,-0.50948,-1.18829,-0.23331,-0.03881,0.04282,0.62817,-0.62449,-0.18392,-0.78729,-0.1445,0.69568,0.16068,1.27053,-1.32413,1.75633,-0.53491,-0.68508,-0.92781,2.13523,0.11758,0.52119,2.45586,-0.66647,1.53598,-0.50869,-0.60942,0.18751,-0.40626,-0.66526,0.07684,-0.66833,-0.09584,0.83253,0.3328,-0.57493
1.10561,0.51676,0.47215,1.71331,0.79782,1.50361,-0.8872,2.31045,0.44414,-0.89772,-0.69765,-0.89214,-0.62214,-1.86888,-1.89039,-3.33381,-1.10119,-1.3493,-0.2529,-0.65961,-0.219,-0.47923,1.0049,1.35418,-0.44403,-0.97118,-1.01852,-0.62816,-0.60878,-0.73813,-0.29475,-0.50179,-0.20906,-1.21118,1.40282,-0.45503,-0.32176,0.76765,-0.9974,1.29134,-0.47246,1.94074,-0.44128,-0.63672,0.54694,-1.64199,-1.3526,2.54591,0.41901,0.40522,-0.71903,4.13399,4.38896,1.18459,1.34987,-0.66444,1.49899,1.27179,-0.36371,-0.83533,-1.02102,-0.58796,-0.45277,-0.59795,-0.41648,-0.50161,-0.36672,-0.76428
0.07218,-0.02171,-0.48943,-0.03262,-0.06738,-0.08423,-0.23782,-0.2066,0.57233,-0.36014,-0.01106,0.54576,-0.17661,0.60447,0.72934,-1.6369,0.27223,0.17682,-0.87279,-0.86592,-0.46373,1.64868,-0.35592,-0.71936,-0.36102,-0.0321,-0.34075,-0.33369,0.0896,0.00414,-0.17651,0.02399,0.34594,-0.51216,0.60475,1.11708,0.83067,0.53454,0.09453,0.18367,-0.53206,-0.09773,-0.46244,0.49024,-0.90082,-0.44987,-1.28856,-0.67787,-0.51999,-0.12859,-1.28727,0.39166,0.41445,1.93496,1.58584,2.29737,-0.27176,-0.73949,-0.09046,0.2252,-0.34915,-0.3548,0.20672,0.20854,-0.08969,-0.14827,0.00152,-0.77223
0.44943,0.82535,0.5749,0.85503,0.54008,0.702,-1.53325,0.48012,1.00548,-0.87338,0.63467,-1.35427,-0.48397,1.2162,0.63519,-0.05207,0.21096,-0.05602,0.28436,-0.56671,-0.4147,-0.56993,-0.83302,-0.63176,-0.72651,-0.60462,0.20288,0.04095,0.13157,0.52115,-0.19252,-0.30632,0.81249,-0.56495,-0.203,1.04499,-0.16259,-0.35468,-1.11528,-0.03795,-0.96161,0.38748,-0.31685,-0.83628,-0.31401,-1.33305,-0.85719,-1.07385,-0.65493,-1.11963,-0.97776,0.12446,-0.43152,-0.63592,-0.26811,-0.87581,-0.715,-0.58137,-0.53263,-0.71461,1.17562,-0.39946,-0.2394,0.20686,-0.24887,-0.44977,0.39478,-0.78367
-0.27926,-1.53387,-1.5373,-0.40772,0.48119,-0.53554,1.78079,-0.44317,-1.81468,-0.04203,1.31527,1.01245,-0.11233,0.23347,-0.83889,1.14043,0.78849,0.29287,1.12835,0.31994,0.34112,0.95162,-0.66873,-0.5446,-0.61231,1.70344,2.42301,0.00085,0.22976,0.87196,-0.38121,-0.34677,0.30652,0.36093,-0.48789,1.06906,2.35117,-0.23398,0.28187,-0.2586,0.00016,-0.10284,2.53885,1.53147,-0.97399,0.37292,-1.26428,-0.71934,-0.54319,-0.84129,-1.20794,0.41128,-0.65289,-0.05348,0.24402,3.06187,-0.54129,-0.49622,-0.5928,1.24748,2.39747,-0.26978,0.28423,0.65321,-0.41968,-0.21995,0.73544,-0.40424
-0.50704,1.47682,1.11847,-0.08957,0.60118,-0.57052,0.13774,-0.65563,0.51569,1.1751,-0.1232,0.01833,-0.54488,-0.71048,0.7023,0.514,-0.11873,1.56486,0.60675,0.21938,0.08064,-0.72195,-0.15294,-0.6983,-0.51065,-0.27771,0.38558,1.38761,0.96111,1.13842,-0.50729,0.01803,0.16355,0.36331,0.19625,-1.15117,-1.08221,0.18725,-0.15339,-0.50639,-0.17678,-0.72598,-0.87438,-1.09351,-0.15435,-0.02868,0.02813,-1.01106,1.21399,1.12157,-1.09624,-0.90304,-0.72547,-0.81747,-0.83261,-0.76572,0.00294,-0.62857,-0.68788,-0.69169,0.67411,1.14237,-0.10039,0.73117,-0.5146,0.30495,0.60593,-0.62331
-0.52883,1.63115,1.19677,0.00648,-0.07981,0.20951,-0.49776,-0.10233,0.7476,0.09064,1.75827,-1.78111,-0.84197,-0.62672,-0.72543,0.49379,-1.27938,-1.34826,-0.44893,-0.04762,-0.41659,-0.05289,0.49634,-0.45236,1.39598,-0.67821,1.62669,-0.24998,-0.17777,-0.7378,0.29748,-0.60775,-0.34778,-0.40707,0.23649,-0.43023,-1.03487,0.43388,-0.98406,0.37126,-0.51319,0.22609,-0.77787,-0.43311,-0.83995,-1.02636,-0.01606,-1.06345,-1.35286,-0.85996,-0.66826,0.88692,0.1113,-0.6526,1.09924,-0.14931,0.04127,-0.48821,2.3776,-0.59212,0.88369,-0.41306,-0.38321,-0.69606,0.21256,-0.60144,-0.31769,-0.81746
-1.22416,0.69324,0.45579,-1.12153,-0.83006,-0.85791,0.57182,-0.79298,0.18686,0.81842,1.32773,-1.1715,-0.60497,0.36289,-1.00067,-0.07439,-1.05993,1.51871,0.22919,0.60582,-0.00394,-0.72505,-0.40633,-0.71499,2.71258,0.17289,0.95169,0.95242,-0.56105,0.07958,0.057,0.58724,0.05473,0.52503,-1.35608,0.37061,0.17128,-1.09606,-0.43906,-0.9759,-0.31766,-0.70654,-0.07279,-0.86896,0.35792,0.93579,-1.01882,0.97973,-0.90318,0.65211,-1.18648,0.19744,-0.83192,0.1786,1.1242,-0.82366,-0.26916,-0.49066,3.77679,0.08511,0.71444,1.23844,-0.48188,0.18892,0.43324,0.92924,0.27341,-0.43963
-0.7308,0.40368,0.43247,-0.80426,0.05483,-0.90437,0.47594,-0.66741,0.48288,0.60711,0.11418,-0.53916,-0.80805,0.27111,0.85231,0.71311,-2.18197,-0.02923,1.72066,1.76248,0.43303,-0.74799,-0.53001,-0.30092,-0.41855,0.21165,0.07377,1.54075,0.38337,0.5436,-0.56844,-0.68579,-0.7176,0.15487,-0.12566,-0.10807,-0.32688,-0.11608,1.30419,-1.04837,0.98372,-0.7906,-0.59089,-1.07943,-0.84911,-0.04647,-0.48121,-1.30044,0.49373,-0.37087,-0.55924,-0.26364,-0.57948,-1.32763,-0.59907,-0.83503,-0.43945,-0.45589,-0.39701,-0.09924,-0.68063,1.46517,-0.4048,1.18869,-0.58214,-0.6902,-0.64354,0.22011
0.58289,0.05435,0.1794,0.71626,0.7539,0.16162,0.18305,0.30186,0.18352,0.07816,-0.19543,-0.08808,-0.44241,-0.10272,2.05241,-0.32334,-0.33138,-0.26552,1.24905,1.29078,0.48291,-0.6897,-0.77594,-0.53767,1.30058,-0.61855,0.23455,-0.67125,0.04204,-0.22154,-0.44915,-0.71917,-0.66127,-0.89299,0.45883,-0.19871,-0.52251,0.09524,0.12358,0.54988,-0.28035,0.77582,-0.61397,-0.52429,1.41147,-0.26954,0.75486,2.10727,1.43186,-0.04669,-0.24324,-0.53477,-0.15093,-0.584,-1.39438,-0.66631,-0.57616,-0.60441,0.24706,-0.33003,1.56682,-0.59228,-0.01172,-0.43985,-0.49027,-0.69721,-0.59946,-0.76646
0.32887,-0.43191,0.04109,-0.24156,-1.1863,0.37993,-0.65007,0.71333,0.07632,0.67399,-1.05329,-1.0093,1.77375,-0.89938,0.19844,0.38537,-1.25292,0.75206,0.39059,0.10076,1.69008,-0.59118,-0.63605,-0.52413,1.13354,0.28101,1.6942,-0.65738,-0.56675,-0.66064,-0.57629,0.07805,-0.70606,-0.70799,1.98762,-0.28648,-0.87178,1.69524,1.25979,1.40666,-0.08668,1.21209,-0.24983,0.33903,2.44049,0.71718,0.5996,1.15795,2.32181,-0.39409,0.03378,1.45104,0.34468,-0.98773,-0.27681,-0.71463,-0.52289,-0.49848,-0.23998,0.01813,1.1463,-0.53817,-0.55072,-0.60812,-0.51164,0.23264,-0.6566,-0.91027
0.69989,0.07405,0.5645,1.0313,1.91649,-0.16475,-0.67021,-0.60069,0.46056,1.21442,-0.85235,-1.30654,0.98946,0.45084,0.82877,-0.05045,-0.05683,-0.50856,0.05363,0.13316,0.82796,-0.59548,0.11536,0.20868,0.62476,-0.46084,-0.61549,-0.49673,-0.56517,-0.61046,-0.51994,-0.52793,-0.51047,-1.43531,-1.07064,-1.38016,-0.79984,-0.64013,1.3123,-0.69948,-0.0064,-0.77485,-0.6957,-0.648,-1.31129,0.72617,0.32809,-0.81895,-0.56057,-1.24876,-0.29623,-0.81299,-0.27982,0.57231,-0.56736,-0.84006,-0.30073,-0.53448,0.52444,-0.62186,-0.67218,-0.3582,-0.55005,-0.5012,-0.50385,-0.57414,-0.60285,-0.90648
1.45528,-1.39601,-2.07581,0.56382,0.95965,0.36897,-0.60774,0.31643,-0.38188,-0.75032,0.48815,-0.36766,-2.04396,0.31094,0.65253,0.3973,1.09634,0.08066,0.10802,1.49089,0.74215,-0.8132,-0.21305,-0.42881,-0.24837,-0.76447,-0.61528,0.97463,2.21385,-0.06818,-0.42717,-0.60039,-0.69273,0.0964,1.13553,-0.12454,1.02813,0.38486,-0.718,1.14436,-0.57346,0.88304,0.09242,0.1617,0.02804,-0.14743,0.83797,-1.05439,-0.79513,-0.65242,0.2497,0.19463,-1.22614,-0.47866,-0.42036,-0.85267,-0.32931,-0.59294,0.22471,-0.32534,-0.54017,0.40434,1.23487,-0.0316,-0.29136,-0.58986,-0.65342,-0.23765
-0.82512,-0.36228,-1.198,-1.02425,-0.09056,-1.02488,1.73843,-0.69431,-0.22044,0.37985,-0.60965,0.95591,-1.48206,0.04388,-0.59803,-0.15653,0.23697,0.12856,0.10373,1.19736,0.43346,-0.68351,-0.48886,-0.54763,-0.79209,-0.15149,0.72932,-0.38964,-0.67606,-0.81396,-0.61128,-0.70245,-0.72465,-1.24488,-0.74277,0.68142,1.20642,-1.17633,-0.98258,-1.08773,2.90657,-0.67901,-0.47062,-0.71434,0.49363,-0.95185,0.68713,1.02084,-0.26275,1.97172,-0.03196,0.76602,0.25018,-0.07588,0.63397,-0.60957,-0.53594,-0.28565,-0.55431,0.04818,0.20664,-0.65707,-0.59717,-0.63429,-0.5847,-0.67948,-0.6239,-0.78863
-0.34599,0.42036,0.74934,0.26562,0.17115,-0.00562,-0.02711,-0.71954,0.3781,0.23533,1.61677,-2.14293,-0.98076,0.24524,-0.39432,0.88957,-0.24314,-0.29353,1.16463,0.0487,0.20673,-0.05639,0.33754,0.26625,-0.22181,0.30823,-0.04744,2.13233,-0.29324,-0.62822,-0.42273,-0.31053,-0.5002,0.40612,-0.57383,-0.54875,-0.77484,-0.89086,-1.50227,-0.5567,-0.43425,-0.77009,-0.80283,-0.76105,-0.9725,0.97058,0.0952,-0.54735,-1.65022,-0.50075,0.4869,-1.00375,0.06297,0.92445,-0.00431,0.17117,-0.03012,1.00337,-0.02198,0.90725,0.21001,2.82681,0.093,-0.57337,-0.40412,-0.14976,-0.51874,1.23252
0.00367,-0.85997,-1.97354,0.5519,0.92181,0.07736,-0.12402,-0.45887,-0.69408,-1.80548,1.09635,-0.76056,0.87974,1.31123,0.03221,-0.39031,0.34464,-0.82928,-1.35666,-2.11103,-2.42154,1.54287,-0.18515,0.41085,0.0854,-0.57948,-1.00999,-0.85697,-0.74811,-0.64501,-0.00108,0.44876,0.51289,-0.27376,-0.11837,2.55262,2.64087,-1.06374,-0.23842,-0.57105,-0.15182,-0.54998,0.95616,0.34094,-1.62825,1.92325,-0.19857,0.64651,0.57918,0.4465,-1.39003,-0.86704,0.59487,2.40709,1.95974,1.94378,-0.35312,1.57419,0.94773,0.00385,-0.76859,-0.67438,-0.71739,-0.54502,0.18886,1.08134,0.59237,-0.45112
-1.11339,1.42752,0.92694,-1.45504,-1.01587,-1.05579,0.02856,-0.6646,0.46374,1.13137,-0.61153,0.20683,-2.04879,0.95176,0.09371,-0.1529,-0.26562,0.08588,-0.26517,1.87647,0.37211,-0.70028,0.2172,0.71756,-0.26428,0.28934,0.68055,0.48764,0.822,-0.92444,-0.6372,-0.6678,-0.70974,-0.62731,-0.68817,-0.44408,-0.20556,-1.57907,-1.90124,-1.12044,-0.45298,-0.7861,-0.86422,-0.78203,-1.49032,-1.88522,-1.01883,-0.82864,-0.97603,-0.72361,-0.11099,-0.23549,-0.26086,-0.6714,-1.41184,-0.70404,0.13264,0.49812,-0.18676,0.19114,-0.06324,-0.47702,-0.06914,-0.74054,-0.60019,-0.65772,-0.62393,-1.02696
0.1051,0.63276,0.51434,-0.02689,-0.92111,0.00374,0.74799,-0.42971,0.23878,0.52837,-1.22422,-1.69804,0.2161,-0.27201,-0.12533,1.37375,1.25886,-0.62258,-0.09479,1.22251,0.71872,-0.75242,4.81853,0.009,0.89865,-0.13324,-1.08106,0.34502,-0.59927,-0.68772,-0.62396,-0.57231,-0.65379,0.06257,1.14315,0.28283,-0.23845,1.64565,1.35321,0.33891,-0.86108,-0.57225,-0.61052,0.42206,-0.95428,1.1032,1.64045,-0.31352,-0.60904,-1.1717,3.56718,-1.10845,-0.01486,-0.55261,-0.39501,-0.86326,6.08299,-0.08843,0.51536,0.63799,-0.87704,-0.5908,-0.55238,-0.48117,-0.60532,-0.62553,-0.58518,0.05196
-0.75483,0.0028,0.20612,-1.19779,-1.64696,-0.79082,2.09051,-0.68142,-0.15382,-0.55981,0.35806,-1.36809,-0.38058,1.60985,-0.59106,0.60139,0.10407,0.34035,0.69446,0.6565,-1.23735,-0.55104,-0.1076,-0.88391,-0.73071,-0.52347,0.08394,-0.64447,0.17139,0.31941,3.63307,0.73903,-0.75451,1.84941,-0.17344,0.23648,0.17505,-0.94556,-0.93101,-0.82633,-0.09587,-0.77185,-0.40992,1.07188,0.58167,0.81877,-0.03018,1.16721,-1.347,0.9424,-0.13539,0.60584,0.26976,-0.83047,-0.44743,-0.34171,0.70799,-0.70542,-0.33062,-0.24027,0.11816,-0.64493,-0.1281,0.15416,4.14315,1.72921,-0.65568,2.50523
-0.35623,-0.5607,-0.42091,-1.21562,-0.90078,-1.00002,0.01592,-0.6405,-0.04153,0.82839,-1.30067,0.79074,-0.49173,1.32439,1.07748,1.03611,-0.40255,0.26874,0.34751,1.15932,1.12708,0.724,0.27897,0.63195,2.16403,-0.5115,-0.75038,-0.7949,-0.86375,-0.89169,-0.52274,-0.49289,2.33558,0.24081,-0.41648,0.81605,0.5279,-0.82909,0.6601,-1.053,0.38712,-0.79144,0.3988,-0.36671,-0.62183,0.72129,-0.17466,-0.67883,0.00931,-0.85042,0.13064,0.27015,-0.81131,-0.99461,-0.57088,1.26836,0.59198,0.7186,1.59538,-0.48386,-0.69559,-0.66759,-0.68583,-0.70089,-0.52416,-0.55347,3.48394,1.3439
-0.04215,-0.9056,-0.93041,-1.04239,-0.58307,-0.93942,0.25325,-0.67021,-0.03179,0.806,-0.40291,0.25219,-1.30783,1.47825,1.23174,0.70864,-0.69433,1.58578,-0.27044,0.32601,0.75599,0.74055,-0.28724,-0.25375,0.06623,-0.89615,0.58274,-0.54874,-0.66891,-0.74528,-0.56132,0.12101,2.93764,0.23277,-0.7477,0.19484,0.3578,-0.89963,0.11479,-1.11428,1.02855,-0.81153,-0.11741,-0.76336,-1.43779,0.97171,-0.065,0.44431,0.34611,-0.2489,-0.21752,0.28491,-0.77895,-0.79324,-1.29533,0.78193,-0.10888,-0.52394,-0.26585,-0.74986,-0.01872,-0.69924,-0.65649,-0.6693,-0.53475,0.2299,3.09434,1.03927
2.47313,-2.60989,1.18089,2.25747,0.88187,4.12367,-1.05734,3.76743,-4.56377,-3.22003,1.3737,2.08934,1.7495,-0.01343,0.21599,0.88914,0.2714,0.31658,0.79101,0.78142,0.92552,5.15999,-0.47469,-0.36428,-0.58944,-0.24494,-0.70374,-0.64839,-0.53182,-0.26622,-0.41911,0.35897,-0.58001,0.01872,0.42225,-2.06303,-1.02604,-0.76843,-1.68979,0.81452,0.82709,0.51009,-0.81448,-1.07778,-1.88259,-1.89717,-1.58633,-1.27794,-1.49575,-1.43408,-0.89498,-1.24504,-0.97211,-0.83156,-1.44244,1.55112,-0.46048,-0.42093,-0.69999,-0.22234,-0.57327,-0.74203,-0.5719,-0.5241,-0.39171,0.1008,-0.64182,-0.37758
0.71146,-0.06094,0.17036,0.50942,-0.01752,1.41021,2.29098,1.50432,-1.08573,-0.59026,2.27265,-0.13645,-0.27835,-0.22344,-1.02954,0.79178,0.02436,1.62529,1.36161,0.16503,-0.2789,0.44553,-0.74114,-0.20276,3.32966,0.41646,-0.16592,-0.59599,-0.76743,-0.46181,0.8497,0.6308,-0.46079,0.37069,1.59954,2.63168,0.70345,1.60721,-0.51287,2.2908,3.38141,1.66907,3.15726,1.47804,-0.56473,1.34668,1.16099,-0.71201,0.7288,1.05469,0.68125,0.78474,-0.29786,0.55524,1.35023,1.90978,-0.6314,0.01985,3.48237,0.17228,-0.25576,-0.52714,-0.68425,-0.37454,1.16679,0.89397,-0.48601,-0.33801
-0.77974,0.95415,1.0165,-0.46214,-0.91655,0.29828,0.60854,0.22393,-0.02835,0.98345,2.30422,-0.39881,0.65406,-2.60673,0.10309,1.33037,0.50288,2.43007,0.00767,0.08464,-0.02229,0.46705,0.65307,4.75316,0.95971,-0.14325,-1.04453,-0.88455,-0.91444,1.8608,-0.17284,0.63811,-0.58696,0.58108,0.96805,-0.50891,-1.04992,1.3401,-0.60318,1.35539,0.19009,1.08615,-0.8065,2.01344,-0.51054,1.68099,-0.32331,-0.08483,1.89035,0.12352,0.93434,-0.78973,-0.52447,0.50732,0.45693,0.77335,0.62713,4.84464,1.22073,0.58693,-0.92339,-0.74615,-0.76645,2.13231,-0.28055,0.19572,-0.53322,-0.3958
