0.47052,0.49013,-0.52706,-0.89322,-1.38129,-0.61127,-0.29606,-0.59302,0.69303,0.03839,0.11658,0.86825,-0.93613,-0.44217,-0.86397,-0.09116,-0.65822,0.63256,-0.43488,0.19775,-1.36386,-0.67481,-0.59582,0.03466,-0.31742,-0.24841,-0.69605,-0.17627,-0.4995,-0.15338,0.4597,2.51479,-0.12842,-0.15777,2.18244,1.07972,0.72423,0.24832,1.09644,-0.29975,0.14483,-0.54253,0.90817,0.04456,1.76908,-0.28993,-0.12367,-1.04535,0.68885,0.24605,0.10764,1.06558,0.41214,-1.53859,-0.02749,-0.62992,-0.51406,0.8023,-0.00264,-0.53845,-0.79418,-0.47164,-0.62591,-0.36994,-0.51688,3.34122,-0.29515,0.27088
0.64782,-0.29854,0.71457,-0.29196,-0.16378,-0.59864,-0.96891,-0.39962,0.72724,-0.33948,-1.40322,0.44489,0.16533,0.38653,0.19895,0.86434,0.43636,-2.83647,-0.23705,0.22363,-1.16058,-0.73568,-0.83649,-0.28264,-0.02798,-0.61852,0.54631,-0.4127,0.51869,-0.10149,0.06252,-0.53071,-0.9115,-0.59793,0.80891,-0.62433,-1.0079,0.10701,1.3734,-0.60579,-0.92993,-0.61229,-0.96663,-1.29042,-0.94802,0.37381,1.70844,-0.29144,-0.48083,0.25516,-1.57459,-0.63321,-1.84011,-1.00124,-0.51563,-0.68057,-0.76137,-0.6633,-0.19329,-0.50481,1.34685,-0.60858,0.3893,0.25231,-0.53614,-0.79117,-0.83365,-0.12525
0.36737,-0.75276,-0.01136,0.11692,0.25005,-0.3476,-0.00251,-0.60628,-0.50833,-1.22898,0.83021,0.66105,0.36412,0.7044,0.16812,0.98801,-0.15318,0.04738,-0.33451,0.36918,-1.27171,-0.43113,-0.13316,0.45017,-0.41046,0.62378,0.63436,2.71624,4.82831,0.71933,0.15721,-0.41309,0.40472,2.92629,0.20794,-0.65418,-0.13676,0.42553,1.08746,-0.51673,-0.16301,-0.51787,1.43256,-1.31156,1.31837,-0.69371,0.14802,-0.61794,-1.0514,-0.43557,-0.50941,-0.34883,-1.27802,-0.7045,-1.09015,-0.51085,0.10693,0.9382,-0.2949,1.64834,1.53657,1.22687,4.76442,0.47587,1.12015,-0.00448,0.05138,4.88972
1.34475,-0.4,0.28535,0.19243,0.2779,-0.22898,-0.95591,-0.14205,0.72934,-1.43197,-0.12196,0.161,-1.3783,-0.3326,1.01208,1.05233,-0.32787,-0.52114,-0.25577,-0.13471,1.22887,-0.39029,0.39946,-0.39994,-0.51352,-0.5904,0.26948,1.73104,-0.29625,-0.86385,-0.51129,-0.44814,-0.70034,-0.67067,-0.09553,-0.58615,-0.98242,-0.75042,-1.00465,-0.55962,-1.11663,-0.61032,-0.97235,-1.25617,-0.75017,-1.0089,-0.68576,0.02348,-1.47073,0.62312,-1.5036,0.44801,-0.09307,-0.39432,-0.02464,-0.32286,0.53135,-0.24032,-0.47274,-0.71559,-0.65653,1.49525,-0.18003,-0.9611,-0.80035,-0.30965,-0.73075,-0.06494
-0.72349,-0.43804,-0.72442,-0.88257,-0.45672,-0.78739,0.1644,-0.56093,0.20668,0.00608,-0.3294,0.2592,0.22838,-1.11963,-1.03494,2.9735,-0.28053,-1.55709,0.69472,0.18692,0.85722,-0.68609,-0.51922,-0.35323,-0.41303,-0.69255,-0.14609,3.34113,0.04759,-0.36244,1.59136,1.04573,-0.92957,0.84563,-0.83132,-0.19706,0.82444,-0.90412,-1.02834,-0.70342,0.45747,-0.59307,-0.49645,0.44656,-0.37648,-0.46372,-0.26987,-0.13682,0.93646,1.4047,-0.49787,-1.1729,0.28572,0.15882,-0.11114,-0.28284,-0.49495,-0.36942,-0.49082,-0.823,-0.58864,4.21588,0.21488,-0.23315,0.88379,1.30597,-0.84364,-0.05186
-0.97622,-0.09506,1.41384,-0.83036,-0.71083,-0.69262,-0.49752,-0.53269,0.90632,-0.74308,-0.14182,0.09258,-0.27213,-1.18508,-0.09673,2.32769,-1.30449,-0.48602,0.07251,0.3222,0.87233,-0.75984,-0.74812,-0.34213,-0.60505,-0.70261,-0.49487,0.40442,1.31492,-0.46943,-0.64207,-0.2169,-0.89469,-0.10141,-0.74279,-0.53814,-1.10378,-0.96804,-1.12893,-0.71945,-0.33502,-0.49033,-1.28797,-1.06916,0.03676,-0.65185,1.14546,-1.10782,-1.21258,-0.48114,0.37962,-0.57931,-0.71586,-0.77616,-0.72294,-0.83411,-0.71452,-0.19425,-0.55762,-0.85942,-0.48884,0.07415,1.06114,-0.81151,-0.47329,-0.07854,-0.93652,0.55497
0.13592,-0.20673,-1.07385,-0.6995,-0.78201,-0.58041,-0.04997,-0.39021,0.38334,-1.31267,-0.62172,-0.24432,0.01798,0.04288,0.87396,0.43586,-1.67127,1.99625,-1.05168,-0.43783,0.32345,1.30607,-0.29243,-0.59641,-0.22669,-0.0672,-0.51302,0.25063,-0.40718,0.00459,0.03571,-0.58236,-0.7347,-0.62738,-0.49969,0.1814,0.22238,-0.79147,0.10403,-0.70336,-0.01565,-0.53066,0.81214,-0.66203,0.6166,-0.89809,0.65558,-1.24327,-0.25791,0.72377,0.77971,-0.01119,0.47502,-0.14444,1.21646,1.02098,0.1949,-0.49873,-0.07915,-0.24975,-0.00524,0.43064,-0.04437,-0.05486,-0.4372,-0.81222,-0.66117,-1.03907
1.37377,-0.85715,0.53252,0.68835,0.79024,0.80775,0.93834,1.80904,-1.37538,-1.10651,0.05004,1.401,0.73405,1.5464,-0.74833,0.5602,-0.83075,0.76962,-0.01713,0.02581,0.05336,-0.98249,-0.2767,-0.0459,0.72673,-0.28732,-0.63912,-0.21445,3.60904,2.4747,-0.35478,-0.23452,-0.66951,2.5708,2.78008,-0.64247,0.03994,1.58093,1.41107,1.4994,1.77922,2.21325,0.96528,2.08149,0.57363,-0.32113,-0.3816,0.51385,0.0139,1.01795,0.75053,0.26236,2.50036,1.94476,-0.63003,-1.04391,0.15768,-0.09968,0.64924,-0.05837,-0.7251,0.01113,4.15959,2.88378,-0.54837,-0.09084,-0.56374,3.87425
2.95718,-0.25814,0.15738,0.87411,1.41543,0.54889,-0.8968,0.27427,0.52182,-1.37719,0.20528,-0.04697,-0.41236,-0.01955,-1.47341,-0.1637,-0.33993,-0.05715,-2.07846,0.09329,-0.824,-0.58464,-0.47918,-0.31299,-0.07695,-0.27081,-0.05808,-0.22456,-0.16638,-0.94554,-0.07533,0.18207,-0.77282,-0.97167,3.17681,0.00692,-0.39486,0.87294,0.11122,0.85558,-0.92817,0.66455,-0.29708,0.7839,-0.0064,-0.56011,-0.12804,0.15876,-0.66302,-0.72774,-0.99888,-0.1976,-1.67034,-1.29211,2.57337,-0.48336,-0.44919,-0.56765,-0.15011,-0.30353,0.31004,-0.35593,-0.14879,-0.79484,0.41069,1.22677,-0.63886,-0.48694
0.71293,-0.53052,0.64686,0.51763,-0.28569,1.18094,-0.62335,2.09058,0.3589,-0.67068,0.05594,0.27585,0.50724,0.36102,-1.33052,-0.18611,0.37423,0.86947,-0.84364,-0.06406,-0.16645,-0.26104,-0.52586,0.0458,0.47126,1.56141,1.03987,-0.73769,-0.83132,-0.82864,-0.51589,-0.33261,-0.57052,-1.38269,1.77251,-0.56008,-1.34738,1.91092,1.02854,1.84263,-0.60578,2.38092,-1.02222,0.35426,-0.40176,-0.54241,0.26751,-0.33835,-1.19563,0.59864,-0.54457,-0.55806,-0.17502,-0.39281,-0.65549,-0.64659,-0.52259,-0.35033,-0.41402,-0.01137,0.97867,-0.58643,-0.713,-0.87325,-0.78497,-0.65699,-0.66939,-0.97035
-0.92593,-0.51861,1.05922,-1.07325,-0.87478,-0.80297,0.18072,-0.61912,0.34735,-0.16602,0.07195,1.18577,-0.4957,-0.18643,-0.83548,0.35935,0.18798,0.82169,-1.40049,-0.78885,0.30357,1.57139,-0.41224,-0.3842,-0.53847,-0.83226,-0.70506,-0.68077,-0.10269,0.70083,0.412,0.84225,0.42458,-0.13114,-0.61506,-0.88731,-0.89182,-1.00217,-0.94149,-0.76493,-0.65346,-0.6072,-0.83834,-0.35369,0.39796,0.47513,-0.62974,-0.86196,1.27532,0.22556,0.05349,0.633,-0.30501,-1.38002,0.97081,1.76599,-0.59092,-0.48504,-0.39094,-0.92741,-0.55528,-0.69983,-0.14754,1.54428,0.34229,0.75841,0.05685,0.01857
1.67098,0.22948,-0.0955,0.11027,0.33351,-0.30718,-0.52814,-0.65036,0.96856,-1.03937,0.60171,-0.47813,-1.7183,0.15756,-0.48814,0.11366,0.01455,-0.70602,-0.5073,1.33485,-0.72236,0.47377,-0.58943,-0.69195,-0.37799,-1.00634,-0.19989,2.42517,-0.52308,-0.83071,-1.05472,0.26617,2.25273,0.15321,0.51543,-0.27956,-0.88645,-0.91597,-0.38107,-0.68091,-0.4472,-0.66804,-0.99333,-0.95476,-1.00959,0.62497,-0.91537,1.25584,-1.01579,1.30496,-0.41952,-0.34482,-0.33027,0.63001,-0.35865,1.40898,-0.51123,-0.69776,-0.29445,-0.82715,0.23048,1.20421,-0.70671,-0.77627,-0.93601,0.75353,1.863,-0.4736
-0.02978,-0.0869,-0.97098,-0.46905,-0.95444,-0.22836,-0.60948,-0.34101,0.791,-1.25447,0.70583,-1.35199,-0.90906,0.67854,-0.33094,-0.16204,-1.30565,0.71417,-1.91002,2.64516,-1.17299,-0.90375,-0.2717,-0.55369,-0.5016,-0.30403,-0.44133,2.0269,-0.11937,-0.71843,-0.50077,-0.14568,0.26226,-0.51005,0.36823,-0.24256,0.79065,-0.808,-1.10538,-0.67614,-0.88715,-0.25508,-0.6574,-0.18513,0.28504,-0.6198,-1.08045,2.72918,2.11043,1.76255,-0.94627,-0.87892,0.83494,0.12621,-0.58181,-0.83019,-0.12386,-0.57419,-0.44364,0.18316,-0.82345,2.84577,-0.56222,-0.79787,-0.39228,0.1242,0.85326,0.32422
1.21323,1.71331,-1.41041,0.16175,1.39513,-0.61765,0.64864,-0.70298,0.96799,-0.98878,0.18816,-0.3206,-1.69177,-1.14967,-0.91581,0.88875,0.00179,1.06392,-1.53831,0.62923,-0.47467,0.05422,-0.5534,-0.60541,-0.66914,0.32957,0.25102,-0.5715,0.14006,-0.49656,-1.07023,-0.72831,0.28381,-0.38399,-0.00519,2.45915,1.84828,-0.26163,0.09282,-0.79129,0.02254,-0.67005,0.7074,-0.57406,0.32766,-0.44299,-0.50969,-0.35868,-0.80225,-1.86327,-0.87918,-0.45001,-0.66162,-0.31474,0.02139,1.08403,-0.34429,-0.53349,-0.58958,-0.15703,1.81628,-0.37175,0.97746,-0.55897,-0.78986,-0.9879,0.76139,0.15851
1.64261,2.21555,-1.6312,0.91351,0.46071,0.19744,-0.70887,-0.33159,1.37794,-0.98231,0.89235,-0.4784,-1.38725,-0.64782,-1.52032,0.12249,-0.47589,-0.92016,-0.90403,-0.17553,0.67927,-0.34651,-0.53775,-0.43389,-0.07796,1.37842,-0.31759,-0.48706,0.26632,-0.90909,-1.29132,-0.82414,2.34159,0.36028,0.74769,1.89838,1.27724,-0.43194,-1.32871,-0.165,-0.58322,-0.05016,-0.57717,-0.74043,-0.17521,0.98262,-0.74092,0.88629,-0.40696,0.1954,-0.90794,-0.70022,-0.38504,0.19587,3.47515,-0.00405,-0.41694,-0.56865,-0.29914,1.12595,-0.13213,-0.2031,1.09878,-0.72359,-0.89765,-0.99907,3.13952,0.28614
0.51372,0.79377,-0.92815,-0.03426,0.34632,-0.28029,-0.19542,-0.47792,1.28071,-1.05451,0.58194,-0.57516,-0.44616,1.2923,-1.08914,-1.05004,-1.31229,0.22375,-1.21497,2.11214,0.32724,-0.39154,-0.74067,-0.55453,-0.40967,0.78107,0.60328,1.59231,0.51926,-0.92757,-1.07101,-0.72379,0.19362,-0.43276,-0.47233,0.88019,0.88879,-0.8602,-1.22811,-0.58108,-0.24308,-0.37825,-0.88886,-0.83798,0.50892,-0.26748,-0.58167,0.85567,0.96017,-1.32381,-0.58707,-1.08528,-0.50956,1.96224,-0.78897,-0.60084,-0.78072,-0.60426,-0.41689,0.78307,0.6973,1.7652,0.35145,-0.8871,-0.75994,-0.9638,0.07101,0.21914
-0.7583,1.69124,0.96153,-0.96608,-1.44672,-0.74767,-0.39086,-0.54339,1.57071,-0.74061,-1.08327,-0.10374,-0.62969,-0.36456,-0.0377,0.81196,-0.68548,-0.96368,0.11526,-0.95756,2.75664,-0.65745,0.7024,0.20025,-0.45586,-0.93588,-0.31983,-0.96613,-0.88408,-0.49262,-0.38353,-0.73257,-0.54231,-0.73793,-0.29815,0.49594,-1.20939,-0.83115,-0.2161,-0.84003,-1.07637,-0.63278,-1.12807,-0.56927,-1.38329,-1.13033,0.55427,-0.08071,-0.29877,-0.64672,-0.34166,-1.0736,0.18754,-0.09147,-0.38227,-0.49775,0.4466,0.13068,-0.28984,-0.48128,0.03266,-0.86927,-0.79491,-0.54976,-0.32562,-0.90137,-0.27782,-0.75345
-1.03231,2.17991,0.93502,-0.63203,-0.61454,-0.43133,-0.3211,-0.69443,1.47463,-0.21382,0.936,-0.69082,-1.01774,-0.66135,-2.29887,1.64774,-2.44876,-0.66309,-0.14333,-0.27692,1.58379,-0.89917,-0.49615,-0.32472,-0.16788,3.03144,-0.17845,-0.66138,-0.82814,0.37827,-0.91777,0.71381,-0.54365,-0.50367,-0.23164,2.13903,-0.98052,-0.43828,-0.59816,-0.44068,-0.54078,-0.62799,-0.36778,-0.53883,0.7791,-1.27833,-0.74345,-0.09893,0.26203,-0.56302,-0.49076,-1.61397,-0.25853,-0.32832,-0.0476,-0.98589,-0.45483,-0.58877,-0.05014,3.51883,-0.22588,-0.56274,-0.70233,0.71541,-0.67087,0.62392,-0.70917,-0.44244
-0.16968,0.82025,0.44888,-0.63144,-1.01333,-0.55003,-0.79382,-0.4146,1.44214,-0.90589,-1.20154,0.26475,-1.2197,-0.40774,0.38893,0.58665,-1.20629,-0.60687,-0.77478,0.1767,-0.37573,2.28957,-0.70339,-0.55027,-0.66713,-0.73029,-0.0872,-0.71644,-0.63447,-0.61087,-0.22281,-0.36752,-0.64957,-0.58896,-0.85984,0.80278,-0.09835,-0.91529,-0.38001,-0.70147,-0.48683,-0.52549,-0.53509,-0.70692,0.31899,-0.17039,-0.45147,0.55847,-0.37316,-0.43273,-0.09721,0.89264,-1.16542,0.06912,-0.15377,2.51482,-0.72361,-0.60791,-0.67589,-0.89358,-0.33649,-0.51566,-0.45153,-0.57498,-0.11794,-0.44663,-0.68769,-0.41749
-0.9472,4.45004,-1.22068,-0.60896,-0.55293,-0.50485,0.24429,-0.66961,1.57671,-0.31925,1.06883,-1.83011,-1.23892,-1.03736,-1.48429,0.76128,-1.57531,1.37034,-1.81805,2.64327,-0.22429,-0.66421,-0.742,-0.62424,-0.7203,-0.95367,0.10848,1.4833,-0.12355,-0.14017,0.57668,-0.47739,-0.73238,-0.60398,-1.072,4.27544,-1.04206,-0.76667,0.1671,-0.63791,-0.63165,-0.55941,-0.30562,-1.0217,1.97201,0.59647,-0.93576,0.26664,1.67171,-0.02144,0.82372,0.79986,1.59146,3.01694,0.57,-0.09687,-0.57533,-0.59746,-0.52213,-0.93739,-0.2295,1.09022,-0.44585,-0.34189,0.27966,-0.27081,-0.59133,-0.44536
-0.79247,2.92661,-0.16129,-1.23404,-1.5835,-0.81799,-0.39931,-0.44583,1.56686,1.43363,-2.18253,0.01429,0.01915,-0.57463,-0.36271,1.19565,-0.24875,-1.10086,-1.381,1.22619,0.6297,0.46294,-0.21632,-0.39795,-0.34093,-0.83315,-0.61304,-0.40299,-0.40099,2.23202,-0.91617,-0.66328,-0.83234,-0.22702,0.00327,1.02413,-0.19324,-0.31823,-0.40794,-0.60143,-0.28086,-0.60654,-0.55543,0.83376,-1.1525,0.91733,0.01176,-0.63071,2.25898,1.59782,0.2951,-0.66694,1.16951,1.34077,-0.05934,0.46432,-0.56499,-0.51535,-0.45222,-0.71074,-0.66826,-0.69377,-0.58765,2.55272,-0.7415,-1.07502,-0.94666,0.68178
-0.02784,2.27953,-0.26196,-0.39106,-0.11511,-0.61572,-0.12118,-0.50317,1.32099,-0.68866,-1.40569,-0.35629,0.71235,0.35659,-0.7563,-1.74127,-0.61144,0.89647,0.4433,1.02459,-0.25795,-1.2071,-0.85655,-0.7195,-0.8334,0.64559,-0.47144,1.59101,-0.35595,0.62432,-0.14081,-0.51427,-1.02362,-0.12409,0.03679,2.28005,0.84487,-0.63135,-0.54148,-0.62845,-0.82554,-0.70051,-0.51676,0.57509,-0.69842,-0.94489,-0.96325,-0.22043,-0.4518,0.82869,-1.34599,0.26113,0.73758,-0.4409,-0.10467,-1.0637,-0.70667,-0.69047,-0.64524,0.3343,-0.49458,2.14393,-0.49603,1.30222,-0.07263,-0.70466,-0.83563,-0.38554
0.94503,0.17257,0.50094,0.59518,0.63485,0.13419,-0.56448,-0.39406,0.59425,-1.68849,-0.13108,-0.24743,0.35247,1.43739,0.09743,-2.20834,0.1926,0.00507,-0.05744,1.33267,-0.06777,-1.1306,-0.81399,-0.43626,-0.45759,-0.47083,-0.56697,0.75665,1.88299,-0.77372,-0.78477,-0.72,-1.03861,0.34407,-0.45758,0.51698,-0.40657,-0.06051,-0.26795,-0.19735,-0.66083,-0.33253,0.26836,1.377,0.28414,1.43441,1.19521,1.06721,-0.69,-0.63585,0.64461,1.76065,1.97224,-0.52459,-0.81688,-1.02979,-0.71605,-0.66309,-0.44377,-0.53368,-0.82896,-0.38821,1.60883,-0.81209,-0.80482,-0.7332,-0.98845,1.28455
-0.43852,-0.01761,-1.00709,-0.3516,0.13303,-0.66251,1.98323,-0.60628,-0.39322,0.3787,-0.19289,1.19826,-0.85945,-1.19141,0.44472,0.01943,0.6108,-0.00036,-1.14591,-0.17014,0.33712,-0.56791,-0.70174,-0.31052,-0.10178,2.40356,0.53739,-0.1885,-0.54855,-0.8437,-0.57904,-0.55747,3.77594,0.11052,-0.63746,0.28139,0.81738,0.63403,2.4247,-0.44916,1.04202,-0.52522,1.47441,0.85741,1.29238,-0.17409,2.38117,0.73571,0.3293,-1.04998,-0.95804,1.20662,0.76865,1.02005,1.14326,-0.61378,-0.4905,-0.31714,-0.08643,0.79611,0.25965,0.41538,-0.33488,-0.88059,0.4402,-0.903,3.39178,0.60523
-0.88209,-0.26411,-0.03347,-0.50311,0.58094,-0.81136,2.47619,-0.73079,-1.35323,0.67397,0.27398,1.59433,0.73043,-1.35902,0.57446,0.76252,-0.16777,0.44728,0.18278,-0.09167,0.69996,-0.62697,1.84663,5.30699,0.81246,-0.41303,-0.4752,-0.97809,-0.40873,-0.65903,3.00053,-0.08444,-0.61171,2.59526,-0.58715,0.98174,1.23198,-0.17274,1.4809,-0.72988,2.0083,-0.57986,2.45959,0.57443,1.7684,-0.57156,-0.28577,1.56537,-0.05901,-0.44777,-0.42369,0.07137,-1.06432,0.82047,0.49175,-0.63759,2.86038,3.93812,-0.44928,-0.37887,-0.49425,-0.75554,-0.07579,-0.2732,3.7547,0.49327,-0.54278,1.32465
0.15461,-0.69424,0.64882,3.00377,3.28792,1.61453,-0.32101,2.36613,-1.91841,-1.82762,1.63603,0.71768,0.79384,0.52842,0.10091,0.24212,0.82078,-0.16923,-0.36844,0.11571,-1.00605,0.02184,5.00749,2.14508,1.17648,1.28337,1.13226,-0.4258,0.21522,0.18484,-0.38662,0.59596,0.89085,2.68364,-0.22341,0.11585,1.20852,3.54217,1.49809,1.99386,-0.08484,2.98064,2.22387,1.05466,-1.08763,2.14392,0.55631,-1.45413,-0.36899,-1.72644,-0.2273,-1.13581,-1.53881,-0.64073,-1.02808,0.73429,4.08846,2.43258,1.33471,0.50041,0.60765,-0.55927,-0.02665,0.47133,-0.39579,1.06075,1.55658,1.15401
-0.62098,-0.02831,0.50451,-0.56376,-0.22201,-0.71626,0.02902,-0.61869,0.53153,0.1523,-0.54423,-0.56766,-0.2375,0.12943,0.90432,-0.80987,0.45252,-0.93056,1.03825,0.9052,-0.49513,1.75916,0.81041,0.04335,-0.63436,-0.77007,0.24832,-1.00156,-0.62757,0.29106,-1.33601,-0.84485,0.12874,-0.05891,-0.67669,-0.0289,-1.24571,-1.40178,-1.09632,-0.78636,-0.02532,-0.67511,-0.75501,-1.00771,-0.53751,0.322,-0.5146,-0.6613,-0.98064,-0.09828,-0.81603,0.11923,0.39233,-0.84428,0.78846,1.62362,0.22046,0.11588,-0.44821,-0.41952,0.45711,-0.81384,-0.47777,0.59543,-0.97559,-0.98122,1.10409,-0.60439
-0.10263,-0.64528,-1.79204,-0.31829,-0.20526,-0.42323,-0.46491,-0.65335,-0.22299,0.20132,0.58642,-0.26315,-0.41552,1.12967,0.11916,0.20786,0.50374,-0.99446,0.08651,0.35259,-0.29114,-0.22312,2.20656,1.00135,1.08852,-0.20521,-0.47946,-0.57502,-0.63628,-0.42387,-0.14633,-0.2847,-0.64679,0.03682,-0.62589,-0.56391,1.61176,-0.26595,0.28719,-0.43899,-0.25681,-0.64253,0.19986,-1.5342,1.20635,0.61579,-0.62912,-0.51989,0.2409,1.00567,-0.083,0.67332,0.14937,-0.54872,-0.6489,-0.57009,0.47679,0.61172,0.32323,0.29662,-0.13571,-0.47657,-0.58603,-0.7011,-0.1621,0.12368,-0.54703,-0.12501
0.57497,-0.21645,1.62952,0.71467,0.0555,1.07039,-0.95691,1.19291,0.41144,1.10122,-0.62243,0.69354,-0.44386,-1.36546,1.41323,-1.05411,0.50156,-0.65743,1.17661,-0.03644,0.5247,0.2378,-0.03499,-0.13242,-0.26362,-0.5912,-0.38764,-0.10608,-0.45879,0.55582,-1.02678,-0.5152,-0.49873,-1.01068,0.6429,-0.80142,-1.51841,1.08729,-0.4804,1.36409,-0.97109,1.34713,-1.03948,-0.7316,0.33903,-1.47607,-0.48154,-1.18578,0.34645,0.11826,-0.04441,0.8377,-0.10607,-1.32235,-0.69824,-0.22855,0.21658,-0.43993,-0.29444,-0.5809,-0.43879,-0.00812,-0.624,-0.00901,-0.54265,-0.70374,-0.75271,-0.59873
-0.90659,-0.39344,0.07303,-0.48143,-0.48007,-0.38051,-0.70572,-0.61185,0.21281,0.58969,-0.38419,-0.0136,-1.36071,0.57957,1.73075,-1.33485,0.44314,0.53397,-0.89352,0.86882,1.49,1.67289,1.17237,-0.46388,-0.64781,0.59861,-0.37442,-0.57565,-0.71236,-0.4044,0.58255,-0.42367,-0.62148,-0.33073,-0.68071,-0.76582,0.36893,-0.52559,-0.06638,-0.3108,-1.22966,-0.67248,-0.68442,-0.96448,-1.6386,-0.92367,-1.05814,-1.00368,-1.20076,0.44954,-0.39553,-0.00135,1.86338,-0.97839,0.08366,0.24,-0.18205,-0.5072,-0.53049,-0.2329,-0.35205,-0.44214,-0.74645,-0.17811,1.05897,-0.78147,-0.43979,-0.46415
-0.54168,-0.83286,-1.78122,-0.81492,-0.33646,-0.75421,-0.19585,-0.58275,-1.25607,0.23526,-1.01801,0.30983,1.55048,0.94325,0.53985,-0.71167,-1.56229,1.75236,0.61093,0.3433,-2.0694,-0.40006,-0.11811,-0.22658,-0.13576,0.83919,0.44885,-0.37992,1.22027,0.06646,-0.76868,0.09583,-0.63875,-0.10352,-0.75002,-0.74522,-0.51986,-0.39762,1.29722,-0.69079,0.03681,-0.64407,0.08182,-0.0606,0.99919,-0.77956,0.507,-1.22254,-1.19267,-0.17532,3.19714,1.36194,2.02608,-1.44253,-0.53698,-0.09526,0.21146,0.16783,-0.00468,1.13784,-0.31539,-0.22936,0.02132,-0.13533,-0.4261,1.30075,-0.70698,-0.93812
-0.67578,-1.02286,2.52475,0.35219,2.08462,-0.51019,0.04023,-0.63666,-3.24995,-0.94129,1.29712,1.51174,1.67585,1.00265,0.01469,0.34693,0.10747,-0.03657,-0.7471,0.0988,-1.6741,-0.32708,1.87302,2.28531,3.44296,1.42792,3.06959,0.18587,0.37995,0.74399,0.93429,0.20541,-0.3164,0.40082,-0.99963,-1.14079,-1.59728,-1.16535,-1.57803,-0.79711,0.96424,-0.65679,-1.32451,-1.3166,-1.49109,-1.2589,-1.85792,-1.76178,-1.16296,-1.74222,-0.59967,-1.51152,-0.70061,-0.84054,-0.89844,-0.53913,0.7722,1.24146,2.42549,0.42069,1.75261,-0.40583,-0.24314,-0.68196,0.34631,-0.01815,-0.60626,-0.43343
0.72454,-0.27528,-0.61529,0.58374,0.57437,0.31691,-0.65313,-0.18055,0.50779,-0.69006,0.81896,-1.87835,0.5517,-0.89619,0.48875,1.09844,-0.39073,-0.75231,0.88433,-0.59067,-0.35823,-0.28702,-0.4957,0.83267,1.48388,-0.08103,-0.70901,-0.95555,-0.86081,-0.98859,-0.10484,-0.15195,0.36623,-0.92111,-0.27764,-0.32323,0.56518,-0.75362,-1.61146,-0.0283,-0.44016,0.01297,-0.41351,0.19866,1.07424,1.721,-0.68405,1.26895,-0.01482,0.598,-0.33717,-0.68518,0.41256,-0.5833,-0.62587,-0.45843,-0.51753,0.81251,1.08076,-0.06075,-0.55798,-0.91304,-0.79464,-0.80317,-0.42916,-0.22706,0.21432,-0.5093
-0.77378,-0.59009,0.42801,-0.97156,-1.1111,-0.75424,-0.15078,-0.4822,-0.45908,0.0739,-1.17421,0.75818,2.55933,0.43568,-0.04238,-0.92274,0.23871,0.55014,-0.06054,-1.23632,-0.8064,0.4848,-0.16987,0.20801,0.23942,1.09965,-0.02133,-0.57897,0.12614,0.36228,-0.83535,-0.03976,1.43527,-0.43394,-0.84804,-0.46853,-0.43028,-0.36143,1.3389,-0.64445,-0.29575,-0.64936,1.24805,1.32366,1.10196,1.45723,0.56691,1.1878,0.09649,-0.98128,0.42751,1.40142,-1.12939,-0.71919,-0.56667,0.85675,-0.54509,0.77547,0.97364,2.50561,0.23267,-0.52832,0.2447,-0.33208,-0.70285,-0.13885,0.29995,-0.69746
-0.8131,0.6413,0.6078,-0.867,-0.65351,-0.7551,0.11577,-0.68587,-0.00155,0.61299,0.1818,1.94722,-1.23012,-0.32893,-0.60597,-0.53641,1.78305,-1.2574,-0.08238,0.24231,-0.39707,0.33091,1.30853,-0.22546,0.6171,0.31092,-0.34214,-0.37236,0.02184,0.5885,-0.87072,-0.46737,1.1462,0.12817,-0.72539,1.72128,0.39574,0.40135,1.70805,-0.52826,0.50594,-0.62577,2.86147,0.95363,0.58802,-1.58449,1.46885,-0.95887,-0.96357,0.88585,-0.29029,0.4556,0.41525,-0.27317,-0.42808,0.22817,2.80565,-0.19016,0.58567,0.33791,-0.16081,-0.46161,0.29635,1.71608,-0.69696,-1.07486,0.77996,1.2853
0.43184,-0.49446,-0.07771,0.38744,-0.69753,1.2068,-0.46449,0.93105,-0.2742,-0.56869,-0.27493,0.52505,1.88457,-1.91362,1.36376,-0.98521,1.2957,0.07923,0.67689,-2.34876,0.25793,-0.35725,0.49535,0.3566,0.37323,-0.10549,-0.65058,-0.5519,-0.40299,-0.6693,-0.71801,-0.25348,-0.55531,-1.00739,0.15425,-0.2343,-0.98016,0.57576,-1.01114,1.22693,-0.4027,0.76574,1.73119,-0.10731,1.48411,-0.62484,-0.21686,1.32041,-0.24417,1.41362,-0.91186,-0.17415,0.78444,0.42843,-1.26662,-0.28597,0.57833,-0.30017,0.67596,-0.15207,-0.50115,-0.48537,-0.71777,-0.74561,-0.85053,-0.30274,-0.82492,-0.44438
-1.53841,-0.64966,0.78035,-0.5941,0.28554,-0.77174,1.74118,-0.72095,-0.85338,0.10228,0.44668,1.64235,-0.24279,1.52528,0.21017,-0.87564,0.04875,0.35134,-1.21307,1.31167,0.03649,-0.44909,1.21196,-0.02707,1.25792,-0.33888,2.52369,-0.35128,-0.67837,-0.64925,-0.17983,6.46713,-0.38084,2.60165,-1.1442,-0.6409,0.15436,-0.73877,-0.46564,-0.79195,1.14635,-0.60484,1.1404,0.63349,-0.2833,-0.87216,0.68109,0.35604,-1.1867,0.17075,-0.48529,-1.01401,-1.35874,0.74245,-0.24992,0.37804,3.05192,0.63161,2.50405,0.57188,2.05572,-0.08053,-0.56791,-0.26143,0.01104,4.03744,-0.15064,-0.78125
-1.24119,-0.18091,0.48723,-0.8106,0.25955,-0.76047,-0.21376,-0.56735,0.422,0.85254,-0.93881,0.62159,-0.00034,-0.06367,-0.2782,-0.38017,2.02104,-1.56844,-0.54675,-0.0577,-0.66103,-0.65369,-0.46168,-0.5013,-0.69458,-0.7563,-1.00874,-0.77982,-0.71335,-0.94477,2.05131,0.69394,0.69435,-0.15812,-0.60425,-0.30429,0.06399,-0.19788,0.72691,-0.61645,-0.67549,-0.53632,-0.60996,0.33095,-1.17398,0.21821,2.17847,-0.17959,-1.19353,-0.54971,0.39463,-0.6892,-0.45442,-0.99457,-0.40243,-0.82137,-0.32351,-0.49336,-0.59328,-0.71349,-0.90337,-0.78146,-0.58686,-0.78133,0.97208,0.3627,0.78156,-0.64294
-0.53974,-0.74435,-0.89536,-0.5936,-0.0952,-0.71252,0.04384,-0.55836,-1.08658,-0.11648,-1.21308,0.77096,2.07307,0.6115,0.80089,-1.68964,-1.85977,2.93644,1.14597,-0.11247,-1.44141,-0.64883,-0.41649,-0.32383,-0.52954,-0.5939,0.19678,0.58255,0.43645,0.71781,-0.80342,-0.08347,-0.35344,-0.30862,-0.85504,-0.56651,-0.63808,0.22153,2.2162,-0.59119,0.55829,-0.70725,0.45423,-0.43151,0.56743,-0.51432,-1.03648,-0.75089,-0.4718,-1.53021,1.39706,0.4217,-1.60376,-0.56614,-1.55253,-0.37176,-0.1704,-0.25647,-0.31889,-0.25992,-0.5235,1.44085,0.71865,0.15476,-0.48607,0.66343,0.17532,0.0362
-1.49779,0.63376,-0.98401,-0.94286,-1.02638,-0.73425,4.02851,-0.77743,-0.14321,0.85443,1.81611,-0.13739,-1.16956,0.02649,-0.73623,-0.21508,0.50003,-0.54542,0.78207,0.7188,2.7096,0.78713,-0.53939,-0.23313,3.87326,1.63184,0.66402,0.96762,1.05907,-0.72047,-1.35867,-0.83708,0.16608,1.12306,-1.07601,1.23528,-0.04706,-1.21821,-1.00895,-0.8535,4.00903,-0.63181,0.5987,0.16249,-0.07644,-0.93025,-0.28686,0.78243,1.38556,0.85267,2.45802,-0.50138,2.19464,-0.37287,1.96216,0.73156,-0.18296,0.39596,5.18525,1.36753,0.30066,1.20179,1.24479,-0.5127,-1.00726,-0.90087,1.09997,0.14252
-1.149,-0.14868,-0.98035,0.36989,1.78757,-0.63334,2.94332,-0.7984,-1.17648,-0.38167,2.18357,-0.05395,-0.67492,1.17502,-2.34408,1.65551,0.42426,0.56932,0.80001,-0.34445,-0.29243,-0.85738,-0.53399,1.27399,0.83506,0.29924,-0.40138,1.55068,0.20004,-0.55236,-0.91358,0.06746,4.02683,1.4267,-0.97567,0.62675,2.34738,-0.43158,0.58334,-0.69299,2.3718,-0.6972,1.43579,-0.51424,-1.27532,0.81482,1.67633,0.40482,1.14229,-0.24968,-0.86354,-1.11172,0.7853,-0.31698,-0.3209,-0.71958,-0.08363,4.02429,1.96087,1.56004,0.06814,1.6559,1.18944,-0.00643,-0.51108,0.78509,2.58209,-0.18278
-0.97557,0.1977,-0.97072,-1.10392,-0.60306,-0.87617,1.66541,-0.72866,0.17964,1.28729,0.26639,-0.46828,-0.778,-1.224,-1.35287,0.86527,1.6813,0.35736,-0.08272,-0.38649,-0.95935,-0.76932,-0.31296,0.5027,-0.41123,-0.80139,-0.88577,-1.00923,-0.70745,1.86328,-0.6479,-0.78736,0.11789,-0.37786,-0.91635,0.39408,0.42661,-0.99586,-0.09799,-0.85222,0.89418,-0.64415,-0.1823,0.66999,-0.23745,2.7927,0.77997,1.39926,0.0346,1.29312,0.115,-1.20919,-1.04158,1.37065,-0.18114,-0.75307,-0.38875,-0.04882,-0.54133,-0.48745,-0.70976,-0.92136,-0.75602,1.21671,-0.33282,-1.01035,0.1152,-0.15716
-0.88789,-0.01068,0.45028,-0.52457,-0.36387,0.00748,-0.05938,0.15618,0.57146,1.29562,-0.50123,-1.1785,0.20034,0.41019,-0.03196,0.78326,0.79692,-1.43407,-0.46287,-0.40739,1.79928,0.54671,0.04013,0.23102,-0.1256,-0.12723,-0.12507,-0.42796,-0.72779,-0.42461,-0.76414,-0.45888,0.56406,-1.16888,-0.2632,-0.06988,-0.61099,0.14851,-0.39556,0.99236,0.14149,0.79217,-0.71494,-0.2794,-0.99268,1.64318,0.06968,1.08155,2.12813,-0.93746,1.51054,-0.54661,-0.14815,0.67592,-1.24613,0.21836,-0.37929,0.32645,-0.39881,-0.77799,-0.623,-0.78817,-0.67585,-0.71822,-0.41561,-0.53858,-0.21132,-1.07883
-0.01624,-0.49424,-0.32941,0.55284,-0.26003,0.8674,-0.21345,0.26828,-0.34362,0.7136,-0.56964,-0.29498,0.35624,0.5281,0.49616,-1.86668,0.17105,1.67306,1.01142,-0.81218,-0.0296,-0.27803,-0.73607,-0.58909,-0.58505,-0.72522,-0.38962,-0.67773,-0.74656,-0.6118,0.0634,0.85969,0.1795,-0.8634,-0.59315,-0.20609,0.00706,0.95978,-1.99102,1.74815,-0.1174,0.97736,0.23985,-1.2443,-0.16084,-0.42677,0.12038,-0.26994,1.31151,-0.90361,0.94988,0.13967,0.53962,0.25167,0.45302,-0.15541,-0.63133,-0.41957,-0.53599,-0.64552,-0.42961,-0.66578,-0.65604,-0.539,-0.22173,1.58994,0.64553,-0.25333
-0.46754,-0.58301,-0.65879,0.10323,0.7385,-0.32955,0.13634,-0.61655,-0.97157,0.6169,0.12448,0.45236,-0.27039,0.22569,0.96115,0.04855,0.42195,0.413,-1.4925,-1.63506,0.84013,0.73892,0.35425,-0.0731,0.04152,-0.03956,1.15197,-0.80354,0.0195,-0.47702,2.0966,0.63923,-0.30261,0.0757,-1.20273,-0.16567,2.81434,-0.16397,-0.68389,-0.37524,0.25332,-0.62416,1.6418,1.18278,0.38093,-0.17442,0.70426,-1.15426,0.28818,-0.72862,-0.191,-1.39015,0.06128,2.05921,1.7937,0.28181,-0.5869,0.7488,0.39572,-0.00153,3.96074,-0.67248,0.5649,-0.24544,0.76471,0.49463,-0.45003,-0.37059
-1.12643,-0.30397,-0.23355,-0.79663,-0.06958,-0.76883,0.39571,-0.71881,-1.072,2.047,0.98434,-1.64023,-0.63423,1.74845,-0.3299,0.3534,0.31192,-0.71113,1.06326,-1.2958,0.67538,0.97032,0.01692,-0.03348,1.18582,2.04029,2.78849,-0.68404,-0.16018,-0.04845,0.79461,-0.41811,1.3993,-0.01839,-0.8254,0.24361,0.51717,0.10119,1.75563,-0.71037,1.02462,-0.64236,1.53231,2.15289,-0.01045,2.24269,1.05802,0.03673,-0.02396,-0.74062,-0.70989,-0.10975,0.36052,1.30155,2.02301,-0.28179,0.07265,-0.46145,-0.149,2.8509,0.60159,-0.42671,0.56158,0.73806,2.98069,-0.08854,2.09871,0.32682
-0.48172,-0.04121,-0.60538,-0.28552,-0.45773,-0.57076,1.20758,-0.75732,-0.07282,1.11952,0.98717,-0.11628,-2.04572,0.93791,-1.32064,0.78718,1.69301,-0.44147,0.90235,-1.50466,0.27809,3.66222,1.64242,-0.40234,-0.74319,-1.13631,-0.91723,0.6307,-0.30122,-0.07336,-0.98352,-0.62955,0.0265,1.22006,0.3095,-0.87382,-0.16864,0.46029,0.24611,-0.47625,1.8991,-0.69845,-0.97239,-0.07431,-1.42411,-0.53099,-1.14232,-1.66928,-0.11823,0.15886,-1.25209,0.04859,-0.30168,1.55534,0.27527,4.41809,1.84663,-0.32145,-0.5652,-0.94505,-0.78944,0.82693,-0.1825,0.00615,-0.74862,-0.80355,0.28371,-1.01465
1.26288,-0.65386,0.24463,1.43852,0.86153,1.79061,0.1428,2.05849,-0.42302,-0.43072,0.75245,0.47601,0.07563,-0.19293,0.48996,-0.9613,0.08596,-0.04516,0.91643,-0.05302,-0.35981,0.66456,-0.17783,-0.45681,-0.45161,-0.76855,0.01309,-0.76222,-0.51144,1.39271,-0.45279,0.24869,-0.45792,-0.52652,1.73612,-0.60255,0.86731,1.61741,0.14385,1.8451,0.01881,1.82456,0.64401,1.44733,0.65681,0.56256,-1.06836,2.02849,0.99314,2.13803,0.59022,0.11593,0.38182,-1.12403,-0.95625,0.43398,-0.29503,-0.49293,-0.25353,-0.66931,0.79221,-0.77031,-0.5759,0.86199,-0.75176,1.76028,-0.62529,-0.21038
-0.22255,0.11084,0.46625,-0.70676,-1.15158,-0.61429,-0.47871,-0.47835,0.60698,0.39095,-2.2598,-0.26614,1.43421,-0.78571,1.11347,-1.06317,-0.42246,0.51808,0.02383,1.06657,-0.32741,-0.79228,-0.69015,-0.57899,-0.6469,-0.73063,-0.94099,-0.5151,-0.34869,0.47467,0.04799,-0.44963,-0.66262,-0.99411,0.31106,0.01037,-0.27974,-0.13684,0.3075,-0.5333,-0.00817,-0.64726,-0.71739,0.72054,-0.95974,-0.27911,-0.90223,0.77541,-1.25838,2.27086,0.72286,3.39845,-1.48367,1.73067,-0.91177,-0.51873,-0.43992,-0.49864,-0.63452,-0.66456,-0.92766,-0.34171,-0.36147,-0.17478,-0.13329,-0.71309,-0.7014,-0.81501
0.01471,-1.01681,1.29772,1.69987,2.65132,0.94373,-0.27069,0.38808,-2.85311,-1.61,1.79038,1.7925,1.53616,0.21733,0.58367,-0.37975,-0.00706,-0.34402,-0.63082,0.32799,-0.36963,-0.8257,1.97759,3.67227,1.35547,0.76983,4.42546,0.73507,-0.10902,-0.47001,1.11514,0.03293,-0.42596,1.02123,-0.13243,-1.12431,0.73464,0.01675,1.05893,2.14366,-0.15955,1.62199,-0.40508,0.57211,-1.6684,0.67278,-1.64782,-1.61224,-0.43607,-1.31961,-1.0477,-0.03594,-1.3643,-1.0057,-1.24664,-0.87946,2.11042,3.01957,0.41662,0.28132,3.94648,0.43339,-0.15766,-0.76893,0.64887,0.33294,-0.57124,0.88112
-1.05036,-0.5896,-2.90116,-1.1874,-0.73243,-0.90178,1.56995,-0.74834,-1.20616,2.55325,1.47669,-2.83608,0.07139,0.49538,-1.45237,0.33317,1.29531,1.94176,0.08215,-0.52663,0.04839,1.563,0.73744,0.24506,-0.39628,-0.94208,-0.93349,-0.85331,-0.64055,4.95802,-0.62845,-0.59562,0.22196,1.569,-0.73681,-0.51228,0.73343,-0.59217,-0.07227,-0.83887,1.80158,-0.62632,0.192,0.56253,0.91943,2.07693,-0.33241,-0.54802,1.31294,-0.5819,0.50219,-0.82491,0.56616,1.2454,-0.95131,1.23432,-0.18431,0.11962,-0.32738,-0.78251,-0.93945,-0.49651,-0.64039,4.02642,-0.77055,-0.4243,1.06192,1.0875
0.04308,-0.15506,-0.30864,-0.64552,-0.81236,-0.56906,0.03689,-0.57847,0.25079,1.43488,-1.39211,-0.47567,0.40204,-2.14569,0.74386,-0.15394,1.8483,-0.35863,-0.18108,0.40505,-0.13685,3.27415,0.44684,-0.51023,-0.81633,-0.39734,-0.79153,-0.86498,-0.33954,-0.73775,-0.25448,-0.37429,-0.39764,-0.13911,0.02841,-0.41726,0.44189,0.56239,0.86026,-0.32273,-0.5753,-0.63796,-0.40931,1.38091,-0.16743,1.44246,1.63039,0.45119,-0.42113,0.95383,0.61471,3.22903,-0.44683,-0.29527,0.99063,2.635,0.04787,-0.53045,-0.63345,0.03564,-0.89482,-0.78538,-0.40466,-0.82388,0.46388,-0.66038,-0.40934,-0.17178
0.10884,-0.63819,1.0016,0.8353,0.89733,0.69438,-0.64136,1.41839,-0.25826,0.69436,0.2484,-0.16979,-0.35523,0.07452,-0.05846,0.50413,-0.62767,-0.22365,1.52892,-0.11052,0.58049,-0.79319,-0.77066,-0.48378,-0.68302,0.82873,-0.46897,-0.44798,-0.0478,1.33666,2.54783,0.44138,-0.70005,0.31264,0.78174,-1.01224,-0.93814,0.96952,-0.61715,0.98463,-0.19225,1.91496,-0.98531,-0.69339,2.16054,-0.62945,1.32075,-0.24651,2.7206,0.53101,0.35876,1.88607,-0.45873,-0.58596,-1.09633,-0.77816,-0.72182,-0.47958,-0.61566,0.15279,-0.46422,-0.08657,0.05626,2.41982,-0.29755,0.08721,-0.84771,0.07968
-0.89111,-0.37988,0.55189,-0.78595,-1.16551,-0.5793,-0.28674,-0.67902,0.06152,0.48115,1.75553,-2.80146,-0.33915,1.11631,-1.56379,0.97429,1.7064,-2.10019,1.00891,-0.65144,-1.32563,1.09398,-0.51949,-0.60776,-0.74424,-0.95789,-0.33311,0.83206,0.59928,0.7759,0.35293,0.12983,0.18354,-0.26096,-0.60699,-0.41308,-1.24504,-0.46734,-0.33579,-0.56207,-0.44752,-0.59148,-0.96601,0.33225,1.33042,-0.76034,1.80581,-0.11921,-1.27806,-0.67618,-0.58304,-0.26101,0.00954,1.88108,0.62869,0.79269,-0.57548,-0.5737,-0.6088,-0.8709,0.19633,0.33695,-0.26613,0.34395,-0.18417,-0.18507,0.19123,-0.63394
-0.83889,-0.6426,0.35533,-1.05465,-1.48963,-0.7067,-0.43377,-0.57719,-0.0275,0.43649,-0.32824,-0.71387,-0.68751,2.41501,0.48566,-1.11173,1.01387,-0.47222,0.72808,-0.04767,-0.60954,-0.41274,-0.52906,-0.34677,-0.12209,-0.70217,0.77723,-0.26313,0.8262,0.96376,-0.55487,-0.15775,0.47191,0.05481,-0.92612,-0.659,-0.53271,-1.11181,-0.9511,-0.80305,-0.97566,-0.67681,-0.56427,-0.9887,-0.37923,-0.13723,-0.97152,0.4445,1.88642,1.06586,0.60623,-0.08917,0.01605,0.23872,0.24611,0.13148,-0.69117,-0.37259,-0.21196,-0.62186,0.51185,-0.50698,0.99989,0.75291,-0.71656,0.35541,1.42789,0.32988
