0.04577,-0.79715,1.5749,0.33471999999999996,-0.28989000000000004,0.48748,-1.52542,-0.00483,1.0135,-0.65447,0.00202,0.19352,-1.64238,1.40367,1.57524,0.64767,-0.21175,0.92906,-0.39792,0.5382399999999999,0.08849,-0.58868,-0.46413999999999994,0.03837,0.18599000000000002,0.15614,-0.37611999999999995,0.19719,1.81775,0.2367,0.47745,0.8642799999999999,-0.51126,-0.5776600000000001,0.32809,-1.32481,-1.28446,0.2809,0.08052000000000001,0.22830999999999999,-0.5899,-0.22353,-0.83145,-0.23176999999999998,-0.77462,-0.55289,1.37604,-0.06844,-0.28129,-1.40314,0.65049,0.21365,-1.3261399999999999,-0.76922,-1.58591,-0.55555,-0.1571,-0.49563,-0.05314,-0.21748,-0.37711999999999996,-0.12415999999999999,1.8194700000000001,-0.16277,-0.1767,0.40501,-0.6406,-0.9746600000000001
-1.2055200000000001,-1.9034200000000001,0.6642899999999999,-0.7989,-0.82476,-0.59042,-0.23792,-0.48663,-2.37043,0.8852399999999999,0.75245,1.93966,0.83693,-0.73669,0.96549,1.32015,1.09301,1.15513,-0.01896,0.87435,0.34048,-0.53765,-0.598,1.51224,1.07769,0.08495,0.13875,2.0977099999999997,5.39476,3.7885400000000002,2.3858099999999998,0.5689,-0.45445,1.00021,-0.9113399999999999,-1.30855,0.36264,-0.69805,-1.47464,-0.5927,-0.10584,-0.37469,1.90304,-0.25509,-0.39655999999999997,-1.83332,-0.7801,0.50683,-0.95289,0.3499,-0.33604,-0.62841,-0.2143,-1.4406,-0.6606,-0.60412,-0.77822,1.42313,0.8992600000000001,0.0006,0.11334000000000001,1.68946,1.8020599999999998,3.6813300000000004,2.5744599999999997,0.10378,-0.4699,0.51144
-0.26206999999999997,-0.19566,-0.20290999999999998,-0.36496999999999996,-0.69901,-0.18086,-0.38153000000000004,-0.42341000000000006,0.13404000000000002,-1.11103,0.6250600000000001,0.11947999999999999,-0.17282999999999998,0.5483,0.58614,2.05844,0.12653,0.8940799999999999,-0.14549,-0.35966,-0.76923,-0.4444,-0.9296,-0.5110100000000001,0.15952,-0.17929,0.059770000000000004,0.55361,0.76555,-0.006670000000000001,0.7175199999999999,0.7964399999999999,0.17277,-0.48816000000000004,-0.12853,0.41156000000000004,0.03424,-1.26179,0.07867,-0.48571000000000003,0.07241,-0.42436999999999997,2.0883700000000003,1.6859099999999998,0.30217,0.6089600000000001,-0.38500999999999996,-1.46907,-0.04188,-0.4387,-0.61783,-0.76177,-0.537,1.0762399999999999,1.12236,-0.46216999999999997,-0.6934600000000001,-0.24929,0.70004,0.39729000000000003,0.85344,0.9629200000000001,3.11456,0.50841,1.21717,0.63129,-0.43733,-0.40610999999999997
1.7977,-0.39982,0.98015,2.70523,1.57922,2.79884,-1.1171,3.69447,0.50864,-0.469,0.33613000000000004,-0.7047,-0.18583,0.9594299999999999,0.16808,2.62468,-0.62827,0.5635899999999999,0.9551700000000001,1.25806,0.19792,-0.66692,-1.01968,-0.35586,0.12572,-0.63577,0.3095,-0.63943,0.45956,1.01794,-0.68767,0.9760200000000001,-0.61152,-0.72777,0.31125,-0.9431700000000001,-1.01076,1.0140200000000001,-1.13181,1.61163,-0.88239,2.39347,-1.0608,-1.1544299999999998,0.033889999999999997,0.00073,0.5909,-0.9908799999999999,-0.66176,-0.28131999999999996,-0.03268,0.80786,-0.3787,-1.66232,-1.3430600000000001,-0.62389,-0.9672200000000001,-0.31276,0.0783,-0.54825,0.58417,-0.618,-0.1158,-0.25201,-0.59486,0.14272,-0.60212,-0.64653
1.08996,1.01015,0.28033,1.5007700000000002,1.1539700000000002,1.1955200000000001,0.19167,1.6767900000000002,0.27111999999999997,0.46312,-0.70273,0.73835,-0.70665,-0.57545,-1.00771,-0.73431,-1.2148299999999999,-1.39705,-0.25682,1.09731,1.46564,-0.63174,-0.52862,-0.44256,3.02199,1.04544,-0.034730000000000004,1.31352,-0.42723999999999995,-0.63805,-0.78063,-0.8501799999999999,-0.58782,-0.6940000000000001,0.84851,1.6109200000000001,0.02072,2.06323,0.38247,2.31462,0.65847,2.9479599999999997,0.24572,0.7400899999999999,2.99451,-0.92453,-0.49294,2.4437599999999997,0.9744700000000001,3.01492,0.66096,0.40271,0.13382,-1.35822,0.82363,-0.56376,-0.24179,-0.55991,4.12103,0.63222,-0.16305999999999998,0.36082,0.30044,-0.31206999999999996,-0.52595,-0.58846,-0.33057,-0.25855
0.5433,1.97055,0.9862700000000001,-0.05848,0.09996000000000001,-0.47517,0.78706,-0.59842,0.6353300000000001,0.41275,0.00825,-1.3451899999999999,-1.63173,-1.34594,-1.23295,-1.0608,-2.58717,-2.1271,-1.7270400000000001,0.78935,1.7163,-0.42073,1.1146200000000002,-0.40041,2.2170099999999997,2.2335700000000003,-0.40876999999999997,-1.03396,-0.8377100000000001,-0.9401799999999999,-1.03318,-1.03389,-0.80598,-0.6977800000000001,0.22941,-1.58542,-1.39725,-0.01064,0.8333299999999999,-0.52888,-0.3925,-0.47635,-0.68929,0.80662,1.61222,0.84495,-0.68745,-1.8436700000000001,-0.07147,-1.26421,0.77549,0.19082000000000002,0.66489,1.05922,0.3849,-0.31633,1.69545,-0.53922,1.36748,2.1642200000000003,-0.3418,-0.79875,-0.8315899999999999,-0.90351,-0.9208200000000001,-0.9110299999999999,-0.76044,-0.83037
1.50665,-0.26256999999999997,0.9143,0.58503,0.33445,0.60668,-0.45633999999999997,0.88223,0.51357,0.25668,0.33559,-0.5795,-1.1899600000000001,1.0146899999999999,-1.78047,0.40433,-0.8429700000000001,-0.72278,-0.24921999999999997,-0.77456,0.5917899999999999,0.9593200000000001,1.38741,-0.38721,-0.38529,-0.13295,-0.15127000000000002,0.99403,-0.33716,0.007359999999999999,-0.90104,-0.31703000000000003,-0.31656999999999996,0.06746,2.18371,0.38998,-0.93243,1.3620700000000001,0.9638100000000001,1.52188,-0.27615,1.63784,-1.0484,-0.38631,0.39744,-1.36591,0.70096,0.03387,-0.52899,-0.8839,-1.48746,1.1083,-0.3746,1.42172,0.65988,1.23498,1.8813099999999998,-0.64735,-0.41791000000000006,-0.013080000000000001,0.10525999999999999,1.07694,-0.19207,-0.7610899999999999,-0.78596,-0.86039,-0.25651999999999997,0.55775
1.03088,0.10522000000000001,-1.10719,0.58162,0.68309,0.26173,1.4198899999999999,-0.7202,-0.841,0.72896,2.39834,-2.0922400000000003,0.48646999999999996,-2.89339,0.9366200000000001,-0.29441999999999996,1.2775299999999998,1.60847,-0.5338,-0.5401699999999999,-0.83516,4.17587,-0.61249,-0.6856300000000001,-0.8135399999999999,-0.79828,-0.58499,-0.79981,-0.48245,-0.7044,-0.44008,-0.71772,-0.39966,3.42496,3.4245400000000004,0.72013,0.789,1.45775,0.29451,0.38765,0.55301,-0.46507,-1.24591,-0.09224,-0.23024,-0.5010899999999999,-1.43343,0.77051,1.3038399999999999,0.32036,1.91189,-0.66266,-0.0273,1.39321,0.12727,4.00113,-0.36719,-0.6068,-0.7157899999999999,-0.56948,-0.54685,-0.47522,-0.54057,-0.35736,0.15362,-0.31367,-0.37101,3.48325
3.43333,0.42855,0.21661999999999998,2.46608,2.08324,1.7646400000000002,0.02779,0.56148,-0.11398,-0.7077,0.15542999999999998,-1.29234,0.8571200000000001,-0.27389,-0.18348,-0.28788,0.12080999999999999,0.00875,-0.8507899999999999,-0.7016899999999999,0.75751,0.03223,0.52613,-0.67023,-0.69676,-0.75279,-0.5048699999999999,-0.54984,-0.5160600000000001,-0.96631,-0.9426700000000001,-0.72422,-0.49093000000000003,-1.07633,0.32736,1.34164,-0.75742,-0.9381700000000001,0.33009,1.67785,-0.20108,1.11176,0.60605,0.15423,1.62519,-0.63235,1.7187299999999999,0.77057,2.12785,0.01097,1.60712,-0.08515,-0.02621,0.75317,-0.028610000000000003,0.08725,0.67748,-0.67024,-0.71786,-0.5342,-0.48076,-0.34562,-0.45842,-0.97072,-0.6869,-0.45568000000000003,-0.47584,-0.39681
-0.90451,0.5512100000000001,-1.11086,0.21695,2.54102,-0.79314,1.8870200000000001,-0.69225,-0.020390000000000002,0.94104,0.5120600000000001,-0.65699,-0.63808,0.10468,0.14121,-0.93966,0.31404,-0.8317100000000001,-0.78037,-1.12286,-0.032389999999999995,-0.32277,0.64566,2.73615,-0.49956000000000006,-0.74808,-0.59735,0.47585,-0.44264,-1.00204,-0.8565799999999999,-0.5615600000000001,-0.00164,-0.12717,-0.47125,-0.29654,0.43466000000000005,-0.1057,-0.71958,-0.78333,3.6685800000000004,-0.47345,-0.45165,2.01742,0.06992000000000001,-0.25326,0.85785,1.05427,0.23144,1.60086,-0.37826,1.71596,0.21424,-1.17924,1.7100400000000002,-0.36494,0.30612,2.80364,-0.34781999999999996,-0.54543,-0.53988,1.32335,-0.09966,-1.00718,-0.7329399999999999,-0.31787,-0.2539,-0.23697
-1.23475,-1.41048,-0.61829,-0.60539,0.3864,-0.73979,0.77999,-0.54918,-1.7853599999999998,1.31371,0.49355,-0.16484000000000001,0.48893000000000003,0.65263,1.71525,0.41239,0.5697,0.94957,0.66978,0.46624,0.29993000000000003,-0.46336000000000005,-0.43848000000000004,-0.26663000000000003,-0.1647,0.35026,-0.1382,-0.49937,0.21069000000000002,0.69735,3.4056599999999997,0.3139,-0.72475,0.64763,-1.23775,-0.5987,0.80223,-0.03511,2.34971,-0.78283,0.33448,-0.50344,1.8565099999999999,0.19544,0.44051999999999997,1.6780400000000002,1.78752,0.88702,-0.48056000000000004,1.12496,-1.5341799999999999,-0.6241399999999999,-0.88216,-0.39576999999999996,-1.31067,-0.41778000000000004,-0.22713000000000003,0.0933,0.12985,-0.021759999999999998,0.0831,-0.39323,0.1594,0.04655,5.25117,0.11809000000000001,-0.75818,2.2699599999999998
1.54583,-1.9152,0.88284,2.8174900000000003,1.61843,3.40251,-1.0908,5.04536,-2.31366,-0.53132,1.3421299999999998,1.10209,0.10622000000000001,1.48563,-0.41846000000000005,1.20069,0.69717,-0.15066,1.54342,0.7972199999999999,1.06497,-0.54774,-0.38092,1.15256,2.4082,-0.09941,0.28723000000000004,-0.12880999999999998,0.66687,0.060329999999999995,0.2404,-0.31172,-0.63093,-0.9489799999999999,1.2731299999999999,-1.03454,-0.56121,3.72623,0.8906299999999999,3.54976,-0.64165,3.8141,1.35483,0.28815999999999997,-1.0658100000000001,0.21199,1.04511,-0.22475,0.54032,0.55599,-0.26363000000000003,-0.09157,-0.8230299999999999,-1.08551,-0.6875100000000001,-0.5760000000000001,-0.36391,0.45191000000000003,1.6667900000000002,-0.35533000000000003,-0.39969,-0.24394000000000002,-0.062279999999999995,-0.61327,0.01211,-0.21635,-0.61993,-0.66759
-0.7104699999999999,0.19901,-0.82352,-0.57613,0.01267,-0.6037899999999999,1.8110700000000002,-0.69558,-0.49546,0.97201,1.1648100000000001,-0.83211,1.15549,-1.05854,0.9019799999999999,0.13337000000000002,-0.47623000000000004,0.40116999999999997,-0.85162,-1.60249,-2.11227,0.97149,-0.68537,-0.65022,-0.8002100000000001,-0.84839,-0.56603,-0.93927,-0.7357,-0.94716,0.46579,-0.25963,1.2639200000000002,0.48482,-0.1343,-0.04596,0.63884,-0.21709,-1.14069,-0.63074,1.85933,-0.36251,-0.37877,0.65465,1.55387,1.16818,1.41697,-0.48543000000000003,-1.31154,-0.7958,-0.95996,0.25366,-0.36648000000000003,-1.1379299999999999,0.055639999999999995,0.30693000000000004,-0.5493600000000001,-0.60411,-0.64127,-0.60692,-0.54788,-0.77017,-0.9847,-1.02668,0.33407,-0.30706,0.60118,-0.74542
-0.7851,0.29185,-0.2252,-0.47113,-0.33171,-0.50702,-0.4759,-0.27434000000000003,0.91045,-0.90412,-1.89688,0.40918000000000004,1.78305,0.4227,0.29418,-0.80425,-0.46113000000000004,2.2873799999999997,-0.16396,-0.17548,-0.5885600000000001,-0.64569,-0.8902,-0.7973399999999999,-0.61474,-0.78082,-0.49194,2.6644099999999997,-0.30461,0.24015,1.07987,-0.62356,-0.5341199999999999,-0.26433,-0.55448,-1.30198,-0.61607,-0.60409,-1.27813,-0.59034,-0.18400999999999998,-0.5527,-1.17839,0.04605,0.27914,-0.23484000000000002,-0.72563,1.21974,0.84951,-0.1048,-1.09816,1.2987799999999998,-0.72675,0.33148,-0.56616,-0.63278,-0.78547,-0.7262,-0.52599,-0.56853,-0.40001,4.72072,-0.52552,-0.50575,0.67982,-0.48766000000000004,-0.5442600000000001,-0.041210000000000004
-1.37032,-0.6181399999999999,-0.16087,-1.3608799999999999,-1.6947599999999998,-0.82714,-0.44966000000000006,-0.50859,-0.37096,1.0444200000000001,-0.05687999999999999,0.43691,0.35091,-0.10685,-1.30418,0.43443999999999994,1.5325,1.4521600000000001,0.91653,0.36063,-0.46368000000000004,-0.57463,-0.74148,-0.47761000000000003,0.39741,0.28549,-0.11344000000000001,2.8360000000000003,0.8249700000000001,1.04617,1.54072,1.03741,0.12869,-0.028589999999999997,-1.22617,0.7367600000000001,0.11175,-0.9158299999999999,-0.10944000000000001,-0.8117800000000001,-0.51073,-0.4669,1.92271,0.65822,-0.65778,-1.08344,-1.44051,-0.13154000000000002,1.3987100000000001,-0.13330999999999998,-0.6622899999999999,0.36591,-0.54002,-0.69986,0.9059200000000001,-0.56621,-0.40212,-0.41611000000000004,1.28536,0.07148,-0.25046,2.19272,0.21868,-0.29721,0.28179,0.90091,-0.24311,-0.29436999999999997
-0.58609,-1.38838,0.05483,0.55078,0.07052,1.67025,-0.60228,1.14841,-1.1248799999999999,-1.03176,0.48791999999999996,1.16729,0.8850399999999999,-0.20798000000000003,1.1287399999999999,0.22208000000000003,-0.46348,1.43408,0.39218000000000003,-0.03918,0.41685,-0.33071999999999996,0.2236,2.58643,1.4486700000000001,1.4031799999999999,-0.01005,-0.6196,0.49954,-0.11600999999999999,-0.22448,0.81177,-0.31713,0.17035,-0.84601,-0.28600000000000003,-0.49241,1.23834,0.8437899999999999,2.21608,0.35291,0.7724300000000001,1.5376299999999998,1.38434,2.4486,-1.04702,-0.5130100000000001,-0.9283799999999999,-0.86114,1.39951,-1.74947,-1.63268,0.27482,0.47413999999999995,0.02897,-0.51547,-0.62736,3.08009,2.9228099999999997,1.16581,-0.08388999999999999,-0.59054,0.19751,-0.31337,-0.5030600000000001,0.83862,-0.5875199999999999,-0.42957
-1.19308,0.03094,0.60607,-0.99061,-0.33455,-0.84506,0.30346,-0.58911,0.39524000000000004,1.42517,0.02076,-0.6624800000000001,-0.4608,0.51084,0.45215,-2.11222,0.51543,0.32464,-0.3006,-0.06321,-0.49158,-0.53008,1.10909,-0.65025,-0.2233,-0.49905,-0.36533000000000004,-0.56723,0.03589,-0.10282999999999999,0.47696000000000005,-0.59921,-0.4289,-0.8368399999999999,-1.0349700000000002,-0.32566999999999996,-1.11588,-0.76463,1.13224,-0.87659,-0.009040000000000001,-0.58516,-1.23502,-0.5109199999999999,0.19086,-0.59534,-0.19905,1.28692,0.13763,-0.65474,-0.8175600000000001,0.04701,1.6215,0.0196,-0.48808,-0.52055,1.28944,-0.66808,-0.19804000000000002,-0.4246,-0.46897,-0.6054,0.11019000000000001,-0.37798000000000004,0.74862,-0.5666100000000001,-0.44911999999999996,-0.45126000000000005
0.55885,-1.69367,1.0132700000000001,0.80289,0.88689,1.02895,-0.9034,1.21895,-1.12015,0.05362000000000001,1.17924,0.07637000000000001,-0.7430399999999999,2.3454099999999998,-0.83535,0.39803,0.042789999999999995,-0.12597,1.65093,1.1166,0.78396,0.08576,-0.60014,0.49683,1.12324,-0.07457000000000001,-0.13599,1.5538299999999998,0.8640399999999999,-0.43846999999999997,0.20726999999999998,-0.34263000000000005,-0.48018,-0.5281600000000001,0.97724,-1.11019,-0.54648,1.67438,0.30408,1.93153,-0.9272799999999999,2.23636,0.29855,2.08243,-1.3182,0.58653,1.64425,-1.06564,-0.50231,-0.26488,1.02867,-0.61143,-1.21002,-0.9747,-1.35295,0.61498,-0.5768399999999999,-0.34574,0.17078,-0.0829,-0.07703,0.56262,0.64494,-0.13792000000000001,0.00704,-0.68648,-0.41847,-0.3504
0.40088,-0.50881,-1.4300700000000002,-0.33335,-0.9286399999999999,-0.21975,-0.7865800000000001,0.0311,0.83125,-1.56885,0.06034,0.46041000000000004,-0.44404,0.13583,0.0988,-0.7936,0.41808,0.29431999999999997,-0.02451,-0.8287,0.11989000000000001,0.25344,-0.64176,-0.64365,-0.73729,-0.6794600000000001,-0.34299,-0.57628,-0.73721,-0.62256,-0.6292300000000001,-0.12439000000000001,0.29641999999999996,-0.72121,-0.39400999999999997,-0.53967,1.35778,-0.6302300000000001,0.9629700000000001,-0.5219,-0.21416999999999997,-0.23442,-0.02511,0.9364100000000001,0.83865,0.7859,1.5749,0.10952,2.1667799999999997,0.26466999999999996,-0.93574,0.679,-0.63745,-0.84952,0.65567,0.69757,-0.43473,-0.65637,-0.7447699999999999,-0.64595,-0.29528000000000004,-0.71525,-0.9940100000000001,-0.5121399999999999,-0.82158,-0.29912,-0.05432000000000001,0.19993
0.45437,0.1404,0.11915,0.17189000000000002,0.17685,-0.35496,-0.020640000000000002,-0.43938,0.50467,-0.5071,0.43562,-0.628,-0.8470200000000001,0.57575,-0.23473000000000002,-0.036860000000000004,0.13633,-0.28478000000000003,-0.8847200000000001,-0.99293,-1.4988,0.03963,-0.6061,-0.5652,-0.8204899999999999,-0.6836300000000001,-0.43935,-0.9296,-0.88602,-0.96555,-0.87945,0.98824,1.32761,0.25211999999999996,-0.37771,-0.67762,-0.7258100000000001,-0.39079,0.14752,-0.58694,-0.09745,-0.30632,-0.07765,-0.43228999999999995,0.72802,-0.21338000000000001,-0.16272999999999999,1.0129299999999999,-1.1950399999999999,-0.6411600000000001,-0.61817,-1.49837,-1.0802,-0.3768,0.16672,-0.16976,-0.43203,-0.42913999999999997,-0.7564,-0.53632,-0.46283,-0.6641199999999999,-0.83768,-0.92491,-0.7591399999999999,0.8238,1.32575,-0.41703
2.2007,-0.15812,-0.46741000000000005,1.76777,1.90658,1.25516,0.04484,1.53372,-0.28306,0.25416,1.58679,-0.79114,-1.50205,1.04669,-0.4836,1.0964399999999999,-0.50497,-0.8297200000000001,-1.01254,-1.41085,-0.63468,-0.05583,0.45552,-0.09906000000000001,-0.5856899999999999,-0.80199,-0.49426000000000003,-0.8860899999999999,-0.68995,-0.18444000000000002,-0.9257799999999999,0.09335,2.28856,0.34448,2.26594,0.7378399999999999,-0.2002,1.8070599999999999,0.38883,2.3708,-0.11414,3.09654,-0.38193,0.4384,-1.00041,-0.39831,-0.61812,-0.14378,0.74228,-0.90784,-0.71845,0.05165,0.61605,0.9870899999999999,1.3751799999999998,-0.054220000000000004,-0.01542,-0.21625,-0.47935,-0.5446300000000001,-0.56981,-0.6915899999999999,-0.9082100000000001,0.71763,-0.8175399999999999,0.01845,3.0914200000000003,1.23816
-0.51146,0.19876,0.9131100000000001,-0.8615799999999999,-1.11576,-0.61775,-0.12042,-0.40943,0.55607,0.20340999999999998,0.11263,-0.15149,0.69752,-1.9275,1.3444399999999999,-0.31585,-0.33059,1.19537,0.02625,-0.27999,-1.22939,-0.5495,-0.9885700000000001,-0.74766,-0.79391,0.9236200000000001,-0.5472600000000001,-0.94024,-0.6601899999999999,-0.2164,2.87318,5.14955,1.09636,2.5826,-0.33684000000000003,-1.0886799999999999,-0.89831,-0.92706,-1.6026200000000002,-0.80779,-0.22568000000000002,-0.34066,-0.34684,1.3704399999999999,1.25404,2.22099,-0.9756799999999999,-0.14337,-0.49923999999999996,-0.32326,-0.98398,-1.34909,-1.0322799999999999,-1.06021,-0.28435,-0.5819,-0.95962,-0.70253,-0.7523,0.67176,-0.6030399999999999,-0.86467,-0.81298,-0.10335,1.67908,5.1631599999999995,1.63542,1.8088
-0.75774,-0.86034,-1.19286,-0.8263299999999999,-1.03237,-0.50164,2.10918,0.00182,-0.89856,-0.82016,0.49471000000000004,1.62061,-0.38724000000000003,0.9093600000000001,0.166,-0.68584,-0.20753000000000002,-0.39675,-0.23058,-0.6490100000000001,-0.08163,-0.0767,3.06175,2.57809,-0.14545999999999998,0.03759,0.01966,0.29205,-0.49505,-0.59404,0.5787100000000001,-0.17542,-0.08799,0.13652999999999998,-0.69811,0.1389,2.44538,-0.7876,0.70799,-0.27343,3.01061,0.05111,1.87897,1.29987,0.38301999999999997,-1.50026,-0.08785,-0.90174,-0.6945399999999999,1.0155399999999999,1.28302,1.34589,0.75025,1.0257,1.35707,-0.37872,1.20258,2.42917,0.40373000000000003,-0.32931,0.5122899999999999,0.97901,-0.061860000000000005,-0.10588,0.63113,-0.02717,-0.22737,-0.81357
0.57689,0.11018,0.050339999999999996,0.18019000000000002,-0.9398200000000001,0.62829,-0.31914000000000003,-0.01681,1.10499,-1.24518,-0.22343000000000002,0.45406,1.60165,0.36358,-2.4445799999999998,0.46038,-0.07085,-0.65685,0.61621,-0.69402,-0.76895,-0.5909,-0.48127,-0.64789,-0.75867,-0.79183,-0.16074000000000002,-0.80089,-0.38376,0.42152,-0.50602,0.29579,1.5429700000000002,-0.23519,0.71111,-0.3917,0.32403000000000004,0.8907700000000001,0.62531,0.5290600000000001,0.49812,-0.36496999999999996,0.0461,-0.87079,-0.53258,-0.43485,-0.28325,-0.01238,-1.72796,-1.47851,-1.32625,0.47048999999999996,-1.27121,-1.48819,-0.69547,-0.54874,-0.4726,-0.58016,-0.72736,-0.6352800000000001,-0.11327000000000001,-0.71407,-0.23092,0.4435,-0.51594,-0.6296,1.3045,0.10307999999999999
-1.09544,0.69072,1.14685,-1.0323,-0.6174,-0.86059,0.52704,-0.60841,0.57487,1.08546,-0.11142,-0.85011,-0.14968,1.49749,0.25792,-1.15487,0.2718,0.36313,1.6863700000000001,-0.22536,-0.9575799999999999,-0.63134,-0.92384,-0.75561,-0.56739,-0.41573000000000004,0.00042,-0.93317,-0.41515,0.84857,1.2747600000000001,0.57123,-0.22705999999999998,-0.17300000000000001,-1.02814,-1.0210700000000001,-0.66408,-0.78551,1.22275,-0.81512,-0.34556,-0.59167,-0.9108700000000001,-0.3548,-0.44885,-0.48396000000000006,-0.8496,1.19268,-1.5099,-0.6210899999999999,0.16863,0.68547,-0.12236,-0.75024,-0.20089,-0.63002,-0.8918200000000001,-0.6949,-0.5734,-0.36805,-0.17023,-0.8372,-0.48663999999999996,0.18302000000000002,0.59464,1.21741,-0.02943,-0.26799
-1.16944,0.8810899999999999,-0.39503,-1.08954,-1.56018,-0.80688,2.11985,-0.37882,0.07388,-0.78614,-0.1907,0.69717,0.5108600000000001,0.16309,0.27269,0.11155,1.50844,-0.87484,-0.60441,-0.88899,-1.86602,0.009559999999999999,-0.43251999999999996,-0.4539,-0.87256,-0.9528399999999999,-0.55791,-1.09618,-0.26974000000000004,-0.16145,-0.48276,-0.47391000000000005,-0.58262,-0.86692,-0.72149,1.26347,1.8804299999999998,-1.15796,-0.42339,-0.8454200000000001,0.37048000000000003,-0.47303999999999996,0.3149,1.08866,0.68385,1.3166,0.32621999999999995,-1.53814,-0.58026,-0.5202,-0.5184,-0.7270300000000001,0.41676,0.79169,0.73177,0.12707000000000002,-0.19696,-0.2131,-0.77332,-0.69952,-0.5836399999999999,-0.9061799999999999,-0.17259000000000002,-0.28004,-0.40648,-0.21791999999999997,-0.55198,-0.7538100000000001
-0.90389,1.46033,0.75035,-0.81481,-0.54456,-0.72958,1.60391,-0.56648,-0.8485299999999999,0.02223,0.3002,0.13266,-0.86155,-0.7602899999999999,-1.33402,-1.38201,-2.4256900000000003,0.02274,3.4300699999999997,2.91578,1.37025,-0.52274,-0.61231,0.8239299999999999,-0.49406000000000005,0.80816,5.2580599999999995,1.8540599999999998,0.94358,-0.34328000000000003,-0.7329100000000001,-0.76884,-0.7441800000000001,0.07907,-1.05424,3.30916,0.06692000000000001,-0.68597,-0.05072,-0.71062,0.78514,-0.4604,1.9047900000000002,0.57429,-0.22744,1.8755,0.73657,-0.67877,1.8667599999999998,3.9197900000000003,2.89774,-0.027639999999999998,2.23838,1.7558200000000002,-0.5875100000000001,-0.44902,-0.41533000000000003,2.3218799999999997,-0.39398,0.33935,4.31839,0.75779,3.55366,0.50034,-0.31131,-0.34957,-0.6231899999999999,-0.73109
-0.49716000000000005,1.5144799999999998,0.10845,-0.7907,-0.016730000000000002,-0.8680899999999999,0.91658,-0.54718,0.40313000000000004,1.15654,-1.02073,-0.5200600000000001,-1.36299,-0.78587,-0.78198,-2.36206,-1.89599,-1.94555,-0.6291899999999999,0.54142,1.48502,-0.11796,3.12085,0.62558,0.22426,-0.11734000000000001,2.03178,0.7713899999999999,-0.55974,-0.63216,-1.02004,-1.0329,-0.84673,-0.01549,-0.49046999999999996,0.94109,-0.29122,-0.8104100000000001,-1.29606,-0.7954,-0.3694,-0.62217,-0.32322,-0.65313,-0.52347,-0.08242999999999999,1.48901,-0.03121,0.19968,0.38064000000000003,0.26946,1.04653,-0.67219,0.8805,0.61147,0.03857,4.29933,0.7316199999999999,0.40789000000000003,-0.16513,3.5602099999999997,0.9124200000000001,-0.22658000000000003,-0.41912,-0.8855299999999999,-0.93535,-0.7236,-0.45151
-0.48346999999999996,0.8333200000000001,-0.46767,-0.71863,-0.84167,-0.49778,-0.04374,-0.45069,0.49085,-0.44918,-0.31697,-1.4599799999999998,0.04687,-0.79885,-2.86291,-1.2550700000000001,-1.62657,-0.20201,0.7478199999999999,3.14492,2.32747,-0.6966,-0.83524,-0.24026999999999998,0.67724,1.71022,3.5723199999999995,0.75092,-0.81934,-0.8955799999999999,-0.9605600000000001,-0.9512,-0.75662,-0.79071,-0.88984,0.94153,1.04044,-0.7861899999999999,-1.01873,-0.66878,-0.21605,-0.5373100000000001,-0.6179100000000001,-0.9860700000000001,-1.26325,-0.91632,-0.015330000000000002,1.61927,0.34141,0.89164,1.40941,0.16247,2.2225,2.43787,-0.48672,-0.63822,-0.70829,-0.2097,0.25559,1.40395,3.79755,0.60554,-0.8678,-0.7611600000000001,-0.7983600000000001,-0.8038,-0.58044,-0.43777
-0.46793,-2.04927,0.18295999999999998,0.17992,0.68411,-0.25932,0.46315,-0.44803000000000004,-3.84268,0.33111,1.71347,1.5859,1.00016,-0.63883,0.60453,1.9188,0.79638,-0.07307000000000001,1.28834,0.98715,1.33166,0.48118,1.1745,3.96544,1.36629,0.66906,0.19641,2.3738,1.48794,0.22696999999999998,-0.05426,0.6481600000000001,-0.33282,0.21038,-0.6201800000000001,-1.29239,2.56675,-0.45442,-0.66582,-0.46591000000000005,1.3853799999999998,-0.44603000000000004,0.49691,-1.44165,-0.66602,0.79328,-0.75772,0.71855,-0.07542,0.62755,-0.10196000000000001,0.0675,1.31331,-1.28493,-0.12420999999999999,0.63362,0.9583200000000001,1.70643,-0.09707,-0.29617,-0.44955,1.30397,1.15991,-0.20346,-0.30885,0.65318,-0.47276999999999997,-0.17190999999999998
0.14901,1.10094,0.0806,0.21696,0.21761,-0.3102,-0.22651,-0.45868000000000003,0.76973,-0.66077,-0.47935,-0.49435,-1.02227,0.19643,-0.52628,-0.99729,-0.27791,-1.39996,-2.8650700000000002,-0.94626,-0.19677999999999998,1.84728,0.8128,0.28187,-0.6834899999999999,-0.6474,-0.6467,-1.09675,0.85554,0.05706,-1.05751,-1.06659,-0.7464,0.69497,0.5697399999999999,0.17173,-0.24489,-0.37598000000000004,-1.34235,-0.32745,0.36298,-0.53862,-0.7196199999999999,-0.50474,0.49472,-0.027999999999999997,-1.8546200000000002,-0.13488,-0.30985999999999997,-0.7639199999999999,0.62922,0.94432,0.29091999999999996,-0.7901600000000001,-1.29674,1.01436,-0.5737399999999999,-0.24602,-0.69248,-0.42402,-0.64583,-0.8977700000000001,0.34978000000000004,0.28333,-0.9037299999999999,-0.92033,-0.6763,0.54505
0.23608,-0.35559,-0.14328,-0.40736999999999995,-0.11571,-0.5350199999999999,-0.93634,-0.2597,0.7519,0.16380999999999998,-1.6395099999999998,0.70422,1.47691,-2.00921,-0.27904,-1.61432,-0.8458399999999999,0.83081,0.18683,1.5081799999999999,0.15572,-0.21929,-0.3859,-0.49501000000000006,-0.56521,-0.15945,0.00744,-0.18962,0.48578000000000005,-0.58385,-0.31784,0.08388,-0.5339,-1.11521,0.86997,-0.46828000000000003,-0.27087,0.15595,1.6533900000000001,-0.33004,-0.6540600000000001,-0.58745,-0.68572,1.01463,-1.6673799999999999,-0.26405,-0.80967,2.11338,0.15203,-0.45001,1.7193599999999998,0.02009,-1.14005,-1.31176,-1.09608,-0.35520999999999997,-0.3026,-0.65094,-0.72724,-0.47505,0.00813,-0.43438000000000004,0.12585,-0.88461,-0.32869,0.42278999999999994,-0.57926,-0.66113
0.2877,-0.9304100000000001,1.14259,0.34299,-0.58586,1.9627700000000001,-0.82314,0.84962,-0.82084,-2.68502,1.0678299999999998,0.5179699999999999,1.9296400000000002,0.48286,-1.59746,1.6269200000000001,0.43067,1.75935,-0.15348,-0.36841,0.72531,3.61111,-0.34102,1.54544,0.24885,0.2479,-0.0028399999999999996,-0.58194,1.2804799999999998,0.33732,-0.16826,-0.58309,-0.6200600000000001,3.4061800000000004,-0.32239,0.60105,-0.38904,-0.75288,-1.91235,0.05195,0.1141,0.16030999999999998,1.3087799999999998,-1.79165,-0.0327,-1.3382100000000001,-0.33909,1.27009,1.47173,-1.14828,-1.23517,-0.41981,1.94406,1.52331,-0.34041,4.16236,-0.26464,2.35195,0.70435,0.36598,0.7589600000000001,-0.40762,0.72244,0.84554,0.62652,-0.48478999999999994,-0.57375,3.0587
0.34491,1.5966200000000002,0.6037600000000001,0.27921,0.54273,0.02169,0.28717,-0.60641,0.61317,1.4129399999999999,-0.36407,-1.52091,0.24809,-2.07838,-0.31316,-1.60962,-1.4412399999999999,-1.9605299999999999,-0.90754,0.24206999999999998,1.53082,0.27636,3.18134,-0.60228,0.35020999999999997,1.13469,0.40952,-0.74549,-0.66335,-0.93473,-1.00019,-0.6816399999999999,-0.58548,-0.5345300000000001,1.4799,0.1717,-1.28643,2.09291,1.27041,0.42318,-0.5150899999999999,-0.5747800000000001,-0.7887,0.9048299999999999,0.4174,1.25773,0.1126,1.02219,-1.3184200000000001,0.15641,0.49671000000000004,-0.5555,-0.59751,1.77298,1.7647099999999998,0.26487,0.68285,-0.65552,0.1019,0.8764799999999999,0.33896,-0.72373,-0.8926299999999999,-1.03057,-0.8643799999999999,-0.2392,-0.57025,-0.33061
1.59371,0.93885,1.12104,1.3559299999999999,0.8308700000000001,1.4459899999999999,-0.79074,0.31526,0.8256600000000001,0.89412,0.70515,-1.81855,-1.3833799999999998,0.6674899999999999,-0.17401,0.06122999999999999,-0.42808,-1.1023,1.25089,-1.2382799999999998,-0.05562,0.61447,0.58848,-0.6079100000000001,-0.34801,-0.68042,-0.43462,-0.69025,-0.62228,0.76208,-0.33725,-0.52496,-0.25549,-0.17300000000000001,1.9220700000000002,-0.79487,-1.17543,1.2904799999999998,-0.60046,0.80187,-0.03507,0.60469,-0.8466600000000001,0.09145,-0.86101,-0.46192,-0.59997,-0.94048,-1.18298,0.64542,-0.64003,-1.41723,1.3634899999999999,-0.40493,-1.24327,0.27964,0.31971,-0.59024,-0.65318,-0.59307,-0.51274,-0.91322,-0.63044,0.96824,-0.1553,-0.30680999999999997,-0.16480999999999998,-0.84405
-0.99344,0.6363300000000001,-0.26900999999999997,-0.98231,-0.98731,-0.74345,-0.0048,-0.76013,-0.10827,1.65175,1.0987,-1.20553,-1.12175,-0.61219,0.6424,0.423,0.02393,0.78537,1.21214,-1.6432,-1.33352,0.59072,-0.70739,-0.69405,-0.76088,-0.83215,-0.58625,-0.58697,0.12465,-0.21478000000000003,0.6373300000000001,0.22066,0.93379,-0.04049,-0.39027,0.7923100000000001,1.50214,-0.5271600000000001,-0.74873,-0.62676,-0.63279,-0.51995,-0.41786,-1.0028700000000002,0.16152,-0.49243000000000003,-0.8376100000000001,0.15295,-0.8346299999999999,-0.44298000000000004,0.37142,1.2568,-0.0676,0.51626,0.13049000000000002,0.25459,-0.59614,-0.6713,-0.7215600000000001,-0.68089,-0.65096,-0.6205,-0.07947,-0.32763000000000003,-0.00421,0.01999,0.26071,-0.33688
-1.15701,-1.67694,-3.9369199999999998,-0.9567399999999999,-0.70263,-0.71414,0.07094,-0.80871,-1.5986200000000002,1.22138,1.54732,-0.37290999999999996,-0.6827300000000001,-0.19424,0.6338600000000001,0.55138,-1.07101,-0.56171,0.09037,1.59917,1.57545,-0.49046999999999996,0.33494,0.58365,3.9952300000000003,0.7135199999999999,0.0968,0.47381999999999996,-0.32981,-0.8730600000000001,-0.66786,-0.44711000000000006,-0.5786399999999999,-0.63121,-0.87349,-1.2177200000000001,0.14276,-0.8517399999999999,0.9251,-0.8481299999999999,1.09933,-0.61578,0.19807,0.28801,-0.59025,-1.2720799999999999,0.75631,0.52468,-0.43078,-0.8159,-0.75527,-1.18553,-1.41876,-1.0698299999999998,-0.78322,-0.48572,0.44215,0.66756,2.95681,0.6021,0.16748,-0.00982,-0.18815,-0.9282600000000001,-0.5918800000000001,-0.78256,-0.42968999999999996,-0.46329
-0.65264,0.83078,1.06279,-0.50659,-0.79508,-0.13432,-1.02496,0.09432,1.7845400000000002,-0.57286,0.26945,1.5647799999999998,-1.51138,-0.23004000000000002,-0.34026999999999996,-0.7209300000000001,-1.42344,0.98246,-0.21602,1.06265,0.65685,-0.29131999999999997,-0.14,-0.19074000000000002,0.08023,1.76738,2.28896,0.58637,0.66085,-0.79587,-0.7087899999999999,-0.24370999999999998,-0.63357,-1.13294,-0.20040999999999998,1.45779,-0.55986,-0.10464000000000001,-0.48786999999999997,-0.039169999999999996,-0.37506999999999996,-0.16303,-0.13518,-1.6819,-1.8797400000000002,-0.96073,-0.12292,0.9210799999999999,1.6032799999999998,0.85298,3.32274,-1.12598,-0.50008,1.06866,-1.24385,-0.32074,-0.39682,-0.4229,-0.53086,0.43433999999999995,0.06932,0.24859,-0.17187,-0.86408,-0.59629,0.09222999999999999,-0.5604899999999999,-0.9751799999999999
0.9861,-1.65658,-1.45697,1.72118,1.2963,2.28963,-1.39353,0.77642,-0.58859,-0.30036,1.54511,0.1963,1.45464,1.03277,-0.37115,1.63024,0.1448,0.682,0.9526700000000001,0.49678999999999995,0.6,-0.35325,-0.06501,0.46729,0.2751,0.41085,0.15192999999999998,1.40411,2.096,0.37119,1.17503,-0.10214,-0.36136999999999997,-0.42055,0.45903,-1.23062,-0.3886,0.06479,-0.31938,1.48117,-0.83052,1.0373299999999999,0.41181999999999996,-0.69723,-1.17392,0.46357,0.09401,1.62155,1.93335,0.71249,0.0467,0.22882,0.33292,-0.68243,-0.36782,-0.27899999999999997,-0.30022,0.8224799999999999,0.41994,-0.05591,-0.04442,1.88792,2.74598,0.0717,-0.4495,-0.24503000000000003,-0.43086,-0.70834
0.38782,0.77291,0.63447,1.32291,1.48694,1.00793,-1.11527,0.26400999999999997,1.29282,-0.71801,1.17581,-0.9834799999999999,-0.17164000000000001,-1.19151,-1.02598,-0.09494,-2.12442,-1.17096,-0.59026,1.3928399999999999,1.7307400000000002,-0.53542,1.85155,0.0983,1.1722299999999999,2.9245,1.47704,-0.7958,-0.82476,-0.85234,-0.8977700000000001,-0.99655,-0.8522799999999999,-0.72434,0.8791,-0.5653699999999999,-0.8251700000000001,1.0642200000000002,-0.43855,0.64776,-0.79667,0.57104,-0.56996,-0.7880699999999999,-0.37290999999999996,-0.75669,-0.96554,0.68491,-0.040389999999999995,-0.8992899999999999,-0.7862600000000001,-0.6410399999999999,-0.23508,-0.20786999999999997,-0.74659,-0.54687,1.89493,-0.25405,1.4295200000000001,0.64875,1.9741099999999998,-0.74205,-0.8754799999999999,-1.04748,-0.75126,-0.84872,-0.79871,-0.77331
1.03026,0.00562,0.9909899999999999,1.72301,1.7281799999999998,1.10774,-1.34341,0.42373,1.23056,-1.07323,-0.44176000000000004,0.86736,0.5888,-0.01215,0.17663,0.46936000000000005,-0.15059,-1.4202299999999999,-1.13983,-0.11367999999999999,-0.42662,3.52365,1.32436,-0.5935199999999999,-0.20833000000000002,-0.13363,-0.41301000000000004,-0.65777,-0.59912,-0.9662700000000001,-0.54496,-0.6986,-0.5823699999999999,2.3933299999999997,0.062189999999999995,-1.2666899999999999,-1.33244,-0.04704,-1.8547,0.4928,-0.77107,0.23683,-0.84359,-0.7004,-0.49965,-0.97803,1.52722,-0.49713,-0.037469999999999996,-0.38441,-0.9985,-0.47431,-0.8777,-0.12343,-0.64966,3.41736,0.25798000000000004,-0.64036,0.05195,-0.02431,-0.41785,-0.64126,-0.6179100000000001,-1.01492,-0.36713,-0.7682399999999999,-0.63072,3.21328
-0.18309,-0.98185,-0.48212,-0.27291,-0.41684,-0.03368,-0.81062,0.24738000000000002,0.01029,-1.75472,-0.63665,1.99299,1.4035600000000001,-0.48712,-0.1849,0.48626,0.02509,-0.48016000000000003,0.0034200000000000003,1.0896700000000001,1.39275,-0.57731,-0.73719,-0.2181,0.9255700000000001,-0.32566,-0.21523,-0.17234000000000002,-0.5935,-0.13227,-0.22599,-0.31351999999999997,-0.42916000000000004,-1.11961,-0.78159,0.05293,0.6743899999999999,-0.48034,-0.30872,0.45883999999999997,-0.45053000000000004,-0.07379,0.20689000000000002,-0.23095,1.54334,-0.5885,-1.05045,1.58398,-1.35594,0.2304,-0.29172,0.80519,0.4255,-0.31111,2.26464,-0.52086,-0.56081,-0.17653,0.95752,-0.30929,-0.2968,-0.24204,-0.3304,0.29022,-0.19494,-0.60737,-0.30161,-0.96901
-1.08175,0.6012,0.14835,-1.27595,-1.39182,-0.9174399999999999,-0.0644,-0.35486999999999996,-0.18733,1.6266,-2.30965,0.33261,2.5141,-1.71495,1.52657,0.15789,-0.4398,-0.91086,-0.2111,-1.07213,0.67999,-0.4117,-0.56018,0.61734,0.24463000000000001,-0.5688300000000001,-0.38873,-0.00075,-0.2213,0.04754,-0.45088,-0.67777,0.9464,-0.30038000000000004,-0.98746,1.47832,0.67537,-0.84621,-0.29135,-0.84667,-0.5324300000000001,-0.53687,0.87535,-1.01387,-0.47917,0.6703,2.00034,-0.45853999999999995,1.51521,-0.11015,0.03701,2.74288,1.02377,0.33509,0.9608399999999999,-0.49937,-0.72975,0.11027999999999999,0.18846,-0.39438,-0.39694,0.29591,0.63877,1.34657,-0.24018,-0.6453899999999999,1.27092,-0.25466
-0.81433,-0.8401,-1.4295,-0.48538000000000003,-0.33491,-0.63403,0.11818,-0.04343,-1.35133,-1.2133200000000002,-0.78563,2.17177,0.71523,-0.43461000000000005,0.94068,0.19727,0.5108,1.21784,0.54706,0.11022,-0.63768,-0.42901999999999996,-0.9344399999999999,0.28996,-0.24865,-0.75452,-0.42787,1.03074,0.49162,-0.44483,-0.77678,-0.45308999999999994,-0.050710000000000005,-1.0532700000000002,-0.7914100000000001,1.32359,2.17846,-1.26676,0.54929,-0.5823,-0.8432200000000001,-0.29641999999999996,2.36968,2.20853,-0.27760999999999997,0.8811200000000001,-1.40151,-0.38689,-1.0520399999999999,0.8004899999999999,-0.24011,-1.18745,-1.12275,0.32563000000000003,0.96049,-0.51208,-0.68694,1.15298,-0.64236,-0.49938999999999995,-0.47492,0.56892,1.44907,-0.07052,-0.74324,-0.31692,-0.4221,-0.65074
-1.11409,1.08827,-0.60559,-0.8626799999999999,0.28356,-0.92925,2.90287,-0.5332100000000001,-0.40102,1.07503,-2.27999,-0.67857,0.27314,-1.03931,2.26658,-0.14275,1.12721,1.19611,-0.25092,-0.73354,-1.14149,-0.34021,-0.09501,-0.6163,-0.7136399999999999,-0.8397399999999999,-0.60938,0.33712,-0.51289,-1.02944,-0.73983,-0.9281,5.31772,2.25692,-1.245,2.12898,0.98321,-0.48126,1.07419,-0.79094,1.53359,-0.55755,-0.37099,-1.14242,-0.76483,-0.9104,-1.32894,-0.16448,-0.0607,1.5773,0.46086000000000005,0.6635,-0.36691,-0.7209300000000001,-0.28649,-0.30323,0.9161100000000001,-0.42641999999999997,-0.6247199999999999,-0.59926,-0.6039100000000001,0.22694,-0.64168,-0.9868600000000001,-0.3552,-0.77231,4.01889,1.6827400000000001
0.5109600000000001,1.8107099999999998,1.79485,0.53641,1.49136,-0.27895,0.58253,-0.56382,0.24763000000000002,1.42886,-0.53345,-1.09592,0.13022999999999998,-0.32704,1.5624,1.21522,0.32796,0.025269999999999997,0.80485,-0.5673199999999999,-0.9985299999999999,-0.6177,-0.8871899999999999,-0.8358200000000001,-0.66397,-0.65623,-0.23788,-0.90207,-0.93821,-0.6601199999999999,1.14626,1.25275,0.74061,0.72112,1.43858,0.9688700000000001,-0.8796200000000001,0.88081,-0.6859,-0.0382,0.048310000000000006,-0.52412,-0.91875,-0.94696,0.52436,-0.30527,-0.47171,0.05801,0.70616,0.65858,-0.11802,-0.87187,0.58065,-0.74969,-0.09721,-0.6412399999999999,-0.7390100000000001,-0.75453,-0.40397,-0.37375,-0.15994,-0.69762,-0.95183,-0.60541,0.70292,1.6716,2.01913,-0.16644
-0.19677,0.65961,0.8749399999999999,-0.48617,-0.35936,-0.6108100000000001,0.07983,-0.65166,0.37454,0.9557399999999999,0.11294000000000001,-0.24003000000000002,-0.47184,0.07046000000000001,-0.96975,0.30218,0.71431,-0.97439,-0.07847,0.13264,0.14697000000000002,-0.61838,-0.13781,0.57043,0.29811,-0.29434,-0.56701,-0.52007,0.34975,3.12934,0.11225,-0.28819,-0.70186,0.01214,0.35605,1.09402,-0.78273,-0.27028,-1.23279,-0.5944,-0.19484,-0.5085,-0.13889,1.39065,1.20645,-0.83004,0.6623600000000001,-0.08148999999999999,0.81731,0.42628,0.15175,1.71997,2.21541,-0.3902,0.9651799999999999,-0.59504,-0.3782,1.12543,0.33455999999999997,0.18585,-0.51194,-0.40829,0.80882,2.7347200000000003,0.41163999999999995,-0.54294,-0.63969,-0.23585
1.40963,0.44095,-0.044289999999999996,0.49196000000000006,0.62468,-0.35886999999999997,0.51165,-0.38947,0.14553,-0.01576,-0.8421,0.12272999999999999,-0.46158000000000005,-0.6685300000000001,0.04192,-0.65258,-0.8013100000000001,-1.29561,-1.9758099999999998,-0.9190299999999999,0.5246,-0.17427,-0.52367,1.16777,-0.30696999999999997,-0.85736,-0.5654600000000001,-0.83347,-0.92609,-0.39353,-0.19647,-0.65151,0.78806,0.12005,1.20554,-0.23578000000000002,-0.77655,0.7790100000000001,0.09387000000000001,-0.23144,-0.66225,-0.47506000000000004,-1.02376,-0.43233,0.59523,1.19765,0.6083,-0.97406,-1.38978,0.70006,-0.06509,1.65802,-1.43238,0.29485,3.33092,-0.1164,-0.7532,1.7144400000000002,-0.10359000000000002,-0.68221,-0.58523,-0.60721,-0.9901399999999999,-0.08657999999999999,0.06781000000000001,-0.66867,2.19659,0.22104000000000001
-0.6762699999999999,1.49681,1.08889,-1.1821700000000002,-1.29069,-0.87603,0.10497999999999999,-0.56582,0.4534,1.3187200000000001,-0.4305,-1.4839,-1.0608799999999998,-0.2299,-0.12786,0.09668,-0.32354,0.12546,-0.12944,-0.7165199999999999,-1.6815900000000001,-0.25676,-0.44882,-0.73537,-0.80257,-0.01438,-0.19680999999999998,-0.10275999999999999,-0.7774800000000001,-0.9801700000000001,0.97649,0.91451,-0.19128,-0.2252,-0.5058199999999999,-0.45773,-1.07639,-0.8376399999999999,0.44088999999999995,-0.80892,0.02715,-0.5367,-0.8884,-0.84796,1.57019,1.33207,-0.08489,-1.6233899999999999,-0.026060000000000003,-1.1173600000000001,0.20506,-1.50495,-1.34455,-0.8447100000000001,-0.8414,-0.23721,-0.5233899999999999,-0.70825,-0.71792,0.12615,-0.22046999999999997,-0.40276999999999996,-0.9656,-1.00226,1.27893,0.49301000000000006,-0.29909,-0.17139000000000001
1.33438,-1.23623,-1.90337,0.9279200000000001,0.9143700000000001,0.53451,-0.77772,-0.09201000000000001,-0.03197,-0.94376,0.30541,-0.17025,0.42277,0.9611200000000001,0.92412,0.02051,0.9305899999999999,-0.01183,0.86775,0.7963399999999999,-0.61387,-0.60549,-0.46558999999999995,-0.44211000000000006,-0.50456,0.9191799999999999,-0.02373,-0.33536,0.44885,-0.01243,-0.27368000000000003,1.43727,-0.34086,-0.40453,0.85298,-0.8669399999999999,-0.12302,0.22021,-1.12999,0.27344,-0.99735,-0.24649000000000001,-0.26071,0.75156,0.48251000000000005,3.32595,1.4259600000000001,0.0869,0.31467,-0.99529,0.19171,-1.11958,-1.13652,-0.6584399999999999,-1.23401,-0.62148,-0.58323,-0.68512,-0.67706,1.34047,0.14193,-0.06758,1.49255,-0.0619,-0.5794699999999999,1.6295,-0.29446,-0.041460000000000004
-0.4642,0.6369600000000001,0.19698,-0.0755,0.49446,-0.36229,-0.29691999999999996,-0.38415,0.9500700000000001,-0.10567,-0.84272,0.06404,0.62545,1.00111,0.12922999999999998,-0.18555,0.0145,-1.18305,-0.22529000000000002,-0.80733,-0.96349,-0.59806,-0.56196,-0.71506,-0.63158,-0.58089,-0.1503,-0.36054,-0.29124,0.56655,-0.93695,-0.17505,1.62285,-0.04858,-0.62157,-0.5909300000000001,-0.50466,-0.44483,-1.19939,-0.01135,-0.84311,-0.50703,-1.03282,-0.22721,-0.16401,-0.19351,-0.30054000000000003,-0.83442,0.08707000000000001,0.22209,0.11939000000000001,-0.3631,0.9435600000000001,-0.70773,-0.05596,-0.61105,-0.47738,-0.7028300000000001,-0.79035,-0.3437,-0.16466,-0.51566,-0.59658,1.6201299999999998,-0.8356399999999999,0.03297,1.97993,0.47644
-0.6613399999999999,0.27037,-0.6328699999999999,-0.80786,-1.41304,-0.6117,2.78297,-0.49262,-0.06863999999999999,-0.45096,-0.7735,-0.22680999999999998,0.69655,0.7165699999999999,0.53261,-0.58406,0.10952,0.91924,1.1228799999999999,-0.18372,0.22149000000000002,-0.34768000000000004,-0.19949,-0.48583000000000004,-0.78381,4.131869999999999,-0.63058,-0.92768,-0.64025,0.11672,0.44009,-0.33202,-0.74751,-0.10928,-0.6054,-0.13967000000000002,0.61782,0.33331,1.0933,-0.29780999999999996,3.57976,-0.60048,0.29758,-1.10365,-1.15628,-0.08907000000000001,-1.5014299999999998,-2.1503799999999997,0.65007,-0.50813,0.68284,1.13083,1.99469,1.36364,0.30775,0.11017,0.76279,-0.13292,-0.7632399999999999,6.1504199999999996,-0.62025,-0.54435,-0.44037,1.15093,0.46536000000000005,-0.08457,-0.58317,-0.01832
-0.05995,0.8825,0.8713299999999999,-0.5081600000000001,0.08591,-0.7664,-0.47978999999999994,-0.4254,0.96562,0.54974,-1.12677,0.24727,-0.45106999999999997,0.25206999999999996,-0.37206,-0.83252,0.58057,0.20477,-1.09125,-1.4537799999999999,-0.49513999999999997,-0.30193000000000003,0.61473,-0.47297,-0.78689,-0.60129,-0.29127,-0.79833,-0.58702,0.7259800000000001,-0.49843000000000004,0.43463,0.22426,-0.52676,-0.88241,0.23075,-0.70954,-0.6601,0.43795,-0.76144,0.01183,-0.56174,-1.0019200000000001,-1.68915,0.1035,0.44359,0.61465,0.0996,0.9587600000000001,0.26489,0.50652,-1.26058,1.09513,0.27137,-0.94511,-0.44427,1.0189700000000002,-0.49235,-0.7256600000000001,-0.51403,-0.20748000000000003,-0.6452600000000001,-0.7064699999999999,0.54291,-0.38856,0.44236000000000003,0.1841,-0.76269
0.38098000000000004,-0.6874399999999999,0.55245,0.10182999999999999,-0.42017,0.03345,-0.95739,-0.39147,0.46283,0.34961,0.91659,-0.19802,-1.54749,-0.08914,1.30413,-1.31876,1.76442,0.22981999999999997,0.19649,0.05196,-0.26188,-0.35188,-0.5556399999999999,-0.67873,-0.38223,-0.055920000000000004,-0.43098000000000003,0.34489000000000003,0.32852,1.83997,0.88636,-0.0664,-0.11234000000000001,-0.33682,-0.50683,-1.10144,-1.30705,-0.60483,-1.03145,-0.35756,-0.8697,-0.34497,-0.95342,-0.46481999999999996,0.14087,0.49336,0.04963,-0.47618,-0.80542,-0.37272,-0.11653,-1.2808,-1.03339,1.29779,-0.28309,-0.24198000000000003,-0.3466,-0.70268,-0.37433,0.04116,-0.5321100000000001,0.25709,-0.07626000000000001,1.01453,0.44251,-0.38697,-0.02593,-0.57938
0.36108,-0.53313,-1.30349,0.15008,-0.03721,-0.1451,-0.19084,-0.5372,0.09206,0.32504,0.43317,-0.56186,-1.45455,0.67625,-0.50516,0.41748,1.0309,0.29369,0.5278,-0.11805,0.68325,-0.54403,1.3846399999999999,-0.13727999999999999,-0.5161,-0.63063,-0.40799,1.10368,-0.29033000000000003,1.7615,0.9147200000000001,-0.6345,-0.61554,0.11488,0.95952,0.14165,1.32621,1.17944,1.50924,0.07733999999999999,-0.74843,-0.47523000000000004,-0.07723,1.01362,-0.23560999999999999,0.28162,1.22567,-0.6823100000000001,-0.76655,-1.0145899999999999,0.28168000000000004,0.9533,1.28305,0.07465,-0.046669999999999996,-0.48041999999999996,3.1936299999999997,-0.35729,-0.61482,-0.6108,-0.33583,1.4981799999999998,-0.65661,1.98583,0.97908,-0.58816,-0.66873,-0.49111000000000005
