0.54643,0.03938,0.0253,0.07571,0.25749,0.00822,0.01075,0.036719999999999996,0.03025,0.02497,0.07111,0.3444,0.39187,0.07669,0.0348,0.02592,0.01771,0.036039999999999996,0.08983,0.32758000000000004,0.43462,0.06185,0.02663,0.0057399999999999994,0.15774000000000002,0.06971000000000001,0.06069,0.34453,0.15195999999999998,0.03803,0.013909999999999999,0.16342,0.75142,0.02441,0.03282,0.013069999999999998,0.01545,0.01653,0.0343,0.11199,0.10379000000000001,0.12272000000000001,0.12587,0.11750999999999999,0.14045,0.16792,0.14717,0.07457000000000001,0.0311,0.04091,0.14512,0.27081,0.28264,0.13997,0.05221,0.03723,0.31113,0.036469999999999995,0.10724000000000002,0.08897999999999999,0.15825999999999998,0.08653,0.07701000000000001,0.13438,0.61383,0.00464,0.014980000000000002,0.00521,0.01496,0.016630000000000002,0.03597,0.29377,0.24453000000000003,0.26664,0.13175,0.07061,0.07929,0.02657,0.046830000000000004,0.13377999999999998,0.07097,0.057460000000000004,0.15958,0.14631,0.14299,0.10004,0.23299,0.08967,0.29086999999999996,0.14155,0.20239000000000001,0.06096,0.0312,0.00618,0.00952,0.25733,0.42983000000000005,0.01296,0.00828,0.0114,0.22769,0.0043100000000000005,0.05099,0.25454,0.08055,0.06548,0.05802,0.14747000000000002,0.37382,0.15488,0.0843,0.035480000000000005,0.04584,0.09256,0.15341,0.25135,0.32135,0.05869,0.04775,0.029039999999999996,0.28936999999999996,0.06851,0.10615999999999999,0.17824,0.22741,0.00707,0.014219999999999998,0.10902
0.44193999999999994,0.00022,0.031330000000000004,0.041819999999999996,0.42378000000000005,0.00145,0.00992,0.04954,0.23904,0.03167,0.048119999999999996,0.29222,0.22485,0.06516,0.028980000000000002,0.06996000000000001,0.02684,0.04755,0.11540999999999998,0.29984,0.42713999999999996,0.04898,0.02392,0.010320000000000001,0.1157,0.08382,0.07575,0.42063,0.16393,0.017419999999999998,0.01782,0.10492,0.8865700000000001,0.00247,0.00503,0.0,0.01973,0.00238,0.0071,0.07672000000000001,0.29989,0.09112999999999999,0.07658999999999999,0.14520999999999998,0.09382,0.10812000000000001,0.069,0.11622,0.21323000000000003,0.05264,0.11972999999999999,0.12134,0.17399,0.08753,0.10182000000000001,0.1297,0.19695,0.09018999999999999,0.1246,0.13003,0.19642,0.06951,0.07372999999999999,0.11855999999999998,0.66974,0.0109,0.01155,0.00236,0.024,0.00551,0.01546,0.26048000000000004,0.11259000000000001,0.17463,0.09725,0.10272,0.10478,0.08275,0.12622,0.19905,0.07546,0.18001,0.2014,0.13398,0.17301,0.06934,0.13203,0.03476,0.32500999999999997,0.16990999999999998,0.215,0.036969999999999996,0.03433,0.010029999999999999,0.02143,0.18732000000000001,0.36412,0.02325,0.08341,0.24233000000000002,0.10374000000000001,0.010709999999999999,0.006640000000000001,0.1658,0.14777,0.03015,0.03249,0.04647,0.19014,0.12208,0.2591,0.17181,0.03556,0.04808,0.19546,0.23049,0.37185999999999997,0.0692,0.03435,0.015,0.19924,0.19266,0.24888000000000002,0.14384,0.10764000000000001,0.008,0.01633,0.08341
0.5028199999999999,0.01665,0.02597,0.05092,0.31673,0.00415,0.02047,0.062279999999999995,0.11482,0.033960000000000004,0.06632,0.39523,0.27755,0.05842000000000001,0.022609999999999998,0.03108,0.04802,0.04116,0.09641,0.23755,0.49815,0.03223,0.030289999999999997,0.01619,0.14618,0.09137,0.08163,0.34448,0.13369,0.04432,0.01138,0.14697000000000002,0.8228200000000001,0.00775,0.00642,0.0,0.00868,0.00045,0.013590000000000001,0.14029,0.06833,0.09517,0.10199,0.21581,0.17920999999999998,0.17152,0.12625999999999998,0.041710000000000004,0.20223,0.05442999999999999,0.15624000000000002,0.22925,0.09179,0.05629,0.0732,0.13656,0.17678,0.038239999999999996,0.08207,0.16726,0.29128000000000004,0.10017999999999999,0.03431,0.10989000000000002,0.64748,0.00095,0.00183,0.0,0.0098,0.00717,0.03261,0.30015,0.1535,0.26292,0.19172999999999998,0.13769,0.08624,0.03422,0.060020000000000004,0.07367,0.15248,0.1978,0.1546,0.08432,0.0799,0.039560000000000005,0.18448,0.10685,0.23390999999999998,0.10974,0.15989,0.0891,0.06125,0.01913,0.03136,0.29562,0.49086,0.0184,0.03296,0.03485,0.20462,0.0034,0.05441,0.16050999999999999,0.07053,0.07454,0.0611,0.15657000000000001,0.3056,0.10879000000000001,0.14463,0.07824,0.01255,0.028189999999999996,0.08715,0.18582,0.54589,0.10503,0.030369999999999998,0.005,0.23037,0.10112,0.07178999999999999,0.12093,0.23559000000000002,0.01185,0.02945,0.1989
0.43746999999999997,0.00374,0.032889999999999996,0.0,0.47126999999999997,0.0019100000000000002,0.0069700000000000005,0.04575,0.32422,0.05946,0.02129,0.31918,0.13385999999999998,0.05507000000000001,0.0407,0.04621,0.03466,0.03744,0.08076,0.1749,0.56284,0.07407000000000001,0.02138,0.013969999999999998,0.14356,0.07184,0.056760000000000005,0.41113999999999995,0.16414,0.023190000000000002,0.03094,0.09844,0.96841,0.0035299999999999997,0.00361,0.0,0.01082,0.0007599999999999999,0.00778,0.00509,0.16442,0.1399,0.07405,0.11152000000000001,0.14347000000000001,0.16867000000000001,0.11448,0.08349,0.04722,0.02928,0.14847,0.28681,0.28995,0.10825,0.05546,0.03457,0.23911,0.10242000000000001,0.1105,0.07337,0.14379,0.07032000000000001,0.07198,0.1885,0.7037,0.00164,0.00151,0.0,0.00796,0.00027,0.00359,0.28133,0.18667999999999998,0.22859000000000002,0.18137,0.11569000000000002,0.09639,0.018619999999999998,0.07482,0.09783,0.06722,0.15267999999999998,0.18712,0.13492,0.10744000000000001,0.07572000000000001,0.20123,0.07365,0.32915,0.20307,0.17222,0.050589999999999996,0.03959,0.01772,0.024419999999999997,0.16326,0.46285,0.01789,0.02675,0.08297,0.11582999999999999,0.00554,0.01168,0.27648,0.05421,0.04687,0.03984,0.0795,0.3846,0.15254,0.13377,0.10869000000000001,0.06758,0.06974,0.16719,0.13491,0.37131,0.08221,0.0605,0.04655,0.20868,0.17585,0.1302,0.05595,0.25833,0.00946,0.019280000000000002,0.14225
0.44963000000000003,0.09032000000000001,0.04518,0.06093,0.27579000000000004,0.02348,0.02415,0.03052,0.027819999999999998,0.029960000000000004,0.08612,0.23371,0.41913999999999996,0.10638,0.08217999999999999,0.01469,0.01594,0.03584,0.10683,0.33543,0.42951000000000006,0.04492,0.025240000000000002,0.0063,0.14167000000000002,0.07143,0.06615,0.24197,0.27188,0.030969999999999998,0.009640000000000001,0.16627999999999998,0.6713399999999999,0.02598,0.01987,0.05516,0.06309,0.053570000000000007,0.055229999999999994,0.05577000000000001,0.17965,0.21971,0.13743,0.08403,0.08581,0.07552,0.1104,0.10745999999999999,0.03692,0.04641,0.13358,0.21983000000000003,0.2431,0.13976,0.11505,0.06534,0.34345,0.08073999999999999,0.08794,0.04852,0.07297000000000001,0.05675,0.07146,0.23818000000000003,0.51122,0.06957999999999999,0.06433,0.03022,0.025730000000000003,0.01068,0.07321,0.21503000000000003,0.12593,0.20297,0.17192000000000002,0.20112,0.14978,0.03899,0.05596,0.053329999999999995,0.06699,0.08288999999999999,0.21040999999999999,0.12345999999999999,0.13948,0.06368,0.22296,0.09014,0.3221,0.17377,0.11784000000000001,0.02276,0.03429,0.013609999999999999,0.02337,0.29225999999999996,0.4581,0.036930000000000004,0.02118,0.044430000000000004,0.14372000000000001,0.012740000000000001,0.09988999999999999,0.18302000000000002,0.013430000000000001,0.01951,0.08333,0.20101,0.4874,0.11815,0.053720000000000004,0.02345,0.08636,0.07372999999999999,0.08352000000000001,0.12802,0.38982,0.1225,0.08271,0.033339999999999995,0.20733000000000001,0.05757999999999999,0.09043,0.17015999999999998,0.22183000000000003,0.00932,0.02521,0.21814
0.4827,0.00233,0.03247,0.02228,0.44155,0.00372,0.0118,0.00315,0.30328,0.08146,0.02671,0.30374,0.15056,0.039639999999999995,0.05055,0.04405,0.04899,0.057479999999999996,0.08842,0.21795,0.50308,0.05135,0.02396,0.00877,0.15502,0.08296,0.04045,0.33365,0.25674,0.0075,0.01739,0.10629000000000001,0.88618,0.0019399999999999999,0.00037,0.0,0.007540000000000001,0.00029,0.0030800000000000003,0.10057999999999999,0.10181,0.09346,0.11314,0.17406,0.14344,0.1494,0.14149,0.0832,0.03655,0.04573,0.18825,0.26118,0.2508,0.10719000000000001,0.08201,0.02829,0.28226,0.09765,0.10885999999999998,0.06688999999999999,0.12732000000000002,0.05269,0.06068,0.20365,0.73001,0.0014,0.00346,0.00105,0.012490000000000001,0.01268,0.019530000000000002,0.21938000000000002,0.17723,0.24833000000000002,0.15785,0.13185999999999998,0.11233,0.027739999999999997,0.06772,0.07695,0.06308,0.08589,0.23226,0.16847,0.1016,0.07194,0.20369,0.07306,0.29294000000000003,0.20222,0.16227,0.02888,0.04779,0.01737,0.02365,0.22488000000000002,0.46734,0.013000000000000001,0.03136,0.06972,0.11828,0.009609999999999999,0.01542,0.27526999999999996,0.05177999999999999,0.03406,0.03998,0.07705,0.3978,0.13441,0.13962,0.1253,0.08872000000000001,0.08841,0.1688,0.12443,0.31026,0.10847000000000001,0.0658,0.045110000000000004,0.1918,0.13905,0.13885999999999998,0.10655999999999999,0.21436,0.00924,0.02658,0.17355
0.47176999999999997,0.046689999999999995,0.03486,0.04675,0.30167,0.004370000000000001,0.03113,0.06277,0.01818,0.01891,0.07618,0.33071999999999996,0.27903,0.14459,0.11795,0.01444,0.00792,0.02735,0.15348,0.40263000000000004,0.36666,0.01974,0.01376,0.008459999999999999,0.20549,0.043460000000000006,0.05976,0.34335,0.21354,0.03839,0.013630000000000001,0.08237,0.82357,0.01255,0.00619,0.0038299999999999996,0.015580000000000002,0.00464,0.03397,0.09967000000000001,0.20351,0.15993,0.1165,0.07676000000000001,0.13382,0.1014,0.10350999999999999,0.10455999999999999,0.05869,0.06297,0.14077,0.16408,0.20071,0.18941,0.12412000000000001,0.05925,0.24373000000000003,0.10226,0.1396,0.07252,0.07926,0.05466,0.0549,0.25306,0.48927,0.0195,0.027039999999999998,0.01699,0.027160000000000004,0.013590000000000001,0.058879999999999995,0.34756,0.16989,0.2095,0.16199000000000002,0.12082000000000001,0.10404000000000001,0.051089999999999997,0.07075,0.11192,0.05131,0.11422,0.25809,0.12582000000000002,0.07078,0.11039000000000002,0.23144,0.03795,0.42281,0.15991,0.1336,0.03518,0.034710000000000005,0.0047799999999999995,0.016659999999999998,0.19234,0.36479,0.00547,0.08084,0.21455,0.14672000000000002,0.00635,0.039580000000000004,0.1417,0.06565,0.024919999999999998,0.043089999999999996,0.13549,0.39404,0.13097999999999999,0.1176,0.08822,0.04093,0.043,0.13849,0.21129,0.35065999999999997,0.11259000000000001,0.07126,0.0318,0.23559000000000002,0.056179999999999994,0.10267000000000001,0.12531,0.27571999999999997,0.00995,0.02043,0.17414000000000002
0.8287700000000001,0.024380000000000002,0.043019999999999996,0.185,0.78481,0.00885,0.00863,0.11655,0.09691,0.25547,0.08879,0.41111000000000003,1.0465799999999998,0.03291,0.03422,0.034010000000000006,0.04208,0.15274000000000001,0.13801,0.23293000000000003,1.36624,0.02876,0.02263,0.01661,0.3394,0.10402,0.11529,0.21636,0.8860399999999999,0.052860000000000004,0.04415,0.24189000000000002,1.57886,0.02868,0.05316,0.03575,0.04498,0.01937,0.020880000000000003,0.21832,0.25377,0.5040600000000001,0.2714,0.20471,0.2932,0.10994000000000001,0.20490999999999998,0.158,0.12282,0.16319,0.46858,0.56972,0.30604000000000003,0.15475,0.11706,0.09784,0.90274,0.14174,0.10399000000000001,0.02907,0.06226,0.058539999999999995,0.20561,0.49605,1.2997,0.23265,0.04417,0.03735,0.0324,0.02705,0.05853,0.26815,0.32623,0.30156,0.35688000000000003,0.33397,0.22183000000000003,0.0751,0.23576999999999998,0.14865,0.18866,0.48845,0.61288,0.27282,0.24372,0.08732999999999999,0.05587,0.05025,0.49612,0.10357999999999999,0.20590999999999998,0.16304000000000002,0.11757999999999999,0.05561,0.08818,0.76998,0.9726899999999999,0.005529999999999999,0.01314,0.12207,0.40465999999999996,0.25538,0.05845,0.16808,0.15604,0.08052000000000001,0.10933,0.47453,0.75625,0.11010999999999999,0.14454,0.16867000000000001,0.13817000000000002,0.1167,0.14053,0.5351600000000001,0.8279700000000001,0.07762000000000001,0.07392,0.08992,0.46133,0.11825999999999999,0.12864,0.21070999999999998,0.5515,0.09208999999999999,0.06434,0.37313
0.81666,0.041639999999999996,0.0203,0.18674000000000002,0.75776,0.011859999999999999,0.02061,0.14442,0.08678999999999999,0.29085,0.10513,0.40483,0.96519,0.03885,0.06327,0.04509,0.07428,0.12485,0.1381,0.20143,1.26556,0.09097999999999999,0.05384,0.05097,0.37326,0.07603,0.07907,0.28534,0.83129,0.015430000000000001,0.06878,0.2708,1.5920299999999998,0.04,0.07653,0.05285,0.028919999999999998,0.013969999999999998,0.01872,0.17698,0.3661,0.74306,0.27559,0.10701,0.09537999999999999,0.04997,0.14889000000000002,0.21399,0.17461,0.20781999999999998,0.51827,0.47698999999999997,0.32353000000000004,0.10071000000000001,0.0941,0.10397999999999999,0.7971600000000001,0.07965,0.0942,0.06773,0.052039999999999996,0.0823,0.27853,0.54838,1.39679,0.020980000000000002,0.052520000000000004,0.02839,0.051579999999999994,0.0138,0.03209,0.40386,0.30311,0.45087,0.23176999999999998,0.32802,0.25290999999999997,0.12272000000000001,0.17337,0.13724,0.15286,0.41343,0.43111000000000005,0.2926,0.20147,0.12055999999999999,0.26358000000000004,0.12437999999999999,0.64378,0.20257999999999998,0.17428,0.17140999999999998,0.11772,0.06356,0.08002000000000001,0.54664,1.03685,0.03746,0.01697,0.06189,0.51599,0.0296,0.05948,0.24176999999999998,0.22930999999999999,0.09561,0.10077,0.21122,1.05397,0.0958,0.11565,0.09767999999999999,0.14717,0.10013,0.13826,0.51549,0.77504,0.10287,0.10536,0.1157,0.38499,0.13046,0.16392,0.25564000000000003,0.47018000000000004,0.02928,0.07787000000000001,0.48766000000000004
0.82636,0.02396,0.02947,0.162,0.79909,0.013040000000000001,0.01438,0.13169,0.10827,0.31771,0.09083,0.36641,0.99351,0.04373,0.04899,0.030560000000000004,0.09269,0.12542999999999999,0.13347,0.13960999999999998,1.31965,0.07874,0.04995,0.06046,0.418,0.07808999999999999,0.07543,0.28089000000000003,0.8325799999999999,0.020390000000000002,0.077,0.21763000000000002,1.5748,0.0348,0.0691,0.04924,0.02947,0.014980000000000002,0.01593,0.21166999999999997,0.30893000000000004,0.7452300000000001,0.27578,0.15191,0.10497999999999999,0.049010000000000005,0.16409,0.20006,0.13105999999999998,0.20646,0.52237,0.48206000000000004,0.30839,0.16948,0.08847000000000001,0.09172000000000001,0.83539,0.07082000000000001,0.08353,0.03651,0.06991,0.08804,0.29074,0.5250600000000001,1.37046,0.02742,0.04753,0.02915,0.048639999999999996,0.0167,0.0342,0.4259,0.31298000000000004,0.46316999999999997,0.2816,0.28024,0.29399000000000003,0.12218,0.13389,0.11195999999999999,0.12075,0.36741999999999997,0.42978999999999995,0.28626999999999997,0.25167,0.14206,0.24823,0.15381,0.5523399999999999,0.23555,0.17194,0.20979,0.08897999999999999,0.054779999999999995,0.05926,0.62736,1.00082,0.039330000000000004,0.03319,0.03559,0.5482600000000001,0.02907,0.052779999999999994,0.26095,0.18949000000000002,0.09212999999999999,0.12519,0.26139,1.01257,0.11180999999999999,0.10627,0.10115,0.18524000000000002,0.07274,0.09895,0.42816000000000004,0.85305,0.09342,0.12937,0.13906,0.31428,0.13405999999999998,0.15113,0.29474,0.43554,0.0356,0.0803,0.55435
0.8510200000000001,0.04106,0.01875,0.18325,0.76753,0.015569999999999999,0.0209,0.10194,0.20215,0.21614,0.11177000000000001,0.21936999999999998,1.1338700000000002,0.04218,0.03656,0.03797,0.10400000000000001,0.15269000000000002,0.10344,0.11382,1.35951,0.06925,0.05412,0.04317,0.34759,0.0481,0.05561,0.26391,0.87476,0.04198,0.07403,0.29403,1.51163,0.02271,0.05027,0.05971,0.04718,0.02162,0.01987,0.26702,0.29091999999999996,0.33064,0.41273000000000004,0.2473,0.22963000000000003,0.08572,0.22215,0.18091,0.15822999999999998,0.29932,0.58785,0.32316,0.31523,0.15517,0.09618,0.06487000000000001,0.77058,0.04052,0.0983,0.06527999999999999,0.07551000000000001,0.08821,0.24931999999999999,0.61228,1.37744,0.05873,0.05202999999999999,0.044539999999999996,0.03957,0.02652,0.05339,0.34778000000000003,0.27318000000000003,0.4712,0.29718,0.24688000000000002,0.27759,0.13829,0.17968,0.11599000000000001,0.19754000000000002,0.28828000000000004,0.45937,0.22105,0.27534000000000003,0.3043,0.16989,0.08424,0.79796,0.21029,0.15869,0.17501,0.07929,0.02792,0.05123,0.4996,0.98272,0.03115,0.04174,0.043039999999999995,0.56414,0.04122,0.048010000000000004,0.24796999999999997,0.1311,0.08726,0.15154,0.32505,0.9964799999999999,0.11936,0.1169,0.07231,0.16888,0.10057,0.09115,0.46156,0.88231,0.05243,0.09587999999999999,0.14720999999999998,0.29366,0.13772,0.13675,0.41977,0.40055,0.03676,0.0726,0.5021899999999999
0.81375,0.01347,0.03843,0.18074,0.72343,0.04047,0.04359,0.14612,0.1526,0.27575,0.13097,0.24495,1.11025,0.02843,0.027780000000000003,0.02928,0.07912000000000001,0.14858,0.07259,0.12780999999999998,1.3989200000000002,0.06182000000000001,0.07556,0.03559,0.35253,0.04842,0.06552000000000001,0.2207,0.91814,0.029060000000000002,0.1176,0.24802,1.32124,0.10789000000000001,0.14376,0.07554,0.05691,0.019430000000000003,0.047580000000000004,0.22764,0.26411,0.40686,0.33131,0.26237,0.28904,0.0997,0.17155,0.17505,0.19748,0.44664,0.5778,0.3155,0.21448000000000003,0.06686,0.10868,0.07257000000000001,0.75531,0.11698,0.15575,0.09328,0.0585,0.07622000000000001,0.21696,0.527,1.22838,0.22098,0.09887,0.06207000000000001,0.04566,0.033960000000000004,0.07028,0.23981999999999998,0.22748000000000002,0.17368,0.37523,0.32419000000000003,0.34661,0.13940999999999998,0.2641,0.14929,0.29228000000000004,0.45156,0.36235,0.11377999999999999,0.24791999999999997,0.27893,0.18254,0.07064,0.7034,0.2169,0.17268,0.1561,0.0885,0.03414,0.041839999999999995,0.58643,0.9537700000000001,0.04849,0.0403,0.056729999999999996,0.52295,0.060329999999999995,0.03415,0.28326999999999997,0.08358,0.06838,0.14343,0.42568,0.9006799999999999,0.09841,0.12648,0.15336,0.18866,0.07855,0.0933,0.5141100000000001,0.89881,0.03355,0.09554,0.09747,0.49104,0.1528,0.1221,0.4058,0.40448,0.05455,0.06573999999999999,0.30349
0.8614799999999999,0.029419999999999998,0.03472,0.25087,0.65627,0.05262000000000001,0.02635,0.08826,0.10142000000000001,0.33639,0.13101,0.29211,1.04891,0.0279,0.03721,0.02505,0.08175,0.19518,0.11148,0.17117000000000002,1.29329,0.05558,0.0495,0.04205,0.35185,0.029960000000000004,0.06547,0.29224,0.86818,0.0245,0.07512,0.2927,1.32075,0.12218,0.1162,0.0391,0.03633,0.01718,0.04025,0.308,0.13402999999999998,0.35358,0.31103000000000003,0.5813699999999999,0.27984000000000003,0.10553,0.12736,0.10726,0.24948,0.22386,0.21803000000000003,0.28126999999999996,0.36804000000000003,0.14211,0.27663000000000004,0.24058000000000002,0.8046399999999999,0.05555,0.11700999999999999,0.11652,0.12025999999999999,0.11463,0.13282,0.53857,1.29132,0.16147999999999998,0.06477000000000001,0.019540000000000002,0.04747,0.04757,0.06761,0.30024,0.21989,0.27138,0.50261,0.37075,0.25490999999999997,0.07843,0.16332,0.13871,0.18989,0.35631999999999997,0.39266,0.47689,0.37185,0.08632999999999999,0.054529999999999995,0.07153,0.6945899999999999,0.13875,0.14481,0.04305,0.07259,0.03985,0.23099,0.63537,1.13591,0.01703,0.01722,0.033319999999999995,0.5432899999999999,0.04498,0.01791,0.19034,0.12795,0.0766,0.15515,0.51053,0.57789,0.14787,0.20553000000000002,0.19848,0.15596,0.11164,0.19386,0.50058,0.82005,0.07836,0.07003,0.06952,0.52786,0.15285,0.19563,0.26055,0.42865,0.03965,0.06856,0.32626
0.7111,0.04049,0.05069,0.1212,0.7951,0.06529,0.03343,0.1827,0.08495,0.33908,0.11993,0.22746999999999998,1.1490200000000002,0.02449,0.0313,0.02376,0.11302000000000001,0.1364,0.11270999999999999,0.26175,1.1684,0.03163,0.10103999999999999,0.07505,0.34349,0.02835,0.03223,0.35038,0.82785,0.03603,0.08457999999999999,0.29707,1.00605,0.16775,0.16254000000000002,0.06698,0.07907,0.04036,0.10065,0.37659000000000004,0.33533,0.41521,0.34460999999999997,0.17603,0.28099,0.09713,0.18925,0.16144,0.0949,0.10717,0.27044,0.44932,0.62611,0.24331,0.10189,0.10686,0.70633,0.11167,0.08373,0.02777,0.11087999999999999,0.10284000000000001,0.17649,0.68028,0.9694,0.13874,0.13785999999999998,0.04685,0.05086,0.029789999999999997,0.10975,0.51675,0.28893,0.36051,0.43586,0.22014,0.18738,0.12937,0.26121,0.1166,0.1828,0.35831,0.43796999999999997,0.22519,0.31216,0.23217,0.18062999999999999,0.07077,0.64663,0.13072,0.11485,0.09954,0.2429,0.09612000000000001,0.11829,0.55095,1.11505,0.01938,0.01281,0.01629,0.5148699999999999,0.03469,0.14905,0.13785,0.15925999999999998,0.10655999999999999,0.13749,0.45878,0.7490600000000001,0.12641,0.12183,0.14062,0.2135,0.08723,0.1274,0.38423,0.8362,0.09537000000000001,0.10605999999999999,0.15001,0.42996999999999996,0.12402,0.0509,0.29223000000000005,0.48323,0.07499,0.10968,0.43498000000000003
0.86975,0.04633,0.06731000000000001,0.23409000000000002,0.5975199999999999,0.028980000000000002,0.02078,0.13524,0.052070000000000005,0.06242,0.13719,0.38479,1.2569299999999999,0.04442,0.034710000000000005,0.027460000000000002,0.12275,0.07015,0.03953,0.40749,1.1510200000000002,0.02665,0.08647,0.09595,0.36988000000000004,0.010409999999999999,0.01378,0.28262,0.8599899999999999,0.0803,0.11485,0.26818000000000003,1.33718,0.03493,0.03614,0.033780000000000004,0.04502,0.08208,0.12362000000000001,0.30725,0.49693999999999994,0.30035,0.24531999999999998,0.15653,0.22987,0.14235,0.25,0.17864000000000002,0.16055,0.20452,0.33741,0.35431999999999997,0.42173,0.24789,0.17399,0.09959,0.71716,0.08707999999999999,0.10386,0.07484,0.19717,0.07597999999999999,0.12215999999999999,0.62175,1.1838600000000001,0.050519999999999995,0.25332,0.04545,0.06645,0.06442,0.0497,0.28626999999999997,0.45325,0.34649,0.41063999999999995,0.19855,0.18458,0.07814,0.19359,0.13476,0.29343,0.40417,0.29614,0.17285999999999999,0.22904000000000002,0.27021999999999996,0.25437,0.07977000000000001,0.67837,0.11275999999999999,0.09611,0.0955,0.20772,0.15947,0.12052,0.52955,0.7215699999999999,0.15235,0.19437000000000001,0.22246,0.40021,0.05897,0.02217,0.2279,0.07232999999999999,0.08918,0.1168,0.49663,1.00105,0.15893,0.04542,0.01966,0.16845,0.05219,0.09365,0.39294,0.86923,0.11149,0.15924000000000002,0.1528,0.41218,0.1179,0.09099,0.34163000000000004,0.49145,0.11385,0.1037,0.32831
0.82465,0.030969999999999998,0.04349,0.15919,0.80824,0.0101,0.00827,0.11508,0.11348,0.25559,0.09639,0.39982,0.9584,0.03839,0.08841,0.04952,0.08505,0.08609,0.10468,0.31064,1.20048,0.03925,0.08526,0.08856,0.2842,0.01792,0.025710000000000004,0.30887,0.84251,0.07527,0.13166,0.31385,1.47674,0.02905,0.041389999999999996,0.03151,0.04573,0.04987,0.049319999999999996,0.27638,0.36375,0.7430399999999999,0.25733,0.09437000000000001,0.1625,0.06766,0.12648,0.18487,0.2108,0.12192,0.31751,0.38339,0.39684,0.29595,0.15281,0.12079000000000001,0.5070600000000001,0.13683,0.11748,0.0907,0.24611999999999998,0.0973,0.12925999999999999,0.67525,1.3762,0.04194,0.051160000000000004,0.0435,0.0482,0.06516,0.05442,0.31940999999999997,0.26293,0.4178,0.44413,0.27232,0.23634000000000002,0.10076,0.17087,0.09486,0.22630999999999998,0.38051999999999997,0.49346,0.09849,0.11073,0.21356999999999998,0.39496,0.08197,0.56358,0.15632000000000001,0.11807999999999999,0.07955,0.21435,0.11381,0.14128,0.61302,1.09127,0.00824,0.01522,0.02925,0.5561699999999999,0.0271,0.04025,0.2325,0.19394,0.05851,0.14132,0.40731,0.92394,0.09083,0.08828,0.09587000000000001,0.22213000000000002,0.10469,0.13063,0.37673,0.77261,0.08674,0.12379000000000001,0.18268,0.3244,0.07382000000000001,0.08774,0.2446,0.5855199999999999,0.1098,0.09477000000000001,0.47936999999999996
0.80895,0.01712,0.05366,0.1957,0.77915,0.01119,0.007490000000000001,0.12675,0.07885,0.20978000000000002,0.11232,0.33065,1.0352700000000001,0.03882,0.10082,0.09349,0.08338999999999999,0.08621000000000001,0.13422,0.25801999999999997,1.24559,0.02369,0.08041,0.08847999999999999,0.26271,0.03302,0.02609,0.24964,0.8796200000000001,0.07487,0.15117,0.32288,1.51578,0.0353,0.03915,0.0276,0.04388,0.034010000000000006,0.05899,0.24529,0.36069,0.7892899999999999,0.29235,0.07721,0.17626,0.0926,0.12097000000000001,0.09062,0.12354000000000001,0.12117,0.25876,0.33810999999999997,0.53563,0.33901,0.16824,0.11553,0.54242,0.14040999999999998,0.1087,0.10182999999999999,0.2211,0.08645,0.13198,0.6671100000000001,1.27845,0.09005,0.045110000000000004,0.04269,0.04604,0.07262,0.08785,0.33719,0.37723,0.2358,0.49417,0.26435,0.16704000000000002,0.0885,0.24513000000000001,0.12777,0.2701,0.33881999999999995,0.45706,0.11790999999999999,0.12945,0.22558000000000003,0.40165,0.05943,0.50938,0.13806,0.12235,0.11922999999999999,0.18477000000000002,0.09409,0.13605,0.69607,1.10109,0.01813,0.01992,0.05765,0.5283,0.04645,0.02468,0.20378,0.27445,0.13284,0.14742,0.49166000000000004,0.72723,0.08668,0.06757,0.07216,0.24545,0.09399,0.12938,0.42656000000000005,0.8046300000000001,0.09154,0.08256000000000001,0.12588,0.45053999999999994,0.07353,0.08467000000000001,0.2403,0.61941,0.08411,0.10500999999999999,0.34245
0.48573999999999995,0.035769999999999996,0.02621,0.06305,0.28031,0.004079999999999999,0.01431,0.09052,0.07959,0.0314,0.0431,0.42486999999999997,0.27896,0.09542,0.03,0.016669999999999997,0.04353,0.03366,0.16762,0.20603000000000002,0.46221999999999996,0.0259,0.0225,0.03854,0.12237,0.060579999999999995,0.0589,0.42001000000000005,0.14444,0.030889999999999997,0.013319999999999999,0.14948,0.7891600000000001,0.023819999999999997,0.00598,0.0006900000000000001,0.0067599999999999995,0.00085,0.01436,0.15838,0.06224,0.06724,0.15235,0.19305,0.23129,0.14719000000000002,0.07846,0.06817999999999999,0.41075,0.16405999999999998,0.057620000000000005,0.05687999999999999,0.036289999999999996,0.03171,0.07557,0.16712,0.21306999999999998,0.037380000000000004,0.0581,0.13659000000000002,0.25485,0.11694,0.08048,0.10257000000000001,0.60206,0.00557,0.0061,0.0007,0.010920000000000001,0.00899,0.06539,0.30027,0.09036,0.28152,0.14872,0.09957,0.12061,0.0809,0.13158,0.04673,0.08544,0.1306,0.21959,0.16884000000000002,0.12724000000000002,0.11715999999999999,0.10818,0.04295,0.24348000000000003,0.09996000000000001,0.13254000000000002,0.02409,0.03597,0.02586,0.07222,0.36588000000000004,0.47526,0.04365,0.0399,0.06638,0.13066,0.004229999999999999,0.0559,0.18400999999999998,0.0623,0.06129,0.04455,0.1284,0.25761999999999996,0.16860999999999998,0.16459000000000001,0.11264,0.02071,0.027089999999999996,0.06913,0.17737,0.5648,0.09618,0.02505,0.01967,0.27047,0.07647999999999999,0.11347,0.08219,0.27668000000000004,0.00683,0.013640000000000001,0.16022999999999998
0.44476000000000004,0.0006799999999999999,0.03046,0.00042,0.47418999999999994,0.0012699999999999999,0.00524,0.042980000000000004,0.16684000000000002,0.24067,0.06047,0.19605999999999998,0.23004000000000002,0.0421,0.037689999999999994,0.026139999999999997,0.06702000000000001,0.04689,0.09944,0.17482,0.5469,0.01661,0.02308,0.02525,0.17693,0.08872000000000001,0.05331,0.42418,0.13203,0.00882,0.03369,0.08233,0.9439799999999999,0.0035399999999999997,0.0034100000000000003,0.0,0.02221,0.00521,0.01456,0.007090000000000001,0.27401,0.20672,0.08592000000000001,0.12412000000000001,0.10321,0.0584,0.047369999999999995,0.10024,0.0877,0.06672,0.13491,0.16918,0.25871,0.13627,0.07017000000000001,0.07633,0.26703000000000005,0.07912000000000001,0.11387,0.09732,0.09296,0.07413,0.09791,0.17765,0.82988,0.00255,0.00285,0.0,0.00658,0.00064,0.0049299999999999995,0.15256,0.08449,0.13754,0.14094,0.20016,0.24489,0.07376,0.0777,0.040510000000000004,0.060360000000000004,0.08086,0.15009,0.17624,0.20352,0.07021000000000001,0.19193,0.0668,0.36065,0.17034000000000002,0.1222,0.02837,0.0284,0.02001,0.04475,0.22528,0.49344,0.010709999999999999,0.01182,0.00058,0.19372,0.0018899999999999998,0.012620000000000001,0.27521999999999996,0.04943,0.03909,0.06265,0.18545,0.26433,0.08088,0.14478,0.17339000000000002,0.08782999999999999,0.13372,0.17382,0.2008,0.26785,0.06337999999999999,0.05126,0.02132,0.21299,0.09289,0.13928,0.12637,0.24039000000000002,0.00968,0.02835,0.15004
0.4928,0.00958,0.03081,0.09872,0.25331,0.02501,0.02055,0.06922,0.010879999999999999,0.02139,0.08409,0.37448000000000004,0.38682,0.07493999999999999,0.030989999999999997,0.01642,0.021840000000000002,0.03202,0.1267,0.59013,0.18600000000000003,0.01937,0.01408,0.00987,0.23434000000000002,0.02815,0.04123,0.26145,0.29571,0.03387,0.01762,0.08763,0.62983,0.004079999999999999,0.012209999999999999,0.01114,0.020040000000000002,0.02584,0.08895,0.20792,0.07849,0.06824,0.1269,0.09115,0.15499000000000002,0.25477,0.15195,0.07352,0.07368,0.07591,0.21364,0.20824,0.19086,0.08475,0.08482999999999999,0.06809,0.28976999999999997,0.12462000000000001,0.12825999999999999,0.06527999999999999,0.10602,0.05139,0.05345,0.18120999999999998,0.57753,0.0039299999999999995,0.00277,0.00043,0.02275,0.00447,0.02085,0.36727,0.27921999999999997,0.16847,0.09065,0.0474,0.05445,0.03205,0.17337,0.15441,0.07687999999999999,0.12813,0.12765,0.15389,0.19413,0.20655,0.08202999999999999,0.030760000000000003,0.30729,0.13462000000000002,0.15847999999999998,0.07825,0.0263,0.00587,0.02386,0.26532,0.38278,0.00867,0.058539999999999995,0.14625,0.21083000000000002,0.0033399999999999997,0.030180000000000002,0.15941,0.05927,0.034069999999999996,0.07355,0.24293,0.25829,0.055389999999999995,0.16253,0.11397,0.057620000000000005,0.06372,0.10975,0.39899999999999997,0.24766,0.045919999999999996,0.0397,0.03663,0.17321,0.03199,0.0412,0.10123,0.32536,0.09055,0.07406,0.1624
0.54792,0.0189,0.03519,0.10001,0.22787,0.008490000000000001,0.01575,0.045880000000000004,0.02434,0.02393,0.09112,0.43928999999999996,0.33926999999999996,0.053739999999999996,0.018340000000000002,0.00997,0.0684,0.05973,0.09083,0.34926999999999997,0.37151,0.02274,0.02248,0.015030000000000002,0.1793,0.04285,0.03209,0.32435,0.22816999999999998,0.0303,0.02263,0.14032,0.55808,0.02707,0.04608,0.047310000000000005,0.051579999999999994,0.0758,0.053439999999999994,0.14064000000000002,0.05095,0.09767999999999999,0.18861,0.10386,0.13937,0.22796,0.13716,0.05442,0.0556,0.06642999999999999,0.14537,0.25815,0.25199,0.12337000000000001,0.06863,0.03046,0.38077,0.10555999999999999,0.09247999999999999,0.0607,0.07497000000000001,0.056389999999999996,0.058039999999999994,0.17107999999999998,0.56881,0.00156,0.00549,0.00636,0.022080000000000002,0.015590000000000001,0.03171,0.34842,0.35856,0.23376999999999998,0.08673,0.03741,0.02816,0.02845,0.06978,0.15713,0.0671,0.09643,0.15569000000000002,0.13292,0.13571,0.19321,0.16147999999999998,0.05745,0.36464,0.18417,0.12448,0.01672,0.022180000000000002,0.00744,0.01814,0.26223,0.45298,0.00755,0.01651,0.018009999999999998,0.25913,0.01784,0.06825,0.15972,0.07365,0.03967,0.07009,0.24345999999999998,0.26666,0.08815,0.1399,0.07841000000000001,0.060860000000000004,0.0978,0.1124,0.28429,0.29927,0.04727,0.07639,0.02171,0.35042,0.06419,0.08199999999999999,0.10004,0.28779,0.013980000000000001,0.01924,0.08234
0.46846000000000004,0.026439999999999998,0.05442,0.10062,0.20546,0.00473,0.01273,0.12714,0.01706,0.028669999999999998,0.04566,0.32333,0.35148,0.16275,0.05607,0.014980000000000002,0.01554,0.040839999999999994,0.23194,0.31568,0.36391,0.014719999999999999,0.01288,0.00448,0.19,0.05293,0.02744,0.43195,0.12308,0.0371,0.02095,0.11655,0.6735800000000001,0.014819999999999998,0.00592,0.017130000000000003,0.03229,0.03659,0.050660000000000004,0.16901,0.15134,0.17836,0.08861000000000001,0.20154,0.15261,0.08207,0.055529999999999996,0.08993,0.12525,0.05835,0.07279,0.15135,0.22274000000000002,0.11604,0.1008,0.15267,0.24352,0.08206000000000001,0.09594,0.12936,0.13260999999999998,0.07212,0.05939,0.185,0.5472199999999999,0.02101,0.027889999999999998,0.011479999999999999,0.0213,0.02562,0.052079999999999994,0.29339,0.13732,0.26295999999999997,0.16305,0.11663,0.06722,0.10839000000000001,0.09928,0.045160000000000006,0.12420999999999999,0.1515,0.14144,0.13646,0.10772999999999999,0.05971,0.21503000000000003,0.06392,0.49315,0.12474,0.1644,0.03636,0.020980000000000002,0.0064,0.00686,0.1471,0.44204,0.03343,0.06752000000000001,0.07069,0.09784,0.027460000000000002,0.08321,0.1778,0.07152,0.04494,0.0548,0.16622,0.45045,0.1102,0.0633,0.038560000000000004,0.03161,0.03312,0.13633,0.27769,0.37898000000000004,0.06702999999999999,0.05285,0.02239,0.34014,0.06605,0.07572999999999999,0.09448,0.27487,0.005220000000000001,0.009940000000000001,0.13355999999999998
0.47744,0.01907,0.0352,0.09465,0.23371999999999998,0.01011,0.01522,0.11459000000000001,0.01319,0.023719999999999998,0.12938,0.49073999999999995,0.28037,0.035,0.02188,0.00572,0.010029999999999999,0.026860000000000002,0.16909000000000002,0.52036,0.24288,0.01803,0.007240000000000001,0.00551,0.17983,0.0546,0.0373,0.31655,0.2177,0.029310000000000003,0.0234,0.1413,0.62708,0.04508,0.02785,0.0309,0.04369,0.015609999999999999,0.06395,0.14583,0.08277999999999999,0.08302999999999999,0.1447,0.08632999999999999,0.18767,0.24761999999999998,0.12459,0.04328,0.06688999999999999,0.09736,0.18800999999999998,0.20739000000000002,0.23026,0.07783999999999999,0.051660000000000005,0.0806,0.36324,0.11865999999999999,0.09734,0.06684,0.11954000000000001,0.07187,0.060360000000000004,0.10214,0.67815,0.00093,0.0008900000000000001,0.0,0.01314,0.0025399999999999997,0.015009999999999999,0.28933000000000003,0.32466999999999996,0.13182,0.08433,0.02951,0.041389999999999996,0.027710000000000002,0.09617,0.2644,0.14344,0.12812,0.13591,0.09776,0.14176,0.19221,0.11292999999999999,0.047869999999999996,0.30098,0.15559,0.15514,0.0652,0.02713,0.0074,0.021,0.26755999999999996,0.43437,0.0043,0.00642,0.00164,0.29283000000000003,0.00314,0.038919999999999996,0.21838000000000002,0.07994,0.08485,0.05289,0.19777,0.22455,0.08358,0.16702999999999998,0.10937999999999999,0.06521,0.09187999999999999,0.10347999999999999,0.43363999999999997,0.2286,0.03413,0.02721,0.01583,0.16178,0.034839999999999996,0.07578,0.11407,0.29541,0.06281,0.05579,0.1995
0.52923,0.01351,0.02973,0.0473,0.28114,0.0047,0.01408,0.08031,0.02414,0.04032,0.11692999999999999,0.49972,0.24211,0.03822,0.024,0.01457,0.06515,0.062060000000000004,0.10835999999999998,0.38788,0.33357,0.02095,0.0138,0.00823,0.13769,0.04009,0.054970000000000005,0.25616,0.35484,0.0091,0.03915,0.10800000000000001,0.66256,0.02138,0.0119,0.008409999999999999,0.01932,0.007640000000000001,0.055389999999999995,0.21341,0.15374000000000002,0.10387,0.14774,0.08649,0.12874000000000002,0.20601999999999998,0.09832,0.07509,0.07296,0.04774,0.1765,0.20851999999999998,0.26964,0.10321,0.08845,0.03297,0.31098000000000003,0.17001,0.11589,0.03394,0.04554,0.05635,0.06856,0.19874,0.62327,0.002,0.00336,0.0,0.02603,0.0052899999999999996,0.01867,0.32138,0.20103,0.14597000000000002,0.12112,0.12883,0.07552,0.05409,0.16302,0.1104,0.09256,0.16577,0.20565,0.11525,0.11155999999999999,0.16874,0.10223,0.03823,0.37254,0.14724,0.10855999999999999,0.04726,0.05063,0.02061,0.03143,0.22171999999999997,0.34881,0.00379,0.07934,0.20601999999999998,0.11432,0.006670000000000001,0.00935,0.23171,0.053779999999999994,0.03354,0.04727,0.19303,0.25517,0.12303,0.19588,0.09831000000000001,0.03782,0.07919,0.18316,0.35513,0.24739,0.0544,0.02416,0.01874,0.33949,0.12579,0.13368,0.13838,0.1507,0.011770000000000001,0.03377,0.06642
0.46175,0.01495,0.025240000000000002,0.10982,0.20409000000000002,0.0125,0.03592,0.13574,0.01616,0.02597,0.09227,0.49795,0.27345,0.06131,0.0264,0.006509999999999999,0.02472,0.05757,0.12336,0.48631,0.25724,0.029810000000000003,0.010190000000000001,0.01081,0.25825,0.04437,0.03285,0.37408,0.14261,0.03449,0.01728,0.09606,0.62557,0.032189999999999996,0.0312,0.01844,0.018930000000000002,0.027819999999999998,0.04651,0.19934000000000002,0.09302,0.11065,0.08786000000000001,0.15486,0.19013,0.22641999999999998,0.09544,0.04161,0.0555,0.06716,0.20357999999999998,0.23578000000000002,0.17936,0.08619,0.07704,0.0954,0.26166999999999996,0.05242,0.12068,0.09747,0.15317999999999998,0.0687,0.05901,0.18687,0.6038399999999999,0.0044,0.00325,0.00043,0.02188,0.01987,0.03363,0.3127,0.21158000000000002,0.27721,0.15918,0.1013,0.07898,0.03408,0.05251,0.08516,0.15947999999999998,0.16024000000000002,0.17321,0.09216,0.05555,0.07361000000000001,0.21174,0.07401,0.34128000000000003,0.17783,0.1412,0.06796,0.03345,0.0061,0.00999,0.2222,0.48791,0.02213,0.02095,0.02252,0.2046,0.00799,0.1099,0.12399,0.06484,0.08351,0.06785,0.10845999999999999,0.38598000000000005,0.12994,0.10121000000000001,0.05822000000000001,0.02646,0.07219,0.10422999999999999,0.31729,0.36969,0.06692999999999999,0.03438,0.00885,0.32411999999999996,0.07143,0.07828,0.09158999999999999,0.25877,0.01172,0.01798,0.1461
0.50776,0.04312,0.03293,0.11417999999999999,0.184,0.0146,0.02423,0.07918,0.0255,0.03555,0.17232,0.46613999999999994,0.24378000000000002,0.02621,0.01793,0.01258,0.03213,0.034789999999999995,0.09497,0.31513,0.46486000000000005,0.03635,0.01314,0.00864,0.16505,0.043789999999999996,0.03631,0.30241,0.23642,0.02816,0.01987,0.16798,0.65804,0.04754,0.0709,0.03241,0.02443,0.01662,0.06252,0.08753999999999999,0.08967,0.12429000000000001,0.0928,0.11327000000000001,0.1349,0.23099,0.13075,0.08333,0.04663,0.06405,0.20253,0.19038,0.24206999999999998,0.12888,0.08362,0.041839999999999995,0.32477,0.07529,0.09005,0.10007,0.15749000000000002,0.04849,0.05728,0.14657,0.6288699999999999,0.00575,0.00336,0.00033999999999999997,0.01261,0.00528,0.02316,0.32063,0.2902,0.21861,0.10386,0.10136,0.06688,0.03901,0.07522000000000001,0.10485,0.10232000000000001,0.08525,0.1367,0.19933,0.13322,0.15864,0.13585,0.04869,0.40779,0.1404,0.106,0.05654,0.02692,0.008,0.00539,0.24896,0.40298,0.00448,0.009040000000000001,0.00047000000000000004,0.25665,0.0027600000000000003,0.05496,0.26866999999999996,0.07012,0.07072,0.06436,0.22252,0.30799,0.11157,0.07871,0.07403,0.03084,0.058710000000000005,0.14659,0.42871000000000004,0.23728000000000002,0.04213,0.03829,0.01746,0.30411,0.05716,0.07211000000000001,0.10064,0.26216999999999996,0.0029,0.02816,0.17276
0.44556,0.02135,0.025419999999999998,0.08821,0.24279,0.01402,0.02922,0.13343,0.02167,0.03762,0.17119,0.41531,0.26597,0.03675,0.034910000000000004,0.01658,0.051289999999999995,0.06014,0.133,0.4643,0.23549,0.02365,0.00861,0.02351,0.15730999999999998,0.0378,0.036610000000000004,0.27902,0.33719,0.021769999999999998,0.027719999999999998,0.10257000000000001,0.73258,0.013000000000000001,0.00475,0.0013599999999999999,0.0126,0.00477,0.06436,0.16658,0.14868,0.08711,0.10639000000000001,0.15936,0.13467,0.15852,0.10636,0.09891,0.05454,0.07447000000000001,0.16735999999999998,0.23967,0.2937,0.0854,0.06237,0.02249,0.30834,0.16479000000000002,0.13978,0.05114,0.07882,0.026389999999999997,0.05666,0.17407,0.66813,0.00119,0.00439,0.0,0.02758,0.00642,0.02355,0.26874000000000003,0.11704,0.12039000000000001,0.10305,0.11644000000000002,0.06566,0.0637,0.19038,0.22334,0.13329000000000002,0.21201,0.20861,0.15965,0.09078,0.10069,0.0654,0.029580000000000002,0.3586,0.15077000000000002,0.15634,0.013000000000000001,0.049139999999999996,0.01814,0.03937,0.21463000000000002,0.40591,0.015059999999999999,0.06615,0.23235999999999998,0.09895,0.011770000000000001,0.00864,0.16116,0.08296,0.05945,0.0621,0.15897,0.17920999999999998,0.10868,0.23333,0.11531,0.045110000000000004,0.09962,0.13918,0.39428,0.25695,0.03787,0.0146,0.01239,0.26138,0.14969000000000002,0.16685999999999998,0.11227000000000001,0.15073,0.008709999999999999,0.0405,0.10985
0.54565,0.0347,0.03959,0.09169,0.23763,0.0074,0.014419999999999999,0.02893,0.03053,0.052360000000000004,0.1496,0.37715,0.31806,0.03718,0.02174,0.013380000000000001,0.06694,0.055020000000000006,0.07261000000000001,0.35971,0.34988,0.03968,0.027030000000000002,0.02913,0.13719,0.03071,0.034539999999999994,0.33094,0.27662,0.0242,0.06092,0.10489000000000001,0.62152,0.02973,0.03772,0.01407,0.029539999999999997,0.01609,0.06274,0.1886,0.15136,0.1138,0.13698,0.07656,0.14237,0.193,0.0971,0.08882999999999999,0.040839999999999994,0.09093,0.20349,0.12527,0.23851999999999998,0.14221,0.0809,0.07783,0.40557,0.14081,0.0861,0.033319999999999995,0.04893,0.042460000000000005,0.07307000000000001,0.16974,0.56135,0.00156,0.0040100000000000005,0.0,0.023280000000000002,0.00443,0.02146,0.38391,0.15184,0.15499000000000002,0.14064000000000002,0.21161,0.09256,0.07572000000000001,0.09966,0.07299,0.06387000000000001,0.15173,0.20437,0.09842000000000001,0.16552999999999998,0.15793,0.12262999999999999,0.035519999999999996,0.37766,0.1386,0.0856,0.01706,0.03555,0.01434,0.03247,0.29873,0.33403,0.00854,0.08114,0.21151999999999999,0.12189000000000001,0.00461,0.01135,0.22691,0.04339,0.03143,0.052989999999999995,0.29982,0.20206,0.10057,0.17532,0.09442,0.04495,0.09055,0.29778000000000004,0.27708,0.18721,0.03173,0.04483,0.025869999999999997,0.34107,0.12189000000000001,0.1223,0.18957000000000002,0.12215,0.012209999999999999,0.02364,0.06716
0.46543,0.03628,0.05455,0.12705,0.20722,0.00898,0.023969999999999998,0.07651000000000001,0.0108,0.04956,0.13299,0.37346,0.28359,0.08682999999999999,0.03957,0.0232,0.040780000000000004,0.06017,0.19675,0.42815,0.21895,0.024419999999999997,0.01694,0.01383,0.19969,0.02276,0.02284,0.26447,0.31667,0.03385,0.02061,0.11911,0.61243,0.04023,0.0262,0.02808,0.01621,0.028839999999999998,0.06522,0.18279,0.15984,0.11144000000000001,0.0873,0.09608,0.14687,0.15513,0.12855999999999998,0.11477000000000001,0.057260000000000005,0.05686,0.16027,0.20148,0.25104,0.10948,0.10361,0.06,0.25708000000000003,0.12850999999999999,0.12729000000000001,0.08454,0.07221,0.042730000000000004,0.06164,0.22599,0.55216,0.0018,0.00374,0.00059,0.0129,0.004229999999999999,0.06909,0.35549000000000003,0.18700999999999998,0.21761,0.16136,0.13877,0.05189,0.053829999999999996,0.1313,0.05823,0.1302,0.15003,0.20853000000000002,0.17055,0.08571000000000001,0.11095999999999999,0.106,0.03802,0.38173,0.13575,0.12964,0.03503,0.03121,0.01115,0.026410000000000003,0.24906999999999999,0.47331999999999996,0.00773,0.013009999999999999,0.01585,0.26519000000000004,0.0093,0.04844,0.16717,0.07986,0.06662,0.0383,0.14887,0.29875,0.11268,0.14348,0.11145,0.020030000000000003,0.07665,0.14952000000000001,0.52737,0.16638,0.039939999999999996,0.016659999999999998,0.00345,0.28233,0.04213,0.05434,0.05914,0.27189,0.02146,0.061,0.20772
0.27598,0.0185,0.0593,0.16717,0.17758,0.022869999999999998,0.02389,0.25471,0.014169999999999999,0.03245,0.159,0.30356,0.36213,0.07936,0.03438,0.01495,0.04899,0.0573,0.17565999999999998,0.49645,0.1687,0.02339,0.017,0.0125,0.19702,0.02976,0.02399,0.21709,0.35401,0.04194,0.01457,0.12161,0.4732,0.02085,0.04755,0.0724,0.0935,0.05342,0.07142000000000001,0.16765,0.16085,0.12506,0.11218,0.09517,0.07943,0.10933,0.15814,0.15984,0.058870000000000006,0.05628,0.17310999999999999,0.25461,0.20839000000000002,0.1154,0.08459,0.04875,0.36433000000000004,0.11210999999999999,0.11385999999999999,0.0636,0.04625,0.03503,0.062020000000000006,0.2028,0.47268000000000004,0.03245,0.03772,0.01548,0.03589,0.032119999999999996,0.08542000000000001,0.28824,0.17958,0.25469,0.13562000000000002,0.13305999999999998,0.05142000000000001,0.0496,0.11074,0.08528,0.09085,0.14707,0.21279,0.16905,0.08592999999999999,0.06337999999999999,0.17173,0.0592,0.49391,0.13343,0.11582999999999999,0.013609999999999999,0.014580000000000001,0.01008,0.02094,0.19763,0.42603,0.00855,0.012980000000000002,0.03957,0.18149,0.0147,0.1649,0.15177000000000002,0.045160000000000006,0.03781,0.05083,0.2627,0.40876999999999997,0.09394,0.06978,0.03102,0.03739,0.09854,0.15936,0.33009,0.27535,0.042789999999999995,0.030660000000000003,0.02582,0.26294,0.05365,0.07626000000000001,0.08192999999999999,0.30241999999999997,0.00628,0.015059999999999999,0.20145
0.49051999999999996,0.03279,0.058289999999999995,0.10405,0.23769,0.01526,0.01259,0.0488,0.01764,0.04187,0.15705999999999998,0.42117,0.22451,0.07618,0.04325,0.01831,0.03779,0.05001,0.09767,0.32366999999999996,0.42295,0.03343,0.01414,0.02035,0.18734,0.0369,0.029889999999999996,0.30141,0.25811,0.03603,0.01439,0.13593,0.6209399999999999,0.03383,0.03265,0.01845,0.02575,0.04195,0.0627,0.16372,0.15861,0.09934,0.13391,0.0687,0.13369,0.14851,0.14962,0.10761,0.07556,0.05635,0.1445,0.18,0.26833,0.14755,0.08367000000000001,0.04405,0.25648000000000004,0.10042000000000001,0.1461,0.06747,0.07379,0.04345,0.05033,0.26195999999999997,0.52445,0.00095,0.00592,0.006690000000000001,0.02323,0.01669,0.04373,0.37834,0.19554000000000002,0.23958000000000002,0.153,0.13844,0.05736,0.042319999999999997,0.08238,0.09137,0.0816,0.10730999999999999,0.19795,0.15439,0.10166,0.17658,0.12997999999999998,0.05053,0.37017,0.18497,0.11650999999999999,0.019530000000000002,0.02017,0.00575,0.015130000000000001,0.26777,0.51549,0.0038299999999999996,0.01272,0.00458,0.27699999999999997,0.0069,0.06527000000000001,0.11420999999999999,0.08467000000000001,0.05251,0.030389999999999997,0.23617,0.28345,0.08175,0.15298,0.07807,0.0303,0.0649,0.15028,0.43205,0.22415,0.04364,0.04206,0.012620000000000001,0.3358,0.058660000000000004,0.05033,0.04144,0.31694,0.0137,0.04168,0.14144
0.49265,0.01931,0.04686,0.07395,0.24944000000000002,0.01067,0.014230000000000001,0.09289,0.014740000000000001,0.02111,0.07635,0.44247,0.35252,0.05595,0.02396,0.0129,0.02279,0.02885,0.09061,0.49283000000000005,0.31222,0.025259999999999998,0.01792,0.00952,0.18325,0.0398,0.028739999999999998,0.27795,0.25978,0.02999,0.015519999999999999,0.16497,0.6359,0.03267,0.037989999999999996,0.03146,0.04545,0.02791,0.05984,0.12879000000000002,0.06381,0.08617000000000001,0.11502000000000001,0.09311,0.16906,0.25267,0.16178,0.05839,0.056429999999999994,0.07515,0.23515,0.17542,0.20437,0.14953,0.061829999999999996,0.04212,0.33794,0.08075,0.08724,0.0722,0.09101000000000001,0.08934,0.06788999999999999,0.17363,0.57065,0.00294,0.00085,0.00078,0.0118,0.011090000000000001,0.04074,0.36115,0.31553000000000003,0.20859,0.11238,0.05111,0.0446,0.040780000000000004,0.04537,0.18162999999999999,0.10757,0.12959,0.11928,0.09598999999999999,0.12402,0.22135,0.15749000000000002,0.044719999999999996,0.32861,0.18805999999999998,0.17332,0.06215,0.02,0.0032,0.00785,0.21679,0.49918999999999997,0.00317,0.01054,0.014780000000000001,0.25549,0.00889,0.08223,0.12571,0.05926,0.0656,0.08516,0.18375,0.29364,0.08837,0.11742000000000001,0.10679000000000001,0.04802,0.06621,0.12079000000000001,0.289,0.34986,0.06727999999999999,0.041510000000000005,0.01733,0.30383000000000004,0.0517,0.0916,0.1162,0.25564000000000003,0.014209999999999999,0.0406,0.12622
0.23463,0.05754,0.09144,0.13845,0.19627999999999998,0.025769999999999998,0.04918,0.20670999999999998,0.02875,0.03203,0.09293,0.36771,0.35608,0.06088,0.037239999999999995,0.024380000000000002,0.03486,0.05388,0.08371,0.33874,0.4122,0.03653,0.02742,0.01266,0.05252999999999999,0.00919,0.015719999999999998,0.34218000000000004,0.22171999999999997,0.16998,0.13019,0.05849,0.37255,0.09303,0.08949,0.07081,0.02412,0.0208,0.04276,0.28644000000000003,0.13182,0.04691,0.15327000000000002,0.22554000000000002,0.13693,0.07559,0.12750999999999998,0.10243,0.09715,0.03936,0.06892000000000001,0.12804000000000001,0.22189,0.20938,0.12443,0.11083,0.07531,0.11148,0.1815,0.18106,0.20847,0.05566,0.11510999999999999,0.07142000000000001,0.30041999999999996,0.032010000000000004,0.06157000000000001,0.049139999999999996,0.057960000000000005,0.10386,0.12637,0.26866999999999996,0.15529,0.22043000000000001,0.15761,0.16351,0.09711,0.06737,0.08123999999999999,0.05744,0.07644,0.08514,0.12295,0.17595999999999998,0.21213,0.18441,0.09106,0.0519,0.15283,0.0688,0.08067,0.01739,0.05703,0.16416,0.39211,0.06702000000000001,0.45531000000000005,0.038130000000000004,0.03392,0.02232,0.02955,0.0367,0.22264,0.16144,0.19075,0.13118,0.19412000000000001,0.14612,0.10162,0.024319999999999998,0.06724,0.14465999999999998,0.053970000000000004,0.05706,0.22605,0.33385,0.21115,0.050069999999999996,0.039619999999999995,0.02823,0.07952000000000001,0.10096000000000001,0.10948,0.14277,0.13075,0.08299,0.17847000000000002,0.17506
0.2322,0.0619,0.09819,0.20554,0.17285,0.02878,0.04547,0.15506,0.016909999999999998,0.02104,0.06836,0.38097,0.37688,0.07615,0.04065,0.01905,0.06852000000000001,0.06523,0.08444,0.32987,0.36535,0.04721,0.01951,0.01986,0.04068,0.00895,0.01646,0.38078,0.23284000000000002,0.10840999999999999,0.1162,0.09568,0.45558999999999994,0.10369,0.08251,0.05156,0.04218,0.02079,0.035230000000000004,0.20845999999999998,0.07987999999999999,0.09035,0.12875999999999999,0.36198,0.16077,0.07751,0.055510000000000004,0.04525,0.13644,0.04044,0.04286,0.05281,0.20177,0.17859,0.18955999999999998,0.15752,0.15167,0.10176,0.16940999999999998,0.16394,0.19482,0.06888999999999999,0.06604,0.08347,0.29669,0.04596,0.04398,0.022430000000000002,0.059379999999999995,0.08202999999999999,0.14906,0.30048,0.15723,0.33618000000000003,0.15717,0.08163,0.08313,0.043660000000000004,0.07296,0.06803,0.0501,0.11479,0.16671,0.17085999999999998,0.23914000000000002,0.12880999999999998,0.06217999999999999,0.06742000000000001,0.15988,0.054029999999999995,0.03947,0.02144,0.0585,0.1711,0.38516999999999996,0.11041,0.52012,0.00462,0.00825,0.00705,0.03011,0.0114,0.06711,0.35135,0.1107,0.07912000000000001,0.19479000000000002,0.20005,0.12000999999999999,0.06755,0.10305999999999998,0.12472000000000001,0.04478,0.04481,0.21066,0.37596,0.22729000000000002,0.041260000000000005,0.032780000000000004,0.02245,0.17278,0.13101,0.14314000000000002,0.15552,0.15885,0.04712,0.06477999999999999,0.12678
0.2984,0.04032,0.07418,0.18725,0.19471,0.02756,0.053360000000000005,0.12422000000000001,0.02913,0.01085,0.046239999999999996,0.34342,0.47155,0.04095,0.03872,0.01913,0.0315,0.025259999999999998,0.050960000000000005,0.27345,0.49973999999999996,0.051829999999999994,0.03911,0.02815,0.13927,0.037689999999999994,0.030369999999999998,0.35647,0.21516999999999997,0.0306,0.07511,0.11531,0.46586000000000005,0.10192999999999999,0.062270000000000006,0.03675,0.029019999999999997,0.02062,0.062,0.22154000000000001,0.03518,0.01851,0.07845,0.3718,0.3144,0.09145,0.06215,0.02805,0.10765,0.09329,0.13318,0.14064000000000002,0.15422,0.08945,0.19934000000000002,0.08224,0.07617,0.08745,0.18234,0.29706,0.20187,0.06298,0.050289999999999994,0.04185,0.29645,0.030889999999999997,0.03412,0.03966,0.06786,0.03925,0.10388,0.38789,0.1042,0.13837,0.25983,0.19279000000000002,0.12423,0.08306000000000001,0.056979999999999996,0.040530000000000004,0.21805,0.08494,0.048639999999999996,0.03965,0.22958,0.12068,0.14151,0.11695,0.12237999999999999,0.10745,0.09535,0.07057999999999999,0.15525999999999998,0.24186999999999997,0.16172999999999998,0.04537,0.5380699999999999,0.04977,0.02556,0.00549,0.01195,0.01113,0.22885999999999998,0.12918,0.1409,0.22428,0.12633,0.12796,0.10327,0.04428,0.0693,0.16369,0.029419999999999998,0.08681,0.24802,0.28458,0.23281999999999997,0.07411000000000001,0.02721,0.01704,0.15413,0.11589,0.11195999999999999,0.13229000000000002,0.06,0.08182,0.21306999999999998,0.13085
0.2439,0.05167000000000001,0.07599,0.17159000000000002,0.19927,0.01923,0.0525,0.18584,0.02203,0.022019999999999998,0.0646,0.28619,0.43578999999999996,0.08645,0.06329,0.01962,0.02384,0.049089999999999995,0.07616,0.23754,0.48278999999999994,0.07201,0.03776,0.020819999999999998,0.10490999999999999,0.03935,0.04519,0.46231000000000005,0.15955,0.026189999999999998,0.07426,0.08824,0.51359,0.08782999999999999,0.06904,0.03708,0.038610000000000005,0.02476,0.05312000000000001,0.17597000000000002,0.01726,0.03631,0.14386,0.31334,0.30529,0.10323,0.06687,0.01384,0.13233,0.08835,0.08797,0.10365,0.15771,0.139,0.1904,0.10059,0.048260000000000004,0.07184,0.19827,0.28753,0.26419000000000004,0.050730000000000004,0.053520000000000005,0.02565,0.3459,0.0438,0.033710000000000004,0.04191,0.04828,0.05831,0.10371,0.32439,0.1223,0.24145,0.17206,0.1167,0.1129,0.09539,0.0782,0.06101,0.1536,0.09631,0.07592,0.16668,0.17448,0.09016,0.10685,0.136,0.10879000000000001,0.08277999999999999,0.05924,0.02506,0.08313,0.24934,0.34524,0.046419999999999996,0.5404800000000001,0.06015,0.024880000000000003,0.018340000000000002,0.004079999999999999,0.00409,0.2106,0.13739,0.12512,0.23206999999999997,0.09109,0.08624,0.08204,0.04685,0.15459,0.182,0.025810000000000003,0.04977,0.26587,0.38813000000000003,0.19384,0.04145,0.016919999999999998,0.01821,0.19955,0.11578,0.1696,0.10482999999999999,0.08628,0.07794,0.11969,0.12633
0.2734,0.05246,0.06905,0.14369,0.22726,0.031,0.0362,0.16694,0.028310000000000002,0.01825,0.05014,0.24909,0.4526,0.08807000000000001,0.08601,0.027510000000000003,0.03556,0.0362,0.08567999999999999,0.31198000000000004,0.36980999999999997,0.06548999999999999,0.060770000000000005,0.03451,0.059829999999999994,0.02119,0.02359,0.36318,0.3755,0.02943,0.07768,0.0496,0.48622,0.08669,0.08982000000000001,0.030760000000000003,0.03704,0.02685,0.047639999999999995,0.19497,0.01851,0.055670000000000004,0.18891,0.29369,0.32163,0.07683999999999999,0.03433,0.010409999999999999,0.15967,0.12880999999999998,0.06051,0.01591,0.10275999999999999,0.21016999999999997,0.18615,0.13602,0.06046,0.10238,0.21641,0.2299,0.17602,0.09852999999999999,0.08095,0.03535,0.34284000000000003,0.028789999999999996,0.042839999999999996,0.03972,0.04952,0.05115,0.10436,0.34079,0.24813000000000002,0.23512,0.11553,0.08448,0.06803,0.07264,0.10237,0.07368999999999999,0.0853,0.08433,0.12270999999999999,0.24174,0.17991,0.08067,0.10217000000000001,0.10317,0.14695999999999998,0.11118,0.04698,0.02437,0.05583,0.12868,0.39973000000000003,0.08626,0.55042,0.05337000000000001,0.01771,0.00633,0.011559999999999999,0.0103,0.22000999999999998,0.1303,0.18594000000000002,0.12542999999999999,0.10534,0.10578,0.14442,0.07552,0.16091,0.09667,0.03071,0.05063,0.20253,0.38328,0.19931,0.08728999999999999,0.02309,0.02317,0.1967,0.16994,0.09467,0.08517000000000001,0.10056,0.08911000000000001,0.08767,0.17618
0.27268000000000003,0.05955,0.036789999999999996,0.21786,0.17369,0.02567,0.04243,0.17135,0.0262,0.01496,0.04434,0.41271,0.34892,0.08636,0.04369,0.02282,0.044989999999999995,0.0463,0.09236,0.41562,0.33200999999999997,0.029310000000000003,0.02609,0.013319999999999999,0.02309,0.010920000000000001,0.02655,0.44842,0.26855,0.09523999999999999,0.10028,0.02695,0.37817,0.07306,0.07026,0.03792,0.0411,0.02471,0.06461,0.31018,0.07703,0.08319,0.16638,0.28926,0.2344,0.07915,0.03348,0.037110000000000004,0.13721,0.03492,0.042789999999999995,0.04805,0.15971,0.22987,0.2035,0.14396,0.09378,0.10344,0.28071,0.18208,0.17835,0.060070000000000005,0.06486,0.03671,0.37358,0.031560000000000005,0.02147,0.02174,0.06252,0.07777,0.23633,0.17503,0.17873,0.31692,0.12487999999999999,0.07572999999999999,0.0823,0.061020000000000005,0.08123999999999999,0.07919,0.05532,0.07818,0.16254000000000002,0.24599000000000001,0.21275,0.12057999999999999,0.061279999999999994,0.06335,0.08055,0.04943,0.046,0.04735,0.09423,0.27676,0.33545,0.07023,0.8146,0.013569999999999999,0.02455,0.00137,0.00787,0.00124,0.07256,0.06423999999999999,0.26272,0.0403,0.04033,0.05492999999999999,0.07995,0.04147,0.38219000000000003,0.09811,0.02688,0.03723,0.16534000000000001,0.48783000000000004,0.20029,0.03901,0.02051,0.02292,0.14667,0.28253,0.17142000000000002,0.19515,0.0618,0.02998,0.04458,0.06786
0.23913,0.05057,0.05421,0.15452,0.24418,0.04496,0.05538,0.15705,0.07487,0.0535,0.07654,0.24199,0.3676,0.07203,0.07126,0.04222,0.04604,0.01867,0.0665,0.3826,0.1421,0.09508,0.13655,0.11245999999999999,0.15088,0.01896,0.015590000000000001,0.5933,0.06648,0.01127,0.06705,0.07647000000000001,0.27245,0.10240999999999999,0.26766,0.13852,0.05209,0.01435,0.0264,0.12612,0.10937000000000001,0.0664,0.17202,0.23525,0.1708,0.09963,0.08261,0.06392,0.07518999999999999,0.04326,0.1321,0.2423,0.19548,0.10253,0.09467,0.11447,0.07561,0.018080000000000002,0.05184,0.09913999999999999,0.4332,0.19409,0.07125,0.05679,0.42246000000000006,0.0072900000000000005,0.03614,0.06309,0.12817,0.12648,0.11882000000000001,0.09754,0.17142000000000002,0.14357,0.21365,0.19881,0.11552,0.037860000000000005,0.06527000000000001,0.0539,0.1169,0.14798,0.14673,0.18747,0.15228,0.11375,0.07325,0.06163,0.23210999999999998,0.07432000000000001,0.19976,0.06411,0.21022,0.04956,0.10407999999999999,0.06583,0.40396,0.06392,0.01553,0.01658,0.03805,0.02645,0.09894,0.33655999999999997,0.05289,0.03607,0.14527,0.30394,0.21519000000000002,0.09586,0.09157,0.0592,0.10099,0.11625,0.22426999999999997,0.32727,0.12118,0.02514,0.02399,0.06091,0.07447999999999999,0.05285,0.19793,0.23983000000000002,0.24748,0.06019,0.06395,0.06327
0.26481,0.03675,0.02251,0.22533000000000003,0.24199,0.0276,0.03501,0.146,0.03955,0.03864,0.045989999999999996,0.28435,0.41152,0.09481,0.053770000000000005,0.03137,0.01608,0.0145,0.06115,0.41584,0.45233999999999996,0.01917,0.014969999999999999,0.00595,0.040260000000000004,0.01584,0.02253,0.34552,0.35188,0.08208,0.07546,0.06642999999999999,0.27773000000000003,0.02851,0.04796,0.05126,0.08037000000000001,0.05816,0.11260999999999999,0.34338,0.24516999999999997,0.1336,0.17256,0.07225,0.09071,0.07569,0.10242000000000001,0.10761,0.02475,0.05437,0.1256,0.1137,0.24843,0.29551,0.10770999999999999,0.029930000000000002,0.15966,0.19767,0.2744,0.1539,0.08727,0.04858,0.04469,0.03383,0.56448,0.02478,0.0122,0.00301,0.018430000000000002,0.03696,0.15802,0.18212,0.17764000000000002,0.22096999999999997,0.13776,0.09509,0.16463,0.054220000000000004,0.07213,0.07757,0.02833,0.058379999999999994,0.12423,0.16059,0.15216,0.20367000000000002,0.24206,0.03059,0.15672,0.11964000000000001,0.09627000000000001,0.04639,0.06552000000000001,0.19881,0.19268,0.12397999999999999,0.4968,0.04601,0.10196000000000001,0.05368,0.00665,0.0072,0.07846,0.20924,0.03274,0.01995,0.033460000000000004,0.10029,0.16182,0.08436,0.36565,0.20174,0.03162,0.062079999999999996,0.28295,0.38427,0.17175,0.04111,0.01785,0.00838,0.14504,0.32948,0.35229,0.02864,0.03284,0.01255,0.02932,0.06985
0.29694,0.05189,0.05235,0.14115,0.23756999999999998,0.01996,0.031089999999999996,0.16906,0.03084,0.02659,0.053029999999999994,0.34534000000000004,0.34909,0.09491000000000001,0.056929999999999994,0.04328,0.03978,0.03182,0.07722000000000001,0.47689,0.29571,0.02541,0.030060000000000003,0.0231,0.03729,0.02196,0.02663,0.37419,0.33829000000000004,0.07194,0.09953,0.03017,0.35668,0.05753,0.07299,0.09245,0.0741,0.036989999999999995,0.039310000000000005,0.26994,0.13513,0.09865,0.14422000000000001,0.23567,0.23439000000000002,0.04519,0.0321,0.07465,0.08619,0.03428,0.04392,0.09487999999999999,0.16972,0.28974,0.16437000000000002,0.1169,0.11347,0.11837,0.32226,0.15323,0.11175999999999998,0.07585,0.06602999999999999,0.03903,0.39218000000000003,0.026760000000000003,0.03207,0.03847,0.07368,0.07627,0.19021,0.17037,0.20206,0.30814,0.09116,0.1108,0.09129,0.04693,0.055310000000000005,0.09431,0.04421,0.07531,0.18084,0.17948,0.18516,0.15189,0.11872,0.06437999999999999,0.11653,0.04929,0.05935,0.03388,0.057929999999999995,0.16929,0.42396000000000006,0.08978,0.73693,0.026889999999999997,0.00755,0.0019399999999999999,0.0036,0.00252,0.11202999999999999,0.10855,0.14107,0.0511,0.08033,0.10455,0.05416,0.10390999999999999,0.29609,0.16879,0.03275,0.060410000000000005,0.1854,0.41563999999999995,0.20783000000000001,0.04135,0.031389999999999994,0.02522,0.25929,0.30264,0.10708,0.0821,0.04426,0.048139999999999995,0.06214,0.09433
0.3178,0.04791,0.06395,0.17611,0.21189000000000002,0.02171,0.04465,0.11597,0.02351,0.02171,0.060360000000000004,0.26418,0.49616000000000005,0.0667,0.053489999999999996,0.013890000000000001,0.06154,0.04784,0.1154,0.30248,0.31681,0.04202,0.05995,0.053970000000000004,0.03159,0.01605,0.03323,0.52812,0.19372,0.05171,0.07887000000000001,0.06671,0.33214,0.0815,0.07207000000000001,0.05948,0.0414,0.02096,0.04063,0.35183000000000003,0.030369999999999998,0.07628,0.17645999999999998,0.35555,0.22486,0.09102,0.03057,0.01489,0.16694,0.11194000000000001,0.04096,0.031939999999999996,0.12315,0.12192,0.19365,0.20951,0.0808,0.11124,0.2623,0.18118,0.16712,0.1033,0.06253,0.03154,0.33599,0.03936,0.04337,0.04439,0.07009,0.0433,0.14752,0.27598,0.19069,0.3724,0.12402,0.05061,0.04197,0.04977,0.08595,0.08459,0.07939,0.08536,0.22785,0.17733,0.20235999999999998,0.09684,0.06017,0.0707,0.10015,0.07994,0.059000000000000004,0.0454,0.03565,0.18879,0.37368,0.11738,0.59123,0.018930000000000002,0.00494,0.02165,0.00571,0.0030800000000000003,0.18744,0.16702999999999998,0.13474,0.08644,0.07927999999999999,0.14062,0.15188,0.08563,0.17232999999999998,0.14908,0.04077,0.04137,0.2075,0.42043,0.18843,0.04852,0.03127,0.0217,0.13871,0.19787000000000002,0.15652,0.14484,0.08782999999999999,0.06612,0.06026,0.14784
0.31469,0.06138,0.03681,0.13927,0.23989000000000002,0.02802,0.027139999999999997,0.1528,0.054439999999999995,0.03411,0.03477,0.34221999999999997,0.33134,0.07912999999999999,0.05992000000000001,0.06408,0.024,0.01635,0.07987000000000001,0.48789,0.33032,0.033839999999999995,0.01765,0.01008,0.03678,0.01778,0.03088,0.3614,0.32423,0.09677000000000001,0.08657000000000001,0.04559,0.23969000000000001,0.05926,0.08327999999999999,0.10022,0.07945,0.031330000000000004,0.08578,0.32099,0.15279,0.11010999999999999,0.10885999999999998,0.17467,0.19669,0.04267,0.04897,0.16523,0.04807,0.02017,0.0969,0.11577,0.20539000000000002,0.28181,0.1672,0.06469,0.1211,0.16943,0.29329,0.15813,0.10303,0.06262000000000001,0.04684,0.04555,0.41239,0.01789,0.01844,0.02214,0.06489,0.06072999999999999,0.21852,0.18499000000000002,0.22308000000000003,0.22808,0.11188,0.11763,0.10069,0.07584,0.04973,0.09308,0.030369999999999998,0.07089,0.13859000000000002,0.16108,0.17987999999999998,0.16087,0.20856,0.04975,0.1637,0.07917,0.06901,0.05849,0.0683,0.10547999999999999,0.34412,0.11173,0.78028,0.00939,0.00473,0.00265,0.00518,0.00168,0.0961,0.1,0.19757,0.03644,0.09697,0.1182,0.08495,0.12050999999999999,0.22343000000000002,0.12194,0.02418,0.03196,0.21933000000000002,0.43922,0.20940999999999999,0.02011,0.027839999999999997,0.027939999999999996,0.18796,0.3297,0.11525999999999999,0.0642,0.081,0.03773,0.08865,0.09548999999999999
0.27354,0.05654,0.05753,0.21904,0.14476,0.020819999999999998,0.03265,0.19513,0.026560000000000004,0.01284,0.05434,0.33546,0.45263000000000003,0.05025,0.03486,0.03306,0.040999999999999995,0.04421,0.10128,0.33231,0.3402,0.03871,0.05819,0.0441,0.028480000000000002,0.012740000000000001,0.05699,0.38671,0.31694,0.08363,0.07604,0.03846,0.33018000000000003,0.07896,0.06084,0.04874,0.038610000000000005,0.033460000000000004,0.0741,0.33512,0.11846,0.08984,0.17304,0.34528000000000003,0.14822000000000002,0.05604,0.03698,0.032139999999999995,0.12251,0.05542999999999999,0.01899,0.04022,0.19692,0.22043000000000001,0.1726,0.17289000000000002,0.1021,0.12992,0.23376999999999998,0.14925,0.1615,0.08252999999999999,0.09172000000000001,0.0492,0.36635999999999996,0.03493,0.03431,0.030139999999999997,0.05735,0.07629,0.19924,0.20137,0.22878,0.30296999999999996,0.11540999999999998,0.0515,0.05148,0.05662999999999999,0.08726,0.10595999999999998,0.06492,0.11488,0.15893,0.2658,0.20679,0.06519,0.07091,0.052579999999999995,0.06959,0.04009,0.06312000000000001,0.10599000000000001,0.07324,0.19337000000000001,0.35991999999999996,0.09468,0.80071,0.01633,0.00646,0.0,0.0019,0.00028,0.05255,0.12177,0.22125999999999998,0.02083,0.05621,0.06899,0.0533,0.14444,0.31138000000000005,0.12359,0.03137,0.044489999999999995,0.21641,0.45983999999999997,0.16313,0.038610000000000005,0.02554,0.02062,0.17551,0.33601,0.2332,0.11024,0.05485,0.00823,0.0381,0.04386
0.25785,0.06848,0.06377000000000001,0.23697,0.11713,0.02311,0.038130000000000004,0.19455,0.030139999999999997,0.0161,0.058410000000000004,0.30321,0.49568999999999996,0.053810000000000004,0.02355,0.0191,0.03963,0.03443,0.09414,0.30548000000000003,0.34147,0.044719999999999996,0.08918999999999999,0.05094,0.03456,0.01426,0.05637,0.41626,0.29475,0.06731000000000001,0.07998,0.0365,0.35042,0.07723,0.04854,0.0521,0.04407,0.02193,0.09112,0.31458,0.06637,0.10457999999999999,0.19516,0.32943,0.1975,0.05414,0.02901,0.023809999999999998,0.16394,0.04458,0.01434,0.02827,0.15645,0.18673,0.1909,0.2148,0.09192,0.11120999999999999,0.24224,0.1656,0.14124,0.09492,0.09764,0.055229999999999994,0.38545,0.034730000000000004,0.04528,0.02647,0.04945,0.08886000000000001,0.21899000000000002,0.15077000000000002,0.21058000000000002,0.33926999999999996,0.10590999999999999,0.03456,0.04314,0.06976,0.09074,0.10604000000000001,0.06371,0.08847000000000001,0.16766,0.30356,0.21418,0.0623,0.05143,0.04869,0.06448999999999999,0.042910000000000004,0.054970000000000005,0.10778,0.08616,0.20055,0.34376,0.09938,0.8085600000000001,0.01154,0.00903,0.0004,0.00484,0.00074,0.042980000000000004,0.1219,0.21983000000000003,0.01243,0.060379999999999996,0.05407000000000001,0.051019999999999996,0.13629000000000002,0.34507,0.12092,0.04945,0.03199,0.25253000000000003,0.41984,0.15299000000000001,0.04755,0.03713,0.00851,0.16272,0.31206,0.21550999999999998,0.12819,0.08665,0.01686,0.04049,0.03753
0.1937,0.02301,0.05397999999999999,0.17361,0.22885999999999998,0.04721,0.04779,0.23185,0.05152999999999999,0.03506,0.05513,0.18014000000000002,0.5072,0.04167,0.07728,0.051989999999999995,0.04372,0.0144,0.07379,0.47807,0.28403,0.03273,0.04195,0.031310000000000004,0.07341,0.05382000000000001,0.02324,0.32784,0.19967000000000001,0.06784,0.12546,0.12872,0.19309,0.08492999999999999,0.12569,0.2089,0.08008,0.01993,0.02138,0.26599,0.16822,0.050089999999999996,0.08381,0.24718,0.21453000000000003,0.06495,0.06873,0.1025,0.043680000000000004,0.03732,0.12634,0.20579,0.23585,0.17465,0.12768,0.04869,0.18064000000000002,0.08286,0.14795999999999998,0.15505,0.12352,0.03381,0.14211,0.13405999999999998,0.38864,0.03311,0.03141,0.04439,0.07406,0.09022999999999999,0.13101,0.20714000000000002,0.17952,0.2723,0.15402000000000002,0.09933,0.10644,0.05992000000000001,0.062439999999999996,0.06602000000000001,0.04627,0.1084,0.10550999999999999,0.14883,0.16552999999999998,0.17543,0.16617,0.08386,0.24595,0.13422,0.0882,0.03665,0.07107000000000001,0.0825,0.25633,0.08507999999999999,0.54618,0.0057399999999999994,0.0174,0.01778,0.01615,0.00869,0.18829,0.19976,0.16235,0.11154000000000001,0.17472000000000001,0.22024000000000002,0.11409000000000001,0.04712,0.07132999999999999,0.09861,0.03562,0.04055,0.29284,0.37529,0.16308,0.03582,0.03294,0.02386,0.24529,0.10674000000000002,0.06625,0.04961,0.08487,0.04431,0.18603,0.2169
0.24245999999999998,0.025519999999999998,0.06047,0.14127,0.26092,0.0415,0.04842,0.17943,0.0449,0.03319,0.06084,0.23271,0.47983000000000003,0.04585,0.06517,0.03751,0.025519999999999998,0.0251,0.08089,0.49072,0.27324,0.0365,0.04347,0.02455,0.09669,0.058170000000000006,0.01735,0.26805,0.23473000000000002,0.07992,0.11008,0.13501,0.21545,0.09421,0.11899000000000001,0.22651,0.07511,0.02521,0.0153,0.22921999999999998,0.16493,0.06604,0.10942,0.27325,0.15561,0.06812,0.06273,0.09992000000000001,0.0564,0.01985,0.11185999999999999,0.16547,0.23158,0.1712,0.17246,0.07118,0.2063,0.0877,0.17396,0.17656,0.13639,0.04857,0.0656,0.10492,0.36572,0.03279,0.03428,0.026439999999999998,0.06325,0.06737,0.15807000000000002,0.25208,0.19801,0.2645,0.12082000000000001,0.12255,0.10767,0.08694,0.04912,0.05039,0.054970000000000005,0.09936,0.13263,0.17076,0.15506,0.1858,0.1409,0.06051,0.23676999999999998,0.09266,0.06851,0.02607,0.05732,0.10507000000000001,0.30023,0.11337,0.50538,0.00313,0.015880000000000002,0.02192,0.00742,0.01037,0.17456,0.26135,0.14922,0.09158,0.18383,0.27455,0.09089,0.05779,0.06387000000000001,0.08828,0.0482,0.04701,0.20618000000000003,0.44304,0.1747,0.026910000000000003,0.027569999999999997,0.026389999999999997,0.2485,0.1093,0.08421000000000001,0.04679,0.12159,0.047189999999999996,0.08941,0.25301
0.2875,0.06997,0.0421,0.13011,0.2286,0.03247,0.04972,0.15953,0.04102,0.03011,0.054529999999999995,0.32821999999999996,0.4288,0.04954,0.04228,0.0255,0.037469999999999996,0.021159999999999998,0.08021,0.42999,0.28506,0.037939999999999995,0.07424,0.03393,0.04251,0.01255,0.015319999999999999,0.35675,0.32543,0.08302999999999999,0.11409000000000001,0.05032,0.35238,0.073,0.08226,0.08279,0.034069999999999996,0.02536,0.054329999999999996,0.29581,0.05281,0.058710000000000005,0.16307,0.39014,0.23039,0.04473,0.025519999999999998,0.03463,0.14534,0.04331,0.03177,0.056670000000000005,0.15569000000000002,0.20067000000000002,0.20423,0.16230999999999998,0.06964,0.07973999999999999,0.2082,0.2727,0.21606,0.05372999999999999,0.05764,0.042289999999999994,0.30159,0.034319999999999996,0.02419,0.03247,0.03584,0.08177999999999999,0.19204000000000002,0.29777,0.19827999999999998,0.26486,0.16380999999999998,0.06205,0.08575,0.07113,0.0627,0.09141,0.09441000000000001,0.07711,0.16312000000000001,0.21418,0.23164,0.09166,0.058539999999999995,0.06934,0.08417999999999999,0.057120000000000004,0.05702,0.0498,0.04566,0.25835,0.39539,0.05248,0.62531,0.01179,0.027339999999999996,0.01652,0.027719999999999998,0.03543,0.15625999999999998,0.09962,0.19317,0.09264,0.10967,0.05657,0.12195999999999999,0.05122,0.19804000000000002,0.17673,0.05058,0.06834,0.21550999999999998,0.40005,0.17482,0.03374,0.02632,0.030639999999999997,0.14770999999999998,0.09269,0.1234,0.2003,0.14483,0.06425,0.1199,0.10692
0.32487,0.05372999999999999,0.05099,0.13136,0.23171999999999998,0.0289,0.04785,0.13058,0.02586,0.02572,0.06674,0.32273,0.44743,0.054889999999999994,0.036289999999999996,0.02034,0.03875,0.0497,0.08526,0.4513,0.24950999999999998,0.0335,0.05661,0.03536,0.0383,0.00804,0.01275,0.29608,0.39493,0.08232,0.12165,0.04591,0.28576,0.08198,0.09619,0.0895,0.03038,0.03268,0.05645,0.32706,0.09212000000000001,0.05115,0.14991,0.37493000000000004,0.20384000000000002,0.03601,0.04411,0.047939999999999997,0.09695,0.02733,0.04686,0.08757999999999999,0.19812000000000002,0.18389,0.21422,0.14506,0.10612,0.0814,0.26261,0.24547,0.17288,0.049089999999999995,0.05848,0.02395,0.33496,0.038919999999999996,0.024990000000000002,0.019469999999999998,0.051579999999999994,0.06455,0.22413000000000002,0.24139000000000002,0.23681999999999997,0.28007,0.13585,0.060860000000000004,0.08912,0.04035,0.08075,0.07618,0.06188,0.08424,0.16549,0.2332,0.19199000000000002,0.12435,0.07612000000000001,0.06273,0.09429,0.028110000000000003,0.03417,0.053489999999999996,0.07854,0.245,0.40959,0.05681,0.64537,0.0063,0.008879999999999999,0.01621,0.03538,0.01294,0.11748,0.15745,0.16605999999999999,0.06477999999999999,0.13641,0.12437999999999999,0.07857,0.06992000000000001,0.22589,0.13399,0.03451,0.03809,0.22325,0.43418999999999996,0.17811,0.0324,0.03205,0.027389999999999998,0.09282,0.12939,0.19696,0.25772,0.15159,0.06031,0.04668,0.06452999999999999
0.23856999999999998,0.04097,0.07282999999999999,0.21595999999999999,0.18331,0.06515,0.07614,0.10705999999999999,0.0547,0.08982000000000001,0.09056,0.12552,0.46531000000000006,0.03878,0.08499,0.05032,0.05827,0.013930000000000001,0.02025,0.27478,0.20920999999999998,0.11102000000000001,0.18436,0.12817,0.08217,0.04458,0.043019999999999996,0.29874,0.17255,0.07608,0.15294000000000002,0.12993,0.34507,0.10899,0.24311,0.06805,0.0272,0.02582,0.03667,0.14508,0.11217,0.07176,0.12347000000000001,0.2132,0.13892000000000002,0.10367,0.11325,0.12355,0.02645,0.03323,0.20576999999999998,0.33843,0.2237,0.08051,0.06354,0.028360000000000003,0.20385999999999999,0.08394,0.07052,0.03947,0.08599,0.07664,0.20749,0.23209000000000002,0.20651999999999998,0.02825,0.06785,0.10432999999999999,0.11373,0.08993,0.07911,0.3103,0.20017000000000001,0.14282,0.17368,0.12963,0.13359000000000001,0.06842000000000001,0.0583,0.09339,0.0721,0.0908,0.09485,0.14614000000000002,0.12843,0.22077,0.18549000000000002,0.06142,0.2101,0.07221,0.055529999999999996,0.04448,0.12877,0.08329,0.24415,0.16147,0.45657,0.03195,0.03211,0.01782,0.03565,0.0594,0.26865,0.09785,0.1522,0.0626,0.24579,0.13505999999999999,0.07121,0.09521,0.11114,0.12678,0.056589999999999994,0.10885999999999998,0.3331,0.28723000000000004,0.11235,0.0397,0.026269999999999998,0.035910000000000004,0.23631999999999997,0.08528999999999999,0.04046,0.025910000000000002,0.13609000000000002,0.02355,0.12268,0.32971
0.2422,0.04081,0.20676,0.24958000000000002,0.15142,0.02175,0.02231,0.06517,0.04767,0.05316,0.13337000000000002,0.40681,0.27099,0.04328,0.019540000000000002,0.02519,0.00746,0.0116,0.06876,0.48636,0.34143,0.05981,0.01842,0.00617,0.05039,0.0296,0.02808,0.23801999999999998,0.35326,0.08639,0.13737,0.07689,0.31855,0.08162,0.12124000000000001,0.15442,0.05533,0.01312,0.05103,0.20469,0.12120999999999998,0.05822000000000001,0.13337000000000002,0.06505,0.10923,0.15664,0.17097,0.18531,0.08415,0.07687999999999999,0.13055,0.19659000000000001,0.2199,0.11517999999999999,0.10954000000000001,0.06721,0.25076,0.20518000000000003,0.19791,0.07200000000000001,0.10402,0.061529999999999994,0.04555,0.06305,0.29715,0.01371,0.0276,0.04339,0.06415,0.0695,0.21857,0.26593,0.2059,0.17989000000000002,0.1554,0.11721,0.1373,0.06959,0.0593,0.0754,0.06608,0.09172999999999999,0.09955,0.18554,0.15642,0.24341999999999997,0.11705,0.04021,0.1255,0.05874,0.047810000000000005,0.0241,0.07909,0.17865,0.41931999999999997,0.0668,0.62692,0.019880000000000002,0.02068,0.01633,0.03859,0.04351,0.17012,0.06396,0.2354,0.059829999999999994,0.13326,0.07791000000000001,0.042960000000000005,0.03304,0.21670999999999999,0.2009,0.0526,0.0933,0.23703000000000002,0.34949,0.15044000000000002,0.04231,0.04049,0.034339999999999996,0.11450999999999999,0.09771,0.08019,0.18685,0.10736,0.07596,0.21195,0.12547
0.20155,0.04,0.07443999999999999,0.09436,0.2785,0.06863999999999999,0.05971,0.1828,0.04292,0.08498,0.17349,0.32034,0.28284000000000004,0.03821,0.039560000000000005,0.01766,0.06608,0.057260000000000005,0.08909,0.39574000000000004,0.11987,0.051620000000000006,0.12235,0.09797,0.13945,0.01955,0.01258,0.5763,0.09651,0.00757,0.04736,0.10067999999999999,0.35229,0.11775999999999999,0.14545999999999998,0.06556000000000001,0.04507,0.033460000000000004,0.044739999999999995,0.19565,0.07776,0.1084,0.30068,0.21297,0.11645,0.08246,0.06486,0.036410000000000005,0.07986,0.07802,0.14659,0.16545,0.12999000000000002,0.14486,0.1447,0.11054000000000001,0.062020000000000006,0.01784,0.051829999999999994,0.08471000000000001,0.37847,0.16552,0.13837,0.10124,0.45715,0.016319999999999998,0.03186,0.04526,0.13972,0.11503,0.07633999999999999,0.11832000000000001,0.2496,0.16144,0.14331,0.08215,0.09552999999999999,0.0852,0.12242,0.06035,0.056010000000000004,0.11607,0.24869000000000002,0.26239,0.14001,0.07114,0.05461,0.051089999999999997,0.20811999999999997,0.04442,0.1281,0.05192000000000001,0.1416,0.08321,0.13207,0.21055,0.33516,0.08234,0.01591,0.037380000000000004,0.030930000000000003,0.0283,0.12594,0.34405,0.08202999999999999,0.06583,0.16092,0.131,0.18966,0.08995,0.16008,0.12054000000000001,0.05555,0.06898,0.35089000000000004,0.30508,0.12327,0.0439,0.02822,0.0241,0.203,0.10942,0.17194,0.11565999999999999,0.13863,0.04036,0.07816000000000001,0.14282
0.19580999999999998,0.01765,0.05822000000000001,0.12230999999999999,0.28552,0.03926,0.05785,0.22336999999999999,0.024059999999999998,0.02374,0.07434,0.1744,0.62511,0.035289999999999995,0.03077,0.01228,0.0298,0.03812,0.1079,0.52146,0.2304,0.02773,0.024880000000000003,0.0197,0.09418,0.04402,0.04942,0.26394,0.3079,0.05243,0.10337,0.08474,0.24111,0.12174000000000001,0.12771,0.08839,0.04123,0.0169,0.0152,0.34770999999999996,0.06376,0.07779,0.11964000000000001,0.33171,0.22095,0.09994,0.04972,0.036489999999999995,0.10300999999999999,0.08672,0.09146,0.12788,0.19397999999999999,0.18952,0.12722,0.08019,0.11065,0.11969,0.26556,0.2394,0.08148999999999999,0.03574,0.07675,0.07071000000000001,0.45787,0.03381,0.04301,0.04558,0.09375,0.08021,0.11805999999999998,0.12769,0.13545,0.29886,0.16722,0.09552000000000001,0.09852000000000001,0.0541,0.08291,0.06742000000000001,0.09534,0.09664,0.10067000000000001,0.16901,0.18989,0.13458,0.08753999999999999,0.12633,0.1503,0.05019,0.04962,0.0279,0.07584,0.20815999999999998,0.38256,0.05542999999999999,0.49448000000000003,0.03173,0.01976,0.015030000000000002,0.00845,0.00872,0.21620999999999999,0.20561,0.18494000000000002,0.17800000000000002,0.10422000000000001,0.13347,0.11715999999999999,0.07202,0.07116,0.13904,0.03132,0.05316,0.27766,0.40131999999999995,0.16842000000000001,0.033260000000000005,0.02196,0.0129,0.14622000000000002,0.13222,0.15453,0.12419000000000001,0.09981,0.11017,0.11079000000000001,0.12207
0.26694,0.052820000000000006,0.07837999999999999,0.19947,0.1752,0.015580000000000002,0.03575,0.17586,0.03787,0.02708,0.038360000000000005,0.20215999999999998,0.46179,0.11955999999999999,0.0712,0.041960000000000004,0.02253,0.04213,0.0728,0.41631,0.34223000000000003,0.04439,0.04493,0.014669999999999999,0.04899,0.02005,0.06,0.38536,0.25051,0.10772000000000001,0.09315,0.03422,0.30071,0.03789,0.04597,0.06287999999999999,0.05496,0.06527999999999999,0.16822,0.2641,0.22049000000000002,0.10332999999999999,0.15425999999999998,0.16826,0.11533,0.0367,0.0581,0.14352,0.059379999999999995,0.03162,0.10181,0.11163,0.24388,0.25489,0.1481,0.04869,0.26434,0.14301,0.15921,0.10224,0.07642,0.060779999999999994,0.09092,0.10307999999999999,0.37112,0.00838,0.01225,0.0147,0.063,0.07076,0.19847,0.26132,0.25547,0.19473,0.12154000000000001,0.07725,0.15469000000000002,0.05082,0.050460000000000005,0.09502999999999999,0.0566,0.06286,0.16185,0.33363000000000004,0.17597000000000002,0.08119,0.09544,0.03246,0.07589,0.05038,0.07561,0.05777,0.09086,0.12836,0.43568999999999997,0.08544,0.99179,0.0,0.00047000000000000004,0.0,0.00132,0.0,0.00541,0.00101,0.14119,0.03411,0.09892000000000001,0.07607,0.06064,0.15813,0.26915,0.1618,0.04318,0.07037,0.24493,0.38897,0.14952000000000001,0.04394,0.041819999999999996,0.017269999999999997,0.20769,0.22198,0.24611999999999998,0.0745,0.0977,0.05144,0.06137000000000001,0.0392
0.32816999999999996,0.038689999999999995,0.03063,0.18731,0.24238,0.045630000000000004,0.04895,0.07824,0.07207000000000001,0.03352,0.051829999999999994,0.09623999999999999,0.5894699999999999,0.07528,0.04423,0.03735,0.05905,0.04069,0.05632,0.42182,0.18823,0.04087,0.08031,0.11270999999999999,0.06904,0.02285,0.02083,0.46193,0.09676,0.03871,0.15412,0.13577,0.32921999999999996,0.0534,0.13105,0.0767,0.05538,0.04166,0.04063,0.27197,0.041819999999999996,0.042010000000000006,0.13938,0.32248000000000004,0.18507,0.11498,0.10672999999999999,0.04754,0.11696,0.08799,0.0854,0.23394,0.14229,0.07966000000000001,0.13514,0.11862,0.12283,0.04055,0.11362,0.12372999999999999,0.2543,0.05699,0.15762,0.13035,0.46326999999999996,0.04625,0.057420000000000006,0.08747,0.12646,0.05779,0.0523,0.10903,0.12505,0.18699000000000002,0.2633,0.17309000000000002,0.11863,0.05557,0.044969999999999996,0.0324,0.13502,0.09794,0.11542000000000001,0.12426,0.17382,0.10653,0.14381,0.1032,0.17757,0.06172999999999999,0.0452,0.04966,0.07705,0.17087,0.31698000000000004,0.10095,0.57572,0.01247,0.014719999999999999,0.00462,0.03758,0.023,0.08126,0.25064000000000003,0.2091,0.12684,0.11914000000000001,0.12074000000000001,0.08112,0.09217,0.14040999999999998,0.11048,0.03128,0.11534000000000001,0.34922,0.27105,0.14087,0.04728,0.02334,0.02161,0.1854,0.09315,0.17453,0.17382999999999998,0.16917000000000001,0.029689999999999998,0.08509,0.08913
