-0.58154,0.0773,0.35968,0.04325,-0.02791,0.12512,-0.6996100000000001,-0.10887000000000001,0.4449,0.23798000000000002,1.33917,-0.8401,-0.05013,-0.80197,-0.44108,0.73833,0.20016,1.01296,-1.62389,0.23861999999999997,-1.50631,2.82468,0.18854,-0.75576,-0.8497600000000001,-0.7208,-0.60864,-0.8442200000000001,-0.62467,-0.16028,3.6639,0.59304,1.19791,0.27460999999999997,0.32665,0.13364,0.185,0.38828,-0.8870600000000001,0.40876999999999997,0.6430600000000001,0.32211999999999996,0.32859,1.04996,1.11552,0.7359,-0.3556,-0.56162,-0.19275,-0.17595,-0.30023,-1.3341100000000001,0.96506,-0.21506,-0.74573,2.40762,-0.015009999999999999,-0.6005699999999999,-0.5546800000000001,-0.5369,-0.47923000000000004,-0.74566,-0.70733,-0.0585,0.57525,0.33296,0.03268,-0.6048899999999999
-1.56145,-0.5937,0.37131,-1.00318,-0.20923000000000003,-0.82967,-0.68119,-0.5612199999999999,0.19735999999999998,0.8957,-0.5686,2.31393,0.9901399999999999,0.39363000000000004,-1.48205,-0.58372,-1.25245,-1.10123,1.37274,0.61439,-2.39281,-0.25574,-0.27981999999999996,-0.7169800000000001,-0.82609,-0.43125,-0.02068,0.059329999999999994,-0.39752,-0.04966,1.62889,5.04275,0.14849,0.51171,-1.43879,-0.70813,-0.34774,-0.86825,0.87,-0.9249200000000001,-0.57975,-0.74421,-1.24255,-0.8528399999999999,-1.21725,-1.05328,-0.47465,-0.26854,-0.41139,-0.38848,0.06722,-0.74863,-0.81739,-0.88938,-1.2843799999999999,0.11562,-0.23867,-0.5427,-0.5355300000000001,-0.52617,-0.14275,0.13784000000000002,-0.7034199999999999,0.36491999999999997,1.03576,1.8662400000000001,-0.26695,-0.45847
1.80289,0.25455,1.06186,2.2120900000000003,0.27047,2.44319,-0.58827,2.82912,0.68984,-0.47562,-0.46841000000000005,0.9718200000000001,-0.07521,0.55298,0.75467,-1.8950900000000002,-1.05497,0.43463999999999997,0.21968000000000001,-0.05003,0.5161100000000001,-0.9471299999999999,-0.77093,-0.78455,-0.9338700000000001,-0.39071999999999996,-0.43451000000000006,-0.70749,-0.70968,-0.58417,-0.1787,2.93182,-0.23148000000000002,-0.29002,1.4131,-0.64804,-0.12859,1.33711,-1.1582,1.6279299999999999,0.31628,1.61509,-0.8824299999999999,-1.1722299999999999,-0.49938,-0.6092,-0.48058,-0.015790000000000002,0.8367600000000001,0.3727,-0.7285,-0.29593,1.11093,-1.02129,-0.67625,-0.94595,-0.7398899999999999,-0.6175,-0.6505,-0.057089999999999995,-0.44756999999999997,-0.8154399999999999,-0.6654800000000001,-0.64877,-0.23473000000000002,3.62206,-0.35346,0.55407
-0.5329699999999999,-0.20277,0.40125,-0.5348,-1.40105,-0.14246,-0.6449,0.21128000000000002,0.44211999999999996,1.62867,-0.6461100000000001,-1.65704,1.24295,-0.91612,-1.4780799999999998,1.30685,-0.12597,-0.67878,1.2214,-1.93039,0.58515,-0.74178,-0.20954,-0.6509,-0.7205699999999999,-0.03714,0.051089999999999997,-0.44263,-0.51159,-0.46631999999999996,0.9971,0.94089,-0.5050600000000001,-0.60941,0.14758,-0.80329,-1.30782,1.00997,0.7027399999999999,0.42017,-0.39821,0.63648,-1.16724,-1.10561,1.54474,0.61431,0.48643000000000003,-0.08648,1.0824799999999999,-0.024630000000000003,0.48898,0.49354,-0.8906200000000001,0.09833,0.41897,-0.59965,-0.29144000000000003,-0.59833,-0.6003,-0.11775999999999999,-0.29571,-0.77698,-0.53184,-0.551,-0.20765,0.40965,-0.35349,-0.71311
-1.22895,-0.8262299999999999,1.1026799999999999,-0.60233,-0.13808,-0.65987,1.70524,-0.75097,-1.79855,0.5391699999999999,0.78727,0.37035999999999997,0.77036,0.03511,-0.73263,0.78264,-0.12745,-0.23464000000000002,-0.25351999999999997,-0.50944,-0.35423000000000004,4.08071,0.52364,1.33107,0.32041,0.7630399999999999,0.30299,0.0047799999999999995,-0.3951,-0.0887,-0.42607,0.6878,-0.60764,0.15135,-1.0099799999999999,-0.42052,0.56889,0.13699,1.25958,-0.59963,2.41025,-0.73529,2.56705,1.8639299999999999,0.03837,0.04709,0.53375,-1.04749,0.57822,-0.99082,-1.03241,-0.44706999999999997,0.47608999999999996,-0.8889299999999999,0.20528000000000002,3.73947,-0.48916000000000004,2.47831,0.42312,0.87395,0.14397000000000001,-0.2058,-0.39279000000000003,0.47245,-0.24563000000000001,0.15916,-0.46086000000000005,-0.5886899999999999
-0.08824,-1.03779,1.45236,1.1979600000000001,1.5591700000000002,0.58112,-0.59904,0.59797,-2.16983,-1.27101,0.1234,1.26186,1.92737,1.12379,-0.00286,0.25378,-1.4486700000000001,1.10991,-0.08951,-0.21111,-0.9653200000000001,0.39588,0.5101,2.21225,1.3657,0.35214,3.94403,-0.19416,-0.39813000000000004,-0.23585,0.29394000000000003,-0.65247,-0.98472,0.78142,-0.7289399999999999,-0.8035100000000001,0.0296,1.23965,1.12256,1.22085,-0.80735,1.61937,1.01411,0.24014000000000002,1.5588899999999999,-1.29905,-0.7386199999999999,-0.6507,-0.18155,-1.0605,2.59998,1.69103,-0.6302399999999999,-1.24759,-1.29779,0.8859100000000001,1.7086599999999998,2.0909999999999997,0.95745,0.03704,3.22545,-0.30095,-0.21319000000000002,0.30895,1.6976200000000001,-0.58796,-0.84436,0.46605
-1.21471,-0.6119,1.0353700000000001,-1.05958,-1.1365299999999998,-0.7642,0.71529,-0.65249,-0.09219,1.08732,-0.20553000000000002,-0.30186999999999997,0.73763,-0.13055,-1.26803,1.09646,-0.93184,0.67986,-0.6956399999999999,0.4147,0.41123999999999994,-0.52751,-0.85657,-0.69596,-0.42625,0.95804,1.68823,0.15457,-0.42663999999999996,0.09328,1.9333900000000002,0.26775,-0.11126,0.57019,-1.0421,-0.60225,-0.41731999999999997,-1.2110299999999998,-1.1365,-0.8342799999999999,0.59268,-0.6803899999999999,-0.6238100000000001,-1.03786,0.8218200000000001,-1.10809,-0.9196700000000001,0.09584,1.3743100000000001,0.77323,1.05423,2.90351,1.30938,-0.11747,-0.17176,-0.55396,-0.7355,-0.56287,-0.5745899999999999,0.43551999999999996,3.0865299999999998,-0.05285,-0.2835,0.59946,2.19371,0.30335,-0.10024,0.09913
-0.90985,-0.7883,0.7723,-0.93679,-0.5406,-0.82668,-0.29151,-0.55537,-0.64095,0.7055,-1.9163299999999999,0.13229000000000002,0.92358,0.39131,1.29534,-0.5323399999999999,-1.42868,0.90684,0.79038,0.1967,0.21272,-0.84296,-1.03193,-0.59711,0.055510000000000004,4.14227,1.02581,-0.69919,-0.86766,0.56775,-0.80688,-0.8327399999999999,-0.31389,0.57034,-0.6072,-0.5222,-0.68353,-1.08165,-0.42678,-0.84724,0.9288200000000001,-0.7499,-0.59434,0.39499,-1.07627,-0.08098,-0.97941,0.8434,-1.18393,-0.21603000000000003,1.6049799999999999,-0.73285,0.26905999999999997,-1.4179700000000002,-0.9958600000000001,-0.66874,-0.8446,-0.55982,0.06836,4.11751,1.06976,-0.8478600000000001,-0.71425,1.30024,-0.6908,-0.8934200000000001,0.34593,-0.29202
-0.08322,-1.08228,1.39893,-0.4168,-0.39295,-0.34303,0.0935,-0.28513,-2.06196,-1.19832,-0.23301999999999998,1.04901,1.20072,1.4593200000000002,1.01854,-0.50446,-1.4814,1.6857900000000001,-0.53761,1.42111,0.56889,-0.41873999999999995,1.8604,2.63478,0.5261899999999999,1.8767900000000002,0.61975,-0.18136,0.20152,-0.5064,-0.44625,-0.50794,-0.01967,-0.2962,-0.5382600000000001,-0.91385,-0.12277,-0.07094,0.12208,-0.27893,0.8094,-0.42455,-0.034089999999999995,1.86515,0.3881,-0.1088,-1.36083,-1.09866,-0.15115,-1.00615,2.56487,0.24974000000000002,1.39639,-0.84367,0.56922,-0.79824,3.0882400000000003,2.60328,-0.06654,1.1352200000000001,-0.39281,-0.39623,0.39566,-0.53896,-0.46228,-0.63915,-0.7108,0.75994
-0.57233,-1.07277,-0.20685,-0.056060000000000006,1.43638,-0.60821,0.44253000000000003,-0.73883,-2.16832,0.93361,0.66392,1.4432,1.11859,0.36075,0.08999,-0.20770999999999998,-0.37440999999999997,0.07509,-0.93315,0.19983,-0.7295,-0.5733199999999999,3.87975,0.40626,0.54584,0.7754800000000001,0.55942,2.28485,2.76307,-0.08029,-0.51732,0.20656999999999998,-0.5564399999999999,1.0504,-0.60255,-0.89355,-1.2887899999999999,-0.846,-0.45016000000000006,-0.7762600000000001,0.29528000000000004,-0.5584100000000001,0.5475300000000001,-0.90369,1.6691099999999999,1.0715700000000001,-0.9359799999999999,-0.3817,0.76303,-1.48074,1.84625,-0.6443,-0.007790000000000001,-0.65267,0.92705,-0.9020600000000001,3.15345,-0.04802,0.34175,0.24234,-0.052239999999999995,2.13656,2.52445,-0.22866999999999998,-0.62985,0.06437999999999999,-0.74815,1.2334200000000002
-0.46597,-0.79988,-2.2826400000000002,-0.12544,0.51952,-0.48291000000000006,-0.06165,-0.33999,-0.3286,-0.3586,-1.34315,2.54703,1.54098,-0.21153000000000002,-0.0294,-0.17726,-0.6542399999999999,2.35338,-0.29429,-1.51641,1.16144,-0.5868399999999999,-0.8906,-0.53071,-0.27473000000000003,-0.40481,-0.13178,-0.18003,-0.44428,0.6883100000000001,1.5880100000000001,0.26375,-0.28289000000000003,0.12233,-0.91948,-0.6934100000000001,1.26395,-1.17375,-1.01244,-0.74168,0.188,-0.44232,0.17514000000000002,0.25989,1.052,0.6822600000000001,-0.20629,1.04275,-1.49621,1.26134,0.08093,0.3074,0.45461999999999997,-0.04602,0.09804,-0.25795,-0.64452,-0.28398,-0.17165,-0.369,-0.0376,-0.42688000000000004,-0.33628,0.07773,1.37857,0.36906,0.36801,-0.72314
-1.07485,-0.68334,0.9495899999999999,-0.21723,0.39374000000000003,-0.58499,-1.1065,-0.53154,-0.007090000000000001,0.12009,-0.37041999999999997,2.04814,-0.43586,1.45775,-0.18437,-0.9202899999999999,0.13971,0.04,0.53872,1.43662,-0.31089,-0.6802600000000001,-0.95821,-0.51047,-0.16029000000000002,-0.05735,0.2455,3.32964,2.73835,0.8463,0.12322999999999999,-0.79737,-0.95726,1.35096,-0.95868,-0.79299,-0.7024,-1.04597,-1.25142,-0.8246,-1.01051,-0.58749,-1.36829,-0.07184,-0.19899,-0.41308999999999996,-0.36913,1.34764,-0.29916,1.4657200000000001,-0.12295999999999999,1.0836,-0.66774,0.32132,-1.74737,-0.45841000000000004,-0.82344,-0.47706000000000004,-0.21400999999999998,-0.21711,0.49451000000000006,1.9121599999999999,2.12839,0.2174,-0.06192,-0.79671,-0.96925,0.73988
3.20909,-0.37075,1.32466,2.78321,0.3496,3.73929,-1.50645,2.95142,-0.13935999999999998,-0.5029100000000001,2.19564,-1.68432,-0.11490999999999998,-3.09301,1.25922,0.07823,1.3869799999999999,0.20204,-0.08036,-0.8634799999999999,-0.29284,-0.33853,-0.67113,-0.67902,-0.47448,-0.7428,-0.53363,0.28912,-0.5211899999999999,0.56917,0.07612000000000001,-0.79585,0.22530999999999998,-0.13935999999999998,1.71028,-0.78609,-1.04201,1.1470799999999999,-1.36564,2.546,-0.8427,1.9983,-0.25488,-0.6503899999999999,-1.57615,-0.05049,-0.82083,0.04717,-0.9772299999999999,0.20609,-1.26296,0.24170999999999998,1.07085,1.4558,2.0865,-0.47752,-0.48661000000000004,-0.5977600000000001,-0.44319,-0.66566,-0.53681,0.0658,-0.7075899999999999,0.71548,0.36482,-0.78528,0.82388,0.0463
0.30036999999999997,-1.0267899999999999,-0.12534,1.0113,1.6513400000000003,0.46662,-0.87376,0.15687,-1.30692,-1.22149,2.02109,1.07637,-1.02318,-0.00502,-0.51451,0.36429,1.56207,-0.8074899999999999,-0.08615,-0.3969,0.07696,0.1191,1.23166,-0.34526999999999997,0.47946000000000005,4.72316,4.37104,0.36362,-0.11652,-0.30977,-0.19793,-0.36435,0.50456,0.44953000000000004,-0.82001,-0.85408,0.83996,-0.13852,-0.041030000000000004,0.34972,-1.40022,0.9854700000000001,-0.25209000000000004,-0.11802,-0.52185,-0.8858600000000001,0.56061,-0.54,0.27684000000000003,-0.61705,0.10807,-0.68252,-0.86639,-0.43673,0.00474,-0.06799,1.0776299999999999,-0.35317,0.041460000000000004,5.3386,2.81126,0.54428,-0.63698,-0.40665,-0.006999999999999999,-0.54298,-0.74298,1.28245
-0.8194,-0.35078000000000004,0.20513,-0.62387,0.03556,-0.67703,0.42665,-0.53469,0.23098000000000002,0.0987,-0.84025,0.50212,-0.27963000000000005,0.9449700000000001,0.89997,-0.31079,-0.87274,1.40496,-0.72751,-0.11779,0.26015,-0.9769899999999999,0.15882000000000002,-0.30378,-0.55477,0.94139,-0.06368,-0.81117,-0.37848000000000004,-0.15834,0.65018,1.21659,-0.69452,-0.37151999999999996,-1.25696,-0.15415,-0.12445,-1.03908,-1.53741,-0.73234,1.13971,-0.6377,0.94937,0.43983,-0.92975,-1.43921,0.7377600000000001,0.19186,0.6109899999999999,0.1759,-0.61153,0.6176699999999999,0.11498,-0.24486,-1.2513299999999998,-0.89217,-0.08205,-0.37938,-0.34559,0.8230799999999999,0.2033,-0.88439,-0.16945,-0.23442,-0.38946,1.0065,-0.67825,-0.74537
-0.00365,0.04755,-0.53315,-0.20776999999999998,-0.9351299999999999,-0.04029,-0.63494,-0.25905,0.69304,0.86179,-1.4401,0.42373999999999995,-0.49628999999999995,0.8886799999999999,0.61719,-0.92816,1.13716,-2.3976900000000003,0.97554,-0.48644,-0.1624,0.90045,0.049260000000000005,-0.28084000000000003,-0.88484,0.0265,-0.2857,-0.88605,-0.9475299999999999,-0.48788000000000004,-1.02505,-0.70048,2.54744,-0.70087,-0.09708,-0.17209000000000002,0.34431,0.40867,0.10299000000000001,0.14803,-0.7280399999999999,-0.43077,-0.7679600000000001,-0.41846000000000005,-0.15182,-0.7431300000000001,1.5789600000000001,0.84673,-0.37958000000000003,0.89235,-0.21336,0.68407,-1.07325,1.06565,-0.46013999999999994,-0.49233000000000005,-0.2747,-0.42683999999999994,-0.6151399999999999,-0.0067599999999999995,-0.26565,-0.9587,-0.7075100000000001,-0.47618999999999995,-1.05615,-0.53809,3.28346,-0.36812
0.13956,-0.12695,0.8511299999999999,0.80852,0.07998999999999999,1.54036,-0.21761999999999998,1.90015,0.31095,1.2733,-1.15877,-0.28863,0.32045,-1.17146,2.08924,-0.8015899999999999,-0.9038700000000001,-0.32195999999999997,1.33294,0.317,-2.01058,0.11116,-0.7297100000000001,-0.50802,-0.49746999999999997,-0.53385,-0.39037,0.038439999999999995,0.09187999999999999,0.63815,-0.64974,-0.9189299999999999,-0.88134,-0.12539,0.56353,-0.33295,-0.61987,0.60636,-1.56538,1.26119,-0.010409999999999999,0.9473799999999999,-0.64355,-1.6332799999999998,-0.6570199999999999,0.0365,-0.5452100000000001,-0.67489,-0.99441,0.93925,-0.2886,1.21812,-0.93006,-1.2594299999999998,-0.21718,-0.19289,-0.58354,-0.4553,-0.48533999999999994,-0.43563,-0.48463999999999996,-0.5251899999999999,-0.010709999999999999,0.17312,-0.9318200000000001,-0.8810600000000001,-0.77763,-0.13656
-0.26161,0.19432,1.01985,-0.41383000000000003,-1.2667,0.12743,-0.18792,0.23826,0.48058,2.04609,-0.39249,-0.43445,0.46016,-1.56354,-0.38006999999999996,0.83365,0.73222,-0.82732,-0.06535,-1.08006,1.48464,0.0551,-0.78001,-0.03755,-0.34981,-0.63107,-0.6718,-0.15344000000000002,-0.57492,0.58312,-0.27948,-0.59542,-0.75807,-0.26992,0.79982,-0.37544,-0.70239,0.95741,0.16643,0.9844,-0.52985,1.0852,-1.1363299999999998,1.26942,1.14975,-1.07597,-0.35651,-1.09245,0.7005,0.48533999999999994,1.13424,0.51776,-0.1296,0.37556,1.53856,-0.23879,-0.66752,0.02723,-0.44673,-0.42031999999999997,-0.60349,0.38090999999999997,-0.54805,-0.09616,-0.52365,-0.83442,-0.82245,-0.38639
-0.77585,0.009729999999999999,1.4026399999999999,-0.9170299999999999,-0.86156,-0.61333,1.3542299999999998,-0.52749,0.56907,0.85534,-0.47644,-0.72648,1.0863399999999999,0.23194,-0.96198,-0.3527,1.0696299999999999,-1.23895,0.08046,-0.24654,-1.0019,0.6811699999999999,-0.88008,-0.65152,-0.78928,-0.57101,-0.72428,-0.5284800000000001,0.60463,-0.27925,1.99439,-0.51681,-0.18487,-0.06401,0.28505,-0.29724,-0.9169200000000001,-0.82144,-0.056720000000000007,-0.45955,0.43458,-0.57202,-0.0016699999999999998,1.04912,-1.1102,2.65562,0.021159999999999998,0.16981,0.659,1.03895,-0.73337,-0.8819799999999999,0.35225,-0.62247,-0.5534600000000001,1.01952,-0.76861,-0.5922,-0.65485,-0.6817300000000001,-0.63841,-0.49125,-0.39526999999999995,-0.08274,1.32713,-0.78681,-0.79695,-0.44803999999999994
1.2467700000000002,-0.73711,0.74195,0.59551,0.027880000000000002,1.30682,-1.1724299999999999,1.05931,-0.36859000000000003,-0.46603999999999995,0.08905,0.24316999999999997,1.6269,0.81612,-1.06707,-1.20696,0.9923299999999999,-0.65788,-0.02108,0.1643,-0.9372299999999999,-0.88751,-0.93142,-0.66991,-0.7915800000000001,-0.6843199999999999,-0.54703,0.75665,1.8429400000000002,0.11754,1.6065200000000002,-0.84796,-0.95209,0.5171899999999999,2.34964,-0.65342,0.45978,0.3562,-0.6661100000000001,1.9041599999999999,-1.6805,1.12804,0.25666,0.06249,0.61264,1.4310200000000002,-0.67391,-0.18988,1.7955599999999998,-1.59028,-0.5794699999999999,-1.8976400000000002,0.14739000000000002,-0.8755299999999999,0.0031100000000000004,-0.9288200000000001,-0.87026,-0.52291,-0.6432100000000001,-0.61239,-0.51032,0.24434,0.9540299999999999,-0.49965,2.05797,-0.9557200000000001,-1.0098200000000002,0.17062
0.11193,0.76853,-0.92033,-0.95599,-1.41524,-0.6894600000000001,0.7703,-0.58775,0.41723000000000005,0.25684,-0.7632899999999999,-0.8318200000000001,-0.49437,0.49812,0.40506,-0.06615,-0.72092,-0.18275,1.17804,0.96824,0.62692,0.29125,0.09817000000000001,-0.535,-0.24176999999999998,-0.27884000000000003,-0.46425,-0.13675,-0.8381,-0.13564,-1.1216700000000002,-0.7711,1.4987,-0.5049399999999999,2.58183,1.7860900000000002,0.86162,0.32422,1.38988,-0.40347,-0.8122699999999999,-0.72953,1.57827,0.34748,-0.16948,-0.79437,0.07606,-0.11272,-0.21961999999999998,0.4027,0.04698,-1.1605,-0.77156,-0.15148,-0.50631,0.008459999999999999,-0.042230000000000004,-0.42101000000000005,-0.136,0.11165,-0.4094,0.46395,-0.70363,-0.09033,-1.0455299999999998,-0.89426,4.338509999999999,-0.2364
0.13621,-0.18992,-2.27103,-0.28365999999999997,0.38306999999999997,-0.48677,0.3986,-0.5926899999999999,-0.43671000000000004,0.22971,0.9906,-0.5676399999999999,-0.031439999999999996,-1.3443399999999999,-1.16581,-0.28794000000000003,2.27366,-0.62802,-0.27038,1.22905,-0.52028,-0.63176,-0.3529,-0.03545,0.67393,0.1879,-0.15222,0.5679,-0.56457,-0.42695,-0.71013,0.45376000000000005,3.6040900000000002,-0.37611,-0.17770999999999998,0.86114,2.4946900000000003,-0.1379,0.47333000000000003,-0.41516000000000003,-0.5939300000000001,-0.5936100000000001,1.46278,1.4134200000000001,1.045,1.7909,0.48181,0.91627,-1.10248,0.04264,-1.2455,-0.11799000000000001,0.63677,0.27016,-0.5794600000000001,-0.71933,0.06292,-0.08563,0.82296,0.25301,0.07249,0.7045,0.00299,-0.3293,-0.588,-0.14303,1.2748700000000002,-0.73954
0.38411999999999996,1.1409,-0.1485,1.21585,1.1475899999999999,0.45791000000000004,-0.26629,0.89969,0.8917799999999999,1.16773,0.06872,0.32138,-0.5508,0.1036,0.40451,-0.60841,-0.32644,-1.182,-0.67252,-0.34238,-0.26213000000000003,-0.38427,0.87554,2.7777700000000003,1.11788,-0.54157,-0.71108,-0.97451,-0.83795,0.07783999999999999,-0.96819,-0.62129,-0.56782,-0.08102000000000001,1.23183,0.85064,-0.0653,2.63234,1.9529900000000002,1.10951,-0.30762,2.09807,0.46973000000000004,0.35841999999999996,1.04164,0.27321999999999996,-0.81207,-0.74426,-0.04712,-1.4765,-0.027389999999999998,-0.04295,2.91374,-0.10324000000000001,-1.66609,0.21459,1.43109,2.88857,0.66942,-0.45799999999999996,-0.64126,-0.95847,-0.6443,-0.12065,-1.15889,-0.46502,-0.13672,-0.02733
-0.77418,4.2886,-1.51965,-0.22905999999999999,0.8937299999999999,-0.5872,1.61457,-0.6435,1.1780899999999999,-0.18771,0.88515,-1.6386599999999998,-0.73028,1.8541900000000002,-1.6512799999999999,-0.39946,-1.00651,0.64846,-1.11392,2.1400900000000003,0.51653,-0.78637,-0.38488,-0.45535,-0.47818999999999995,-0.60416,-0.41298,0.06862,0.4884,-0.50849,-0.81491,-0.67264,-1.0114100000000001,-0.5053300000000001,-0.23947,5.0140400000000005,2.4221,0.23521999999999998,2.55537,-0.74264,1.38057,-0.6784899999999999,-0.4118,1.01451,1.08637,-0.76826,0.57395,-0.08136,-0.15503,1.6670099999999999,-0.9162899999999999,-1.16231,-0.22548,-0.62475,0.90453,-0.61005,-0.71829,-0.46143,-0.37065,-0.53255,-0.35648,-0.23119,0.15028,-0.33666999999999997,-0.6662399999999999,-0.39041,-0.53832,-0.44218
0.43856000000000006,0.55792,-2.0926099999999996,0.17941,1.21906,-0.49454,-0.16443,-0.61652,0.8505799999999999,-0.12428,-0.6480600000000001,-1.34866,-0.78864,0.7850199999999999,-0.19149000000000002,-1.0245799999999998,0.31045,-0.05248,0.12202,1.6128,-1.2313100000000001,0.44082,0.06833,-0.30044,-0.52184,-0.7059300000000001,-0.73346,-0.24868,-0.7742100000000001,-0.53285,-0.67638,-0.89115,-0.7248100000000001,-0.8465600000000001,0.26441,0.056510000000000005,1.04233,0.13205999999999998,1.6478700000000002,-0.6300899999999999,0.69,-0.72923,-1.57686,1.49386,-0.5933,-0.38536,-0.55418,0.81199,0.46657,2.21149,-1.2854,-1.1301,-1.42046,1.31589,0.48008,0.73982,0.34053,-0.5169600000000001,-0.42375,-0.6897300000000001,-0.60032,0.18182,-0.65137,-0.63451,-0.77218,-0.8647100000000001,-0.69807,-0.69567
0.67474,0.85657,-0.99519,0.09633,0.5021899999999999,-0.2457,-1.18317,-0.41868,0.899,0.90904,-1.34585,-1.74679,1.30167,0.27785,-0.42368999999999996,0.39015,-1.56011,0.4551,1.35689,0.18195,0.7572300000000001,-0.63198,-0.31686,-0.19286,-0.73658,-0.38040999999999997,-0.3935,-0.87224,-0.9525299999999999,-0.51693,0.73028,-0.27505,-0.75158,-0.70901,0.49216000000000004,1.47079,-0.63283,0.23510999999999999,0.16279000000000002,-0.27332,-1.04585,-0.69422,0.23451999999999998,-1.0062,-0.79861,0.61465,-0.88202,0.66965,2.61437,0.16774,0.28178000000000003,-1.3443399999999999,-0.67892,0.49883999999999995,-0.50371,-0.71244,-0.28547,-0.07654,-0.5629,-0.41391000000000006,-0.58028,-1.01105,-0.8236100000000001,-0.57463,2.07933,-0.05924,-0.5235,-0.05816
1.1831200000000002,-0.2687,0.23128,0.94671,0.58695,0.9607600000000001,-0.76255,0.65957,0.01094,0.07142000000000001,-0.06256,-1.2334200000000002,0.16896,-0.35918,0.25332,1.80453,-0.23458,-2.09908,-0.8251200000000001,0.78767,0.6854899999999999,0.13873,-0.28194,-0.07304,-0.13565,-0.35686999999999997,-0.4472,-0.37313,-0.39626,-0.35159,0.8055899999999999,-0.19766,0.28639000000000003,-0.5529,0.37783,-0.029189999999999997,0.15329,0.27636,-0.60263,0.5613600000000001,-0.3498,0.9978100000000001,1.17703,2.6814,-0.20556,1.07002,1.6674400000000003,-0.76467,-0.17082999999999998,-0.62816,-1.12025,1.3155700000000001,-0.32118,0.72639,0.08977,0.32947,0.16480999999999998,-0.1205,-0.06529,-0.41415,-0.43556000000000006,-0.36566,-0.07541,-0.31054,1.6795400000000003,-0.69181,-0.24406,-0.2247
3.10775,-0.36482,-0.91312,3.5812199999999996,1.9383299999999999,3.02135,-1.41442,3.15781,-1.56744,-3.16268,1.68345,1.04178,0.43816000000000005,0.24208000000000002,0.03555,-0.8498700000000001,1.74262,-1.78265,0.24092,-0.16147,0.17874,-0.89938,0.89443,-0.28768,0.44241,0.77179,-0.15872999999999998,-0.78045,0.50027,-0.53345,-1.0151,1.6686400000000001,0.84872,-0.1927,1.2254200000000002,1.00568,2.9384,2.6680099999999998,-0.59083,2.8601,-1.2256,3.01992,2.27025,1.02491,-1.02488,2.77391,2.03674,-1.36903,-0.29753,-1.01171,0.01295,0.80465,0.40735,0.46796000000000004,-1.55471,-0.7832399999999999,1.31386,-0.34401,0.42478999999999995,0.56087,0.00128,-0.57825,0.8822700000000001,-0.53597,-0.81135,1.72428,1.4046299999999998,0.2422
-0.74235,1.4907700000000002,-1.11084,-0.10953,-0.18408,-0.2559,0.19401,-0.34179,1.07226,0.64791,0.27376999999999996,-0.32646,-1.25516,0.85834,-1.2399799999999999,0.23998000000000003,0.19546,-1.73754,1.25544,-2.4628799999999997,-0.69794,0.63668,-0.16682,0.061220000000000004,2.27013,0.48028000000000004,-0.73644,-1.00181,-1.04431,-0.61366,-0.8270299999999999,0.85975,1.9464299999999999,-0.37929,1.25979,0.32078,0.9909,1.7480799999999999,1.00196,0.29791999999999996,1.52496,-0.21699000000000002,-0.68813,0.5064,1.3835,0.8487100000000001,1.58092,-0.17275,1.33887,-0.7415,1.8587,0.9701700000000001,-0.13,0.20094,-0.65146,0.7276199999999999,-0.23845,0.12605,1.19376,0.19426,-0.63703,-1.0196399999999999,-0.73378,-0.63489,-0.71491,2.33593,0.72668,-0.31234
-0.35458,-0.39113000000000003,-0.88574,-0.8545200000000001,-0.73485,-0.7700100000000001,1.32023,-0.59314,-0.00643,0.77298,-1.22529,-0.23465999999999998,-0.13272,0.78713,1.17537,0.75308,-1.8864,0.64065,0.42133999999999994,-0.74368,1.37191,-1.10307,-0.77762,-0.21120999999999998,4.94281,-0.34334000000000003,-0.55114,-0.8353,1.07656,-0.38387,-0.6976,-0.25249,-0.43036,0.33888,-0.86987,-0.23345,1.5130000000000001,-0.35045,0.5243800000000001,-0.6903699999999999,0.39452,-0.78561,-0.14051,-0.33987,-0.8953399999999999,-0.65287,0.35491999999999996,1.3893799999999998,-0.74088,-0.1977,1.54223,0.86305,-0.54193,0.6621199999999999,-0.74511,-0.87202,-0.7701899999999999,-0.44282,6.33038,-0.32698,-0.46045,-0.7149800000000001,0.6611,-0.2299,-0.16613,-0.40303,-0.43017,0.07282999999999999
-1.31187,0.06632,1.12506,-0.78417,-0.66579,-0.73919,0.63263,-0.67408,0.37464000000000003,0.50903,-0.2384,0.10006,-1.8627200000000002,1.66713,0.32845,0.28768,0.23639000000000002,-0.54185,-0.63203,-0.13415,0.6842199999999999,-0.49838999999999994,-0.66504,-0.52378,-0.01323,-0.3367,-0.7348600000000001,-0.73736,3.16233,0.24591999999999997,0.47953,-0.6430600000000001,-0.51313,1.2389299999999999,-0.22662,-0.02682,-0.87841,-0.56061,0.2364,-0.76285,0.69688,-0.6985399999999999,0.60735,-1.08217,0.14155,-1.01945,-0.40076999999999996,-0.13127,-0.52642,-0.68481,0.49593000000000004,-0.38209,-0.048889999999999996,-1.3041200000000002,-0.60932,-0.51073,-0.4776,-0.44538999999999995,-0.25639,-0.14259000000000002,-0.63836,-0.66377,4.66878,0.37905,0.96693,-0.70501,-0.19827,3.13925
-1.37552,0.07514,-0.18617999999999998,-1.27556,-1.48292,-0.75649,1.3751,-0.5261399999999999,0.46033999999999997,1.2842200000000001,-0.76212,-0.58195,-0.1314,0.6579699999999999,-0.6765800000000001,1.4448299999999998,-0.21120999999999998,-0.40285,-1.96174,0.48655,2.20404,-0.38909,-0.66373,-0.24354,-0.059120000000000006,-0.5593100000000001,0.04815,0.67085,1.7304400000000002,-0.31059000000000003,-0.9496,-0.66732,0.23073000000000002,0.23242,-0.7031,0.03746,-0.79095,-0.55448,0.5913,-0.6036,1.1609200000000002,-0.6207699999999999,1.01424,0.5354899999999999,1.1854200000000001,-0.9298200000000001,0.00223,0.5028,-0.30704000000000004,0.21485,0.064,0.10589000000000001,-1.348,-0.84808,1.8208400000000002,-0.62467,-0.60239,-0.57129,0.11886,-0.5484399999999999,-0.34585,-0.1391,2.6983599999999996,0.20559000000000002,-1.1095,-0.8237,0.49151000000000006,1.68505
0.9410799999999999,1.0762,-0.14782,-0.3676,-0.66703,-0.26748,-1.22699,-0.52659,1.3901299999999999,-0.88197,0.16635,-0.50392,-1.44256,-0.96315,0.1683,1.17255,0.83795,-0.61936,-0.9466200000000001,0.38345999999999997,1.20937,-0.8216200000000001,2.2840000000000003,-0.13660999999999998,-0.32941,-0.81262,-0.7016399999999999,-0.9552200000000001,-0.8168300000000001,0.2726,-0.61749,-0.37894,-0.73111,-0.3354,-0.95724,0.30905,-1.41736,-1.13517,-1.09081,-0.75288,-1.61971,-0.6714600000000001,-1.16105,-1.14056,-1.24581,-0.67692,-0.69965,-0.28902,-0.41017,-0.5222899999999999,-0.75205,-0.7722899999999999,-0.39958,-1.24033,0.41963999999999996,-0.8525200000000001,-0.38888,-0.43631000000000003,-0.28115999999999997,-0.6938,-0.63565,-0.90625,-0.64891,-0.20032,-0.9719899999999999,-0.452,-0.7729,-0.5927100000000001
-0.28171,-0.30223,-0.57099,-0.42945,-0.5809,-0.32697,-0.54595,-0.62507,0.31963,-0.8288200000000001,1.8465200000000002,0.27186,-1.90577,-1.03475,-1.15046,0.68952,0.9333100000000001,-1.0720299999999998,-0.18731,0.05927999999999999,1.07344,0.71403,-0.19125,-0.36706,-0.18600999999999998,-0.08002000000000001,-0.27646,0.24374,-0.3679,0.31621,0.46852,-0.58386,-0.62967,-0.21800999999999998,0.20642,-0.19477,-0.13529000000000002,-0.5764,-0.75451,-0.54799,-0.73255,-0.50659,-0.26855999999999997,-1.18472,1.56026,0.31285999999999997,-0.89328,-0.9993700000000001,1.34841,-0.8723299999999999,0.00202,-0.77782,-0.43543999999999994,-0.8085399999999999,0.8964200000000001,1.9009099999999999,-0.06184,-0.53598,-0.22837,0.17925,-0.20956,0.06185,-0.26571999999999996,0.25445999999999996,0.5344300000000001,-0.46036000000000005,-0.60682,-0.31523
-1.23816,-0.7531100000000001,-0.63859,-1.16806,-1.05026,-0.86346,0.6761699999999999,-0.7141,-0.6272300000000001,0.8806200000000001,0.17548,1.56803,-2.15311,-1.8649799999999999,0.17893,0.44006000000000006,1.6251799999999998,0.71843,-1.4625700000000001,0.47672,0.17822000000000002,0.06921000000000001,-0.68658,-0.65623,-0.64399,-0.54989,-0.5854699999999999,1.25288,0.61373,0.06935,-0.20792,-0.46416999999999997,-0.00605,-0.03327,-1.25547,-0.55656,-1.23909,-1.05571,-0.01661,-0.89518,0.44856999999999997,-0.66589,0.18234,-1.3179299999999998,0.36325999999999997,0.9466100000000001,-0.86236,-0.75161,2.16667,-1.14198,-0.5382,0.12454000000000001,-0.41255,-0.60785,-0.06912,-0.30321,-0.72582,-0.58819,-0.60002,-0.48313999999999996,-0.53264,2.91208,-0.42599,0.20253,-0.05193,-0.49738000000000004,-0.11927,-0.0271
0.33889,0.37822,0.11492999999999999,-0.53156,-1.52581,-0.32633,0.47691999999999996,-0.55312,0.65086,-0.38078,0.36576,-2.42007,0.1681,-1.19905,-1.92618,1.8054400000000002,1.25089,-0.67184,-0.87846,1.10627,2.01872,-0.44146,-0.58534,0.44092,-0.9808600000000001,-0.9205700000000001,0.20863,-0.7962100000000001,-1.02572,-0.52735,-0.77735,1.1601299999999999,-0.06911,-0.70615,0.60917,-0.25037,-0.43082,-0.80983,-1.21904,-0.5805100000000001,-0.62729,-0.60992,-0.61936,0.6753399999999999,1.3005200000000001,2.1038099999999997,2.02022,0.25490999999999997,-0.2838,-0.49117,-0.7693300000000001,0.32803000000000004,-1.1170799999999999,0.1555,-0.46976999999999997,-0.9308700000000001,-0.48813,-0.38866999999999996,-0.65989,-0.73717,0.20088,-0.53087,-0.7560600000000001,-0.57424,-1.04112,1.1258,0.52757,-0.36474
1.11361,-0.67497,-2.4144799999999997,0.40386,0.86372,0.14825,0.37438,-0.14619000000000001,-0.0317,-1.84457,1.25981,-0.5776,-0.9406200000000001,-1.1350799999999999,0.8751399999999999,0.36154000000000003,0.46025,1.04795,-2.87492,0.55352,0.11771,0.40154,1.9098,-0.43695,-0.58799,0.6602899999999999,-0.42706000000000005,-0.5619,-0.94578,-0.41603999999999997,1.27525,1.2379,0.93847,-0.07973,-0.67782,-0.45845,1.97222,-0.15465,0.32068,-0.31849,0.74105,-0.35767,0.8706200000000001,-0.23556999999999997,-1.3894600000000001,0.51212,-1.45643,0.23534000000000002,-1.00145,-0.23415,-0.61223,-0.43091999999999997,-0.26885,0.87734,0.43816000000000005,0.38203000000000004,1.1262299999999998,-0.32343,-0.5534399999999999,0.66105,-0.32133,-0.37581,-0.70105,-0.451,1.8617700000000001,1.1006799999999999,1.43783,-0.3726
0.17055,0.0029100000000000003,0.8491700000000001,-0.55296,-0.84964,-0.26306999999999997,-0.83088,-0.29907,1.0887,-1.75509,0.6048899999999999,-0.6472399999999999,-1.03835,-0.17347,-0.15442,0.5509,0.41357,0.68292,-2.16965,1.75755,-0.45436000000000004,0.48816000000000004,-0.44943,-0.4801,-0.7095,-0.47562,-0.34178000000000003,-0.5878800000000001,-0.20310999999999998,-0.26641,-0.27273000000000003,0.16295,0.469,-0.59685,-0.19694,-0.42241000000000006,-0.9652200000000001,-0.9732799999999999,-1.0200200000000001,-0.69385,-0.47293,-0.37526,-0.9714299999999999,-0.62573,-0.07495,-0.17396,-0.5182,-0.42571000000000003,0.44851,0.08275,-0.62744,-0.9500299999999999,-1.3773,0.32018,-1.22092,0.33111,-0.44361000000000006,-0.36548,-0.48928999999999995,-0.54489,-0.28065,-0.48631,-0.29448,-0.05855,-0.48391000000000006,0.41721,1.08323,-0.67111
-0.57233,0.06838,-0.03128,-0.96626,-1.5296399999999999,-0.52963,-1.05284,-0.12866,1.2582799999999998,-1.6397400000000002,-1.02366,0.20929,-0.58349,0.54605,0.3786,1.02956,-0.45192,-0.81153,-0.13128,-1.47085,-0.8203600000000001,1.6923599999999999,-0.33710999999999997,-0.6412100000000001,-0.31337,-0.55099,-0.48954,-0.38825,-0.70229,-0.4487,0.0357,-0.40979,-0.25133,-0.8271200000000001,-1.07335,-0.6221,-0.45225,-1.12352,-0.63148,-0.6489,-0.8782200000000001,-0.66523,-1.22814,-0.8691399999999999,0.53377,-1.34574,-0.17325,-0.54892,-0.4745,-0.48451000000000005,0.02097,-0.75962,2.03178,-0.64871,-1.44189,1.16939,-0.53296,-0.58408,-0.55771,-0.6262,-0.55797,-0.7269100000000001,-0.7350899999999999,-0.36196999999999996,-0.033889999999999997,-0.43643000000000004,0.38555,-0.38844
0.56503,0.7723899999999999,-0.28759,-0.21913000000000002,-0.03854,-0.22214,-0.60773,-0.42362,1.10904,-1.05393,-0.7946300000000001,-1.44645,-0.27299,-0.56065,0.07139,1.4214,-0.66284,-1.0749799999999998,-0.80518,0.6753899999999999,1.6063100000000001,-0.12638,0.35518,-0.38498000000000004,-0.34589000000000003,-0.11363,-0.05026,0.0534,-0.73902,-0.29104,-1.03321,-0.42239,-0.29577,-0.84878,0.20574,1.8575,-0.9661,-0.3003,0.21806999999999999,-0.24708000000000002,-1.13486,-0.6298199999999999,0.536,-0.8773799999999999,-1.2983,-0.6921,-0.41006000000000004,-0.92576,0.21711999999999998,-1.5801100000000001,-1.07015,0.32619000000000004,0.61419,2.6749099999999997,0.3064,-0.22608000000000003,-0.17692,-0.5159600000000001,-0.37606,-0.32149,-0.46852,0.67505,-0.70854,-0.33224000000000004,-1.02857,0.18388,-0.19167,-0.55574
1.1002,2.59171,1.41803,0.2,0.69784,-0.1703,-0.99031,-0.54098,1.7185700000000002,-0.16389,0.24816999999999997,-0.5532,-1.00206,-1.0508899999999999,-0.11214,1.39683,0.73663,-1.6833099999999999,0.63174,0.59165,-0.01342,-0.32116999999999996,-0.10400000000000001,0.38886,0.43993000000000004,0.13935999999999998,-0.6309600000000001,-0.30459,-0.75854,-0.36689,-0.38564,-0.11621,-0.21905,-0.7952100000000001,1.2917299999999998,0.6499199999999999,-1.23515,-0.8892100000000001,-0.12995,-0.42932,-0.64057,-0.5976899999999999,-0.66369,-0.71851,-1.10545,-1.4031,-0.89949,-1.1022399999999999,-0.54215,-1.3721,-0.51275,0.99064,0.07685,0.062220000000000004,-0.4973,-0.7358,-0.07622000000000001,0.33979000000000004,0.19086,-0.22213000000000002,-0.5613100000000001,0.59124,-0.38852,-0.19714,-0.0592,-0.46518999999999994,-0.06875,-0.5776899999999999
-1.3462,0.37908000000000003,0.85967,-1.19721,-1.22151,-0.85598,0.55428,-0.59719,0.46113000000000004,0.8479899999999999,-0.9420700000000001,-0.39452,-0.04165,-0.47857,0.8471,-0.12757000000000002,0.37078,0.8499399999999999,1.11285,-1.69635,0.5594100000000001,3.14988,-0.5895,-0.5159199999999999,0.03403,-0.18417,-0.61206,-0.39418000000000003,-0.55189,-0.09917999999999999,-0.04564,-0.61637,-0.46861,-0.32835,-1.31436,0.7002,-0.5526399999999999,-1.0852600000000001,-0.53696,-0.91915,-1.3397700000000001,-0.695,0.8581,-0.52441,-0.31195,-1.12194,1.8628900000000002,-1.20189,-0.98313,-0.9137700000000001,0.49787,0.22666,-0.50393,0.024990000000000002,2.04957,3.3112699999999995,-0.44859,-0.34836,0.06779,0.25268,-0.49005,-0.16785,-0.43512,-0.11227999999999999,-0.6024,-0.78961,-0.44613,-0.35162
0.8832899999999999,-0.54188,0.05545,1.9252200000000002,0.80482,2.72832,-0.81825,2.51392,-0.05629,0.74106,-0.7408399999999999,-0.43786,0.43562,0.20031,1.7240099999999998,-1.5057,-1.0509600000000001,1.52865,2.0135400000000003,-1.39299,0.4725,-0.82847,-0.62757,-0.52189,-0.8590899999999999,-0.51105,0.11467999999999999,-0.52125,-0.19053,-0.15599000000000002,0.028010000000000004,-0.56558,-0.43893000000000004,-0.66162,1.30792,-0.71131,-0.1145,1.83495,-1.26962,2.8735,0.18015,2.59017,-1.34994,-0.7199300000000001,-0.82619,-0.1311,-1.21963,0.61114,-0.32435,0.15753,-0.53432,0.9108700000000001,-0.36644,-0.67766,-0.13051,-0.60831,-0.30358,-0.48601000000000005,-0.62503,-0.6583399999999999,-0.053360000000000005,-0.82675,-0.14368,-0.53488,-0.29267,-0.43873999999999996,-0.9321799999999999,-0.7391800000000001
0.03487,-0.5280199999999999,-0.14209000000000002,0.58902,-0.39328,0.91484,-1.02654,2.08405,0.41517,-0.40181999999999995,-0.44878,0.22269,-0.84795,-0.23337,1.8383200000000002,0.0018,-0.15446,-0.056670000000000005,-0.18623,-1.24233,0.89418,0.00659,-0.66486,-0.10825,-0.038419999999999996,-0.29679,-0.19904000000000002,-0.24988000000000002,-0.17937,-0.31671,-0.71667,-0.49888000000000005,0.28754,-0.8113,0.78806,-0.74534,-1.0625200000000001,1.9416200000000001,2.01783,1.35711,-1.10049,1.70117,-1.22462,0.5704899999999999,-0.49418,1.6432799999999999,-0.46434,2.42017,-0.94737,-0.17452,-0.96001,-1.6558099999999998,0.73154,3.05475,-0.18825,-0.39087,-0.63737,-0.33402,-0.13275,-0.39716999999999997,-0.22196,-0.09987,-0.38622,-0.45418000000000003,-0.30289,-0.48495,-0.27917,-0.9525399999999999
-0.16697,-0.27344,-1.45995,-0.58377,0.64933,-0.81258,-0.44465,-0.6507,0.37729,0.029060000000000002,-0.75303,0.27389,-1.10201,0.63631,0.6662,0.21464,-0.01353,-0.53086,0.48217,-0.8225399999999999,-1.0765200000000001,0.61751,-0.50951,-0.66389,-0.8083199999999999,0.48278999999999994,-0.6625800000000001,-0.67279,-0.77878,-0.12573,0.40978000000000003,-0.56925,-0.9335899999999999,-0.6129,-0.38559,-0.39163000000000003,0.22293000000000002,-1.01719,0.6339600000000001,-0.9279799999999999,-1.61392,-0.70949,-0.8033100000000001,-0.82185,-0.61077,-0.34700000000000003,-0.85044,2.86064,-1.34097,2.24316,-0.73314,-0.34796,-0.1188,1.2055,1.08955,0.75481,-0.3551,-0.49117,-0.6554800000000001,0.49108999999999997,-0.63568,-0.69917,-0.54446,0.016909999999999998,-0.07647000000000001,-0.5320199999999999,-0.9695600000000001,-0.5020399999999999
-0.68205,-1.03462,-0.4673,-0.34055,0.14187,-0.47276999999999997,0.53188,-0.69386,-1.69753,-0.45591000000000004,1.45686,0.37508,-0.03188,1.5124799999999998,-0.97514,0.05306,0.75808,0.44178999999999996,0.28296,0.5878800000000001,-1.95892,-0.13907,2.6439999999999997,0.21946999999999997,1.19773,1.0913700000000002,2.19136,0.34901,0.27278,-0.30334,1.19031,1.4957799999999999,3.34712,0.6793100000000001,-1.48175,-0.8469899999999999,1.13045,-0.61132,-0.15247,-0.65335,-0.57421,-0.65692,0.5612199999999999,1.03398,0.61721,0.30785,-0.17818,0.8317700000000001,-1.0548799999999998,1.54555,-0.87944,0.3079,0.64489,-0.47462,0.71028,-0.23315,3.32948,-0.01686,0.65736,1.1106,2.73835,0.46881000000000006,0.08127999999999999,-0.33361999999999997,0.80282,3.68037,2.2834,0.39912
0.45196000000000003,2.9056900000000003,-0.10353,1.68718,1.09917,1.07273,-0.38379,1.62137,1.4188,0.37906,-0.61651,-0.09727000000000001,-0.42691999999999997,0.53175,0.9032600000000001,-2.01283,0.30579,0.9168200000000001,0.36376,-1.0865,-0.34813,-0.44047,-0.6714399999999999,-0.06932999999999999,0.37931,-0.45818000000000003,-0.71296,-0.8718,-1.06144,-0.6296,-0.62512,0.18132,-0.00279,-0.9637700000000001,1.2291299999999998,1.14811,-0.19526,2.15218,2.53856,0.80777,0.20085999999999998,1.47821,-0.5553899999999999,-0.99925,1.3231700000000002,-0.30753,-0.25693,-0.36159,0.46668999999999994,-0.09709,-0.8332200000000001,0.6242300000000001,1.8488,2.24078,2.7699599999999998,-0.59578,-0.65857,-0.11865,0.37917,-0.31226,-0.60117,-0.8345600000000001,-0.76693,-0.6511399999999999,-0.58102,0.9243600000000001,0.09389,-0.46223000000000003
0.7107600000000001,0.62908,0.68103,-0.02277,-0.11483,-0.07815,-0.91543,-0.35663,0.9815200000000001,0.77767,-0.9598399999999999,0.21349,-0.7247100000000001,-0.71145,1.8269400000000002,-1.7690700000000001,0.03388,-0.06857,1.18056,-0.44577,0.33474,-0.13747,-0.54176,-0.38078,-0.66902,-0.76849,-0.65791,-0.24506999999999998,-0.18602,-0.23255,-0.59055,-0.04576,0.83076,-0.74427,-1.35253,0.14808,-1.50727,-0.08832999999999999,-1.07739,0.00201,-1.2438200000000001,-0.4695,-1.25647,-0.78914,-0.60443,0.03925,-0.21758000000000002,-1.0196,0.15011,-0.6358699999999999,-1.57355,-0.33026,-0.30813,0.16687000000000002,-1.1647,0.25282,-0.6947,-0.37632,-0.57972,-0.54105,-0.6028100000000001,-0.35951,-0.36358,-0.20859,-0.54198,-0.21799000000000002,0.19363,-0.67109
-1.2524,0.06967999999999999,0.88665,-1.39385,-2.41949,-0.74151,1.01224,-0.60933,0.63881,0.10737000000000001,0.06716,-0.86615,0.53096,-0.84626,-0.7397100000000001,-1.70996,0.3113,0.5594600000000001,1.25498,-0.7633800000000001,1.6235899999999999,-0.7691899999999999,-0.72329,-0.6663,-0.73282,0.14503,-0.23187,0.11792000000000001,-0.10242000000000001,0.38986,-0.89331,-0.2922,-0.53413,-0.27166999999999997,-0.73964,-0.3114,-0.71988,-1.3329,-1.10238,-0.8619100000000001,0.6382399999999999,-0.61017,-0.33202,0.01902,0.9996799999999999,-0.75143,0.83745,0.26295,2.0967,-0.061329999999999996,-0.54888,-0.55921,1.28841,1.7272900000000002,0.50254,-0.48286,-0.31195,-0.53122,-0.52642,0.20959,-0.25285,0.07489,-0.30555,0.2291,-1.1006200000000002,0.05728,-0.39211,-0.30380999999999997
-0.8286100000000001,-0.69275,-0.98315,-0.8616799999999999,-0.35896999999999996,-0.76202,1.06433,-0.61068,-0.78894,0.09894,-0.34967,0.15934,1.40269,0.73964,0.38261999999999996,-0.48832,-1.84128,1.08089,0.08664,0.73833,-0.88346,-0.41511000000000003,1.27319,0.08526,-0.37003,-0.37948000000000004,-0.32587,1.70974,0.0289,-0.1376,-0.6985600000000001,-0.27496,-0.9531299999999999,-0.053329999999999995,-1.09371,-0.35131,1.07045,-0.7377100000000001,0.29299000000000003,-0.79101,0.98059,-0.70091,1.2787600000000001,-0.73416,0.95237,-0.39685,2.34405,-0.76312,-1.38276,0.048139999999999995,1.1940600000000001,1.3955899999999999,2.0695900000000003,-0.11144000000000001,2.04288,-0.12663,2.42414,0.38187,-0.35100000000000003,-0.42271000000000003,-0.33274000000000004,1.97922,0.0437,-0.0779,-0.01348,-0.28841,-0.6557,0.037110000000000004
-0.21555,-0.77054,-0.34708,0.10676,1.3242,-0.58777,2.0129099999999998,-0.7527699999999999,-1.15592,-0.15065,0.023190000000000002,1.6473900000000001,1.63219,0.06615,0.47918,0.84485,-1.7696,0.37309000000000003,-0.044000000000000004,0.79438,-1.32358,-0.39631,-0.44616999999999996,0.90928,0.25601999999999997,-0.21949000000000002,1.92789,3.8391900000000003,0.61887,-0.10427,0.6502100000000001,0.16934000000000002,-0.19474,0.86519,-0.41513,-0.41153,-0.50697,0.26779000000000003,0.8453700000000001,-0.5952,2.11385,-0.5914,1.34904,-0.64415,1.7510700000000001,1.22695,0.13373,-1.42927,-0.24906999999999999,-0.0675,0.50198,0.28195,0.84121,-0.6221800000000001,1.1299299999999999,-0.3719,-0.31775,1.10622,0.28552,-0.12668,3.53445,3.32942,1.11311,0.35489,1.9738799999999999,1.20084,0.88345,1.02352
1.6906599999999998,-0.9111100000000001,0.57095,1.0268,1.8641900000000002,0.31845,-0.8950100000000001,-0.18037,-1.4126299999999998,-1.33348,-0.27214,0.53737,0.8132,1.26925,0.52637,-0.28515,-0.3815,0.72469,-1.33964,2.5706700000000002,-1.04498,-0.54261,0.74631,3.11373,1.27609,0.17488,0.8327399999999999,0.31088000000000005,0.80695,-0.2037,-0.39008000000000004,-0.40123000000000003,-0.2651,0.027530000000000002,1.01588,-0.40589000000000003,0.42382,0.24261999999999997,0.1532,0.08562,1.055,-0.28639000000000003,1.2307299999999999,0.61312,0.21509,-0.7318399999999999,-1.3022200000000002,0.12475,-0.72531,1.40737,0.99223,-0.6371399999999999,-1.07487,-0.22524,-0.03157,-0.54608,0.72905,4.29632,0.57189,-0.22724,0.41558999999999996,-0.48291000000000006,0.32284,-0.61423,-0.77449,-0.47873000000000004,-0.13447,0.49388999999999994
0.0198,-0.6280100000000001,-1.08746,-0.3547,0.85696,-0.69292,0.69352,-0.76131,-0.8001199999999999,1.86122,1.0868200000000001,0.89885,-1.37129,-0.59233,-0.39668000000000003,0.72955,0.34392,0.60961,-0.45593999999999996,0.17612,-0.85231,1.01585,-0.35484,0.01585,-0.2477,-0.16355999999999998,-0.42151000000000005,-0.40395,-0.28499,0.27249,2.54853,0.57882,1.6833200000000001,-0.055479999999999995,0.27533,-0.40084000000000003,0.8431200000000001,0.16989,0.80608,-0.60943,0.35262,-0.75049,0.6802699999999999,0.48558999999999997,-1.91695,-0.18965,1.9079599999999999,-0.7915300000000001,-1.52957,-0.45853,-0.89138,-1.0305799999999998,-1.91198,-1.4715200000000002,-0.52125,-0.10994000000000001,-0.5581699999999999,-0.25096,-0.2535,-0.22605999999999998,-0.28281999999999996,-0.014490000000000001,-0.39437,-0.26979000000000003,2.2850599999999996,0.02369,1.0152,-0.44345
-0.24486,-1.08204,0.52184,0.22116,2.09558,-0.51976,-0.43768,-0.5801,-2.0716099999999997,0.0698,-0.13054000000000002,0.14618,1.25158,0.40539000000000003,-0.00224,0.59192,0.10149,0.26678,-0.6994,-0.25729,-1.21062,0.83783,2.15992,3.8490699999999998,0.9301200000000001,0.37708,0.5112899999999999,-0.1063,-0.08628,-0.46474,-0.52145,-0.77454,0.94204,-0.04202,-1.21993,-0.8895200000000001,0.72748,-0.45153999999999994,0.12512,-0.7659199999999999,-0.69902,-0.73915,-0.060160000000000005,-0.27547,-1.1212,-0.43896999999999997,-0.39678,0.28424,-0.85315,2.9095299999999997,0.16414,1.44734,-1.6844400000000002,-0.42408,1.04605,1.8443599999999998,0.78309,1.8371,0.6286,0.32142,0.57484,-0.2249,-0.31383,-0.42541999999999996,-0.61364,-0.85744,0.07267,-0.65888
0.37575,1.26024,-1.48301,-0.17157,-0.6513399999999999,-0.23911,-0.1631,-0.31301,1.23381,-1.32149,-0.6652,-0.37461,0.56023,0.41421,1.00066,-0.9694299999999999,0.23567,-0.67737,0.45205,-0.1666,-0.75941,-0.606,-0.08199,0.12673,-0.8331200000000001,-0.7710899999999999,-0.29244000000000003,-0.8082,-0.79005,-0.45373,-0.49706999999999996,-0.57175,-0.68704,-0.99649,0.66987,1.45102,0.42088000000000003,-0.6784100000000001,-1.4055600000000001,-0.47978000000000004,0.36214,-0.5442600000000001,0.1492,1.7502900000000001,-0.16195,-0.8419200000000001,1.07339,0.53968,-0.35029,-0.26498,1.8340400000000001,2.92615,0.58526,0.48967,-0.55606,-0.039619999999999995,0.68086,0.032010000000000004,-0.56172,-0.6372399999999999,-0.35436999999999996,-0.9368299999999999,-0.56215,-0.48771000000000003,-0.10318,-0.36698000000000003,-0.70617,-0.50335
