-0.70898,1.00895,0.54495,-0.7276,-0.11972999999999999,-0.9886,0.22745,-0.68477,0.35112,1.63808,-0.32731,-0.49775,-0.95683,-0.49249,1.37037,-0.10754000000000001,-1.35285,-1.12514,-1.50593,-1.8887200000000002,-0.22038000000000002,0.7470100000000001,-0.06708,1.28255,-0.32211,-0.52904,-0.47413,-0.56612,-0.65325,-0.89636,0.5893,-0.36129,0.2182,-0.85536,-0.9323,0.58449,-0.14565,-0.1372,-0.05655,-0.70768,0.44924,-0.53183,0.00685,-0.4944,0.89038,1.13832,0.13793,-1.1150799999999998,0.02667,1.26403,-0.0039700000000000004,1.7057099999999998,-0.23433,1.4855399999999999,-0.68655,0.18628,-0.16613,0.81202,-0.41531,-0.59975,-0.23262,-0.33836,-0.6711699999999999,-0.6563,-0.08903,-0.66432,-0.33121999999999996,-0.58113
-0.58682,-0.87021,-0.14909,-0.72635,-1.1594799999999998,-0.4879,-0.82814,-0.61246,0.28836,0.40429,0.36448,0.08757000000000001,0.25561,1.22146,1.23605,-0.08015,-0.9544600000000001,0.77433,0.55686,0.8708299999999999,1.1853200000000002,0.41848,0.87766,3.8541,0.70395,0.5634399999999999,1.52504,-0.24455,-0.68935,-0.67469,-0.94819,-0.50745,-0.45758000000000004,-0.48596000000000006,-0.7391399999999999,-0.49712,0.042660000000000003,-0.0434,0.44718,-0.43948999999999994,-0.7356699999999999,-0.67656,-0.20576,0.18900999999999998,1.3153299999999999,-0.5987399999999999,-0.30475,-1.47024,-1.04314,-0.9561700000000001,-0.6877300000000001,0.031310000000000004,0.5140600000000001,-0.42196999999999996,-1.36447,-0.31171,1.63588,3.71225,-0.07719,1.63753,0.56825,-0.39866,-0.53218,-0.8240700000000001,-0.7729699999999999,-0.69401,-0.53154,-0.46231000000000005
-0.82275,0.7923600000000001,1.12903,-0.6859,-1.37257,-0.052329999999999995,0.033280000000000004,-0.67507,0.013069999999999998,1.37876,0.57558,-0.29351,-1.00095,1.2544799999999998,-0.26591,0.7448899999999999,-0.35919,0.37501,0.9877,1.4007399999999999,1.7620099999999999,-0.09125,3.7849800000000005,0.00395,0.27774,3.75866,0.18572,0.31045,1242.0,-0.75412,-0.51125,-1.0730600000000001,-0.59124,0.77007,0.00054,0.20306,-0.89874,0.8934,0.96935,0.41691999999999996,-0.04622,-0.52996,-0.44036000000000003,-0.12921,0.31622,0.061829999999999996,1.37958,-0.77918,0.7048399999999999,0.8713299999999999,-0.3411,-0.23387,-0.61224,-0.68005,0.8537100000000001,-0.14321,3.76195,-0.05414,0.06948,3.89184,-0.13078,0.00405,2.6504,-0.28907,-0.09747,-0.94479,-0.6400899999999999,0.48216000000000003
-0.98782,0.31745,0.61447,-0.9785799999999999,-0.18436,-1.14681,0.65486,-0.66361,-0.10697999999999999,0.15665,-0.55402,-0.14542,-0.59729,0.18932000000000002,0.54194,0.16993,-0.7532300000000001,0.59607,0.82647,-0.14589000000000002,1.66297,-0.90917,0.78145,-0.5524399999999999,-0.93399,-0.6140800000000001,-0.75944,0.25351999999999997,3.2719099999999997,-0.42117,-0.8860100000000001,-0.81383,-0.8327700000000001,0.9588,-1.1098700000000001,-1.1056700000000002,-0.78637,-1.3170600000000001,-0.8269,-1.02326,-0.8006800000000001,-0.60882,-0.62139,-0.55888,0.9200299999999999,-0.1295,-0.0719,-0.04294,-0.94868,-0.6480199999999999,0.29531,0.24577,-0.16204000000000002,-1.34407,0.19234,-0.85005,1.42981,-0.8547600000000001,-0.77285,-0.60778,-0.70787,-0.48071,3.07056,-0.6434300000000001,-0.53178,-0.51949,-0.59532,1.7979900000000002
-0.4945,0.53276,-0.27859,-0.25073,-0.09361,-0.75512,1.18792,-0.74738,-0.6239399999999999,0.7208600000000001,0.48196000000000006,-0.18947,-0.41945,0.62112,-0.15148,-0.26721,0.22737,0.77674,1.64412,0.6605300000000001,0.60453,-0.89949,-0.9474799999999999,-0.58031,1.64455,0.14922,-0.20873000000000003,0.5834199999999999,0.01454,0.0863,-0.5067,-0.8380299999999999,-0.7700899999999999,-0.56934,-0.53379,2.19848,0.31883,0.15236,0.5163,-0.6964199999999999,0.3718,-0.61111,-0.5727300000000001,-0.3993,-1.4784,-1.06819,0.7856,1.28742,563.0,-0.6352899999999999,0.68094,0.01571,-1.2661799999999999,0.1134,-929.0,-0.86697,-0.61228,-0.5504600000000001,2.6162400000000003,0.33075,0.09152,0.83445,-0.38197,0.48995,-0.22846,-0.65323,-0.5745899999999999,-0.24581999999999998
-0.91041,0.59112,0.74812,-1.20476,-1.6878099999999998,-0.99723,1.29482,-0.61952,-0.22526,1.03661,-0.14875,-1.22594,-0.9943799999999999,1.4880200000000001,1.0447600000000001,-0.40399,-0.7653399999999999,-0.04056,0.85525,0.35936,1.21456,-0.09546,-0.8444200000000001,-0.54578,0.61548,1.6677,1.9331900000000002,-0.52279,-0.7498199999999999,-1.01814,-0.9471299999999999,-0.82214,-0.51717,-1.01094,-0.48093,-0.34586999999999996,-0.66397,0.04626,0.1285,-0.68962,-0.56321,-0.58806,-0.69257,-0.52027,0.5752,-0.5496300000000001,0.32208000000000003,-0.42021000000000003,-0.32045999999999997,2.61769,1.30029,-1.5779100000000001,-1.15225,-0.63877,0.5067699999999999,0.34292,-0.50622,-0.51844,0.39237,1.53633,1.39334,-0.57596,-0.37462,-0.8821399999999999,-0.64413,-0.6374,-0.36077,-0.45566999999999996
0.51359,-0.48961000000000005,-1.0522200000000002,0.51837,-0.15007,0.5128199999999999,0.009340000000000001,-0.66713,-1.10819,-0.029519999999999998,1.5037,-1.63086,0.50674,-0.35946,-0.007909999999999999,-0.08472,-1.03347,1.28209,2.04284,-0.3936,0.33241,-0.2709,-1.2533100000000001,-0.8242,-0.7764300000000001,1.37571,2.57645,0.12697,0.7471,0.66428,-0.9303600000000001,-1.17046,-336.0,0.044719999999999996,0.23761,-0.38084,1.0863399999999999,0.32627,-0.69915,0.4591,-0.21608000000000002,-0.57918,0.33537,-0.2606,3.40721,1.9577,0.18598,0.16560999999999998,1.60948,-0.52356,45.0,0.16201,-0.59021,-0.67756,-1.1992399999999999,-0.08355,-0.9068299999999999,-0.7531,-0.80998,1.78788,2.38243,0.03578,1.43527,-0.03815,-0.53952,-0.95268,-0.1578,-0.37639
-0.02635,-2.0535099999999997,-0.7460899999999999,-0.59395,-1.54487,-0.08226,-0.08934,0.43427,-2.4140099999999998,-1.16916,-0.6952,2.14111,1.91985,1.24475,0.68981,-0.85396,0.9702799999999999,-0.06938,-1.08459,-0.4804,0.2959,0.46703999999999996,1.29302,0.22841999999999998,1.1589399999999999,0.20995999999999998,-0.42928999999999995,-0.7269800000000001,-0.44897,-0.2396,-0.29274,0.26841,-0.18442,-1.2082899999999999,-0.43915,0.19885999999999998,1.0175,0.29615,1.30256,0.22125999999999998,1.45049,0.00496,2.69781,0.21796,847.0,-1.7078799999999998,-1.0569,-0.84962,-1.65179,3.95874,-0.6823,-1.36717,2.01238,-0.15902,0.5533100000000001,0.08966,-0.5018199999999999,0.44596,-0.45302,0.18352000000000002,-0.31268,-0.75322,-0.55201,-0.64083,-0.60004,-0.7643399999999999,-0.051570000000000005,-0.86971
0.47816000000000003,-0.45461999999999997,-0.8756200000000001,-0.027219999999999998,-0.71217,0.12799000000000002,-0.33883,0.07272,0.6381,-1.23116,-1.7108,0.21677,0.44411000000000006,0.53673,0.23378000000000002,-2.00065,-1.10563,-1.64303,-0.31246,0.0974,-0.49003,-838.0,-1.01282,-0.4642,-0.5667300000000001,0.03545,-0.47818999999999995,0.13662,-0.71662,-0.33937,-0.30224,-0.50612,-0.10947,-1.37364,-0.0049700000000000005,0.7590899999999999,2.21748,0.57412,0.25553000000000003,0.4756,-0.04688,-0.08965,1.24516,0.16910999999999998,-1.22224,-0.58122,-1.11005,2.92538,-0.25369,0.27095,-1.1499700000000002,0.6723600000000001,1.43612,-0.15127000000000002,0.52103,-0.77699,-0.82891,-0.42565,-0.8213299999999999,0.20508,-0.16049000000000002,-0.21284,-0.7208600000000001,-0.51917,-0.59841,-0.69279,-0.17467,-1.15088
-0.49077,1.2838100000000001,1.31375,-0.41962,-0.60841,-0.22751999999999997,-1.0131,-0.01899,1.90113,-1.04879,-1.84398,-0.10439000000000001,-1.08679,-1.0009299999999999,-0.37484,0.02029,-0.40243,-1.00757,-2.08115,-1.13805,-1.20618,-0.37615,0.30754000000000004,-0.6130899999999999,-0.72118,-0.77317,-1.1035700000000002,-0.68329,-0.57238,-0.3926,-184.0,-0.11769,-0.34621999999999997,-1.33223,-0.34599,-0.61243,-0.90397,-0.40442,0.63055,-0.05343,-0.77445,-0.31695999999999996,-0.80074,0.12628,-0.3389,-0.92066,-0.6210899999999999,-0.08846,-1.6720099999999998,2.0146599999999997,0.56089,0.56467,-0.09373,0.42936,-0.16330999999999998,-0.58702,0.33507,-0.59527,-0.66183,-0.8796299999999999,-0.9361799999999999,-0.69017,-0.41518,-0.5138199999999999,-0.18472,-0.5009899999999999,-0.38858000000000004,-0.81439
-0.87498,1.49556,1.19707,-0.07287,-0.15392999999999998,-0.34446,-0.24165,-0.7226899999999999,0.7239800000000001,-0.67086,0.71443,-0.7613300000000001,-1.63878,0.50562,-0.9800700000000001,1.28264,0.49577,-0.01939,0.056870000000000004,0.11459000000000001,-1.48465,-0.73137,-1.21174,-0.9159700000000001,-0.88228,-0.8085600000000001,-1.0686,-0.61338,-0.5414800000000001,2.86247,-0.4196,0.46071999999999996,-0.49826000000000004,0.39147,-0.88315,0.0669,-0.79305,-1.4095600000000001,-0.9717100000000001,-0.73583,-0.6542100000000001,-0.66401,-0.49793000000000004,-0.8600700000000001,-0.8414799999999999,-0.42243,-0.62779,-1.30984,1.2650700000000001,0.27913000000000004,-1.4765700000000002,-0.86124,-0.33712,-0.8640399999999999,-0.9424,-0.71097,-0.8416,-0.86725,-0.75478,-0.75856,-0.9730200000000001,-0.43328,-0.35388000000000003,1.67517,-0.04339,0.60502,-0.67123,-0.11569000000000002
-0.0963,1.2747700000000002,0.9348200000000001,-0.1913,-0.36479,-0.15067,-0.49835,-0.5092899999999999,1.13725,0.4996,-1.01425,-0.41298,-0.53999,-1.0516299999999998,0.5652,-0.10808,0.5637,-0.43259,-1.07446,-0.21436999999999998,-0.8416299999999999,0.79513,-0.53689,-0.50013,-0.74539,-0.5493600000000001,-0.23164,-0.67398,-0.16176,0.86519,-0.47471,-0.8207399999999999,0.11937,-0.46012,0.03344,0.32066,-0.43505,0.57306,-0.41136999999999996,0.02702,-0.71305,-0.68797,-0.77977,0.68993,0.84035,-1.01895,-0.52172,-0.41939,-0.0941,-0.24993,-0.00421,-1.0332700000000001,0.72268,0.10161,0.22033000000000003,1.08788,-0.43026000000000003,-0.30793000000000004,-0.74279,-0.8219299999999999,-0.21014000000000002,-0.55129,-0.19926,0.5945600000000001,-0.59638,-0.73615,-0.1536,-0.39914
0.66187,0.52081,0.87941,1.2633299999999998,0.5846,0.8881399999999999,-0.85049,-0.53574,0.75217,-0.20999,0.90097,-1.3347,0.11625999999999999,1.4334799999999999,0.26802,0.7418899999999999,-0.21746999999999997,0.76918,0.14157,0.2615,1.7119,-0.36901999999999996,0.90775,-0.58946,0.66359,0.5052300000000001,3.8645400000000003,-0.5413899999999999,-0.51602,-0.61217,-1.14905,-0.8704,-0.68196,-0.77855,0.14506,-0.47918999999999995,-1.0649899999999999,0.7267600000000001,0.71067,-0.07475,-0.6273,-0.67127,-0.98364,-1107.0,-0.62833,-0.17505,0.52778,-1.27877,-0.91166,1.9442,-0.5887100000000001,0.6550699999999999,-0.9380799999999999,-0.91806,-0.8589600000000001,-0.32716999999999996,0.83631,-0.45106999999999997,1.6590900000000002,-0.10371,2.56537,-0.68262,-0.7443,-0.67535,-0.79401,-0.7148800000000001,-0.5131399999999999,-0.71612
-0.43668,0.6036199999999999,1.27776,-0.14082999999999998,0.13782,-0.39915,-0.74748,-0.57807,1.2329,0.38051999999999997,0.26335,-0.29581999999999997,-0.05072,1.71308,-0.10815,-0.7521899999999999,-1.29325,1.09328,1.24814,0.49604,0.9395899999999999,-0.56077,0.48605,2.0173900000000002,0.68475,-0.04628,0.58582,-0.42528999999999995,-0.55376,-0.5514,-0.29508,0.04005,-0.10808,-1.14846,-0.87779,-1.0466,-1.02093,-0.9250799999999999,-0.92056,-0.8589600000000001,-0.7609,-0.66793,-0.69552,-1.0646200000000001,-0.20740999999999998,-1.8386200000000001,-1.26352,-1.27318,1.70596,0.16247999999999999,-1.2947,-1.49686,-1.6703599999999998,-1.16638,-0.9606100000000001,-0.6349600000000001,0.8345899999999999,1.4087100000000001,0.30534,-0.14520999999999998,0.50658,-0.46763000000000005,-0.45261,-0.89597,-0.80389,-0.33829000000000004,0.30244,-0.7753399999999999
0.5229199999999999,-1.30789,-2.02516,278.0,0.1926,1.5842200000000002,0.30362,0.7358600000000001,-1.25624,-0.18977,1.2566899999999999,-0.01866,-0.10889000000000001,0.1116,0.68074,-0.29085,0.00643,0.2348,-0.16685,-0.24411,0.19856,-0.24045999999999998,-0.40817,-0.4519,-0.52093,-0.55479,0.17465,-0.34265999999999996,-0.5296,1.82299,0.66479,1.15232,2.14255,0.46133,0.36351,0.81944,1.81352,1.55192,1.3381100000000001,3.3272699999999995,0.84657,1.80495,0.61012,3.25085,1.7534299999999998,0.53528,1.24414,0.44938,0.35261,-0.6663399999999999,0.82781,0.11830999999999998,0.7582,0.01128,0.09521,-0.5158699999999999,-0.57501,-419.0,-0.6752100000000001,-0.47142,0.30093000000000003,0.01637,-0.24361,1.06996,0.25481,0.63822,1.19072,-0.0258
-0.45626000000000005,0.93399,0.5132399999999999,0.82378,0.96346,0.19062,-0.64552,-0.5807100000000001,0.48326,0.92973,-0.29116,-1.05339,-0.42726000000000003,-0.9452299999999999,1.09712,-0.10142999999999999,0.7266600000000001,-0.26256999999999997,0.37585,-0.44167,-0.50156,-0.1779,-0.17354,-0.26657,-0.86279,-0.52432,-0.07971,-0.6846,1.5008,-0.22255,1.18171,0.86875,-0.07594,0.55092,-1.23204,0.3001,-0.55879,-1.56464,-2.01873,-0.73329,-0.6352300000000001,-0.5665100000000001,-0.68907,-0.42549,0.43353,0.81696,-0.63394,0.55304,-1.5841100000000001,-1.11791,-0.3247,0.12362000000000001,-0.33858,0.27631,-0.18247,0.21488000000000002,0.19534,-0.54299,-0.87672,-0.58708,-0.19326,-0.63051,1.5439100000000001,-0.20675,0.6118600000000001,1.9164900000000002,-0.053770000000000005,0.3486
-1.4578200000000001,0.76022,0.5673699999999999,-1.3315299999999999,-0.78693,-1.06915,0.38140999999999997,-0.5181,0.21781999999999999,0.9697899999999999,-0.27563000000000004,-0.11969,0.8328,-1.36065,0.19329000000000002,0.43975,0.62163,1.91977,0.02605,-0.81848,-1.05749,1.3732,0.70987,-0.33888,-0.71432,-0.39664,-0.61141,-0.04212,-0.08635,0.02775,2.01547,1.3140399999999999,-0.43861000000000006,0.90041,-1.09771,-0.10026,-0.87046,-0.99784,-0.28831999999999997,-0.77359,-0.32069000000000003,-0.59727,-0.14007999999999998,-1.0749799999999998,0.5162100000000001,-0.7235,-0.10206,0.78868,-1.2583,-0.44938999999999996,-0.64485,0.6150100000000001,-1.2804799999999998,0.5088699999999999,1.1447200000000002,2.4636400000000003,1.2439,0.2383,-0.54075,-0.45192,-0.5926,-0.06145,-0.50031,-0.24416999999999997,1.11615,1.1431200000000001,-0.48376,-0.11445999999999999
0.13777,0.04115,0.04665,0.36838000000000004,0.96065,-0.29202,-0.62975,-0.61334,0.19767,1.07609,0.42641999999999997,0.32208000000000003,0.10759,-0.01524,0.17918,-1.11867,0.20169,1.23451,1.00476,-0.6056600000000001,-0.8135600000000001,1.60313,0.27460999999999997,0.06475,-0.8388100000000001,-0.54262,0.23738,0.85849,0.9954799999999999,-0.45898999999999995,-0.75067,0.08816,0.67161,0.11152000000000001,0.41557,-0.42335,-0.43546,-0.11936,-1.31766,-0.36630999999999997,-0.60635,-0.6743399999999999,-0.40113000000000004,-0.7171,-1.2396,-0.20719,-0.9603,1.88809,-0.7215199999999999,-0.16735,-0.71382,-0.6942699999999999,-0.72423,0.11072,-0.24769000000000002,1.65599,-0.05051,0.6474,-0.82589,-0.52265,-0.6757,0.92553,0.33078,-0.8723,-0.56976,-0.27142,0.26045999999999997,0.11356
0.76725,0.7167,0.36504000000000003,1.35759,1.35754,0.92251,-0.64699,0.93868,0.03562,979.0,0.2475,-1.40962,-0.8065,-1.67386,-0.58948,0.45898,1.91085,-0.1829,-1.37665,-1.48454,-0.9926,1.39716,-0.21536,-0.01017,-0.89933,-0.9207799999999999,-0.92696,-0.61875,-0.061579999999999996,0.0492,0.4883,-0.18545,1.56139,-0.06963,1.50711,0.17574,-0.6349199999999999,0.40812,-2.1292400000000002,1.36135,-0.53247,2.21201,-0.63884,-0.66123,-0.36180999999999996,-0.81742,-1.4096899999999999,-0.97562,-0.11802,0.2477,-1.83728,-0.75117,-0.34509,-0.06367,-0.49337,0.65278,-0.07296,-0.16045,-0.84911,-0.9494,-912.0,-0.65293,-0.10935999999999998,-0.53364,-0.0605,-0.28867,0.70429,-0.56177
-0.31545,1.09779,0.95245,0.05031,1.1689200000000002,-0.39364,-0.03537,-0.51458,0.28828000000000004,0.6693899999999999,-0.48033000000000003,-1.58958,-0.40228,-0.55945,0.25244,-0.35062,0.19697,0.31677,-1.0568600000000001,-1.48274,-2.3895,0.5191,-0.8749600000000001,-0.48315,-0.7420800000000001,-0.87095,-0.9078700000000001,-0.71554,-0.47233,2.06251,0.74832,-0.7560899999999999,-0.38559,0.18502000000000002,0.4538,-0.81595,-0.5889800000000001,0.55192,-1.54196,0.14595999999999998,-0.16423,-0.6149,-0.58624,-0.9265200000000001,0.05936,-1.3068,-0.13848,-0.54707,0.32224,0.062020000000000006,-0.94594,-1.21512,0.7454,-1.07562,0.19535,0.46878000000000003,-0.92248,0.01731,-0.62921,-0.92932,-0.73814,-0.71644,-0.66961,2.2732200000000002,0.67471,-0.6158600000000001,-0.24949000000000002,0.69015
-0.7005899999999999,-0.08943999999999999,-0.85825,-0.73716,0.12113,-0.64495,-0.06597,-0.70329,-0.42233000000000004,1.42717,0.47823000000000004,-0.42506000000000005,-0.67313,-0.32464,0.80948,-0.0766,-0.45673,1.14039,-0.56857,-1.19066,-0.77785,1.55809,-0.72406,-0.09333,-0.49909,-0.7749699999999999,-835.0,-0.52417,0.6454,2.57216,0.22814,0.09675,-0.42891999999999997,0.6975,-0.28812,0.75603,0.48904,0.13065,-0.36404000000000003,0.26528,0.0082,-0.63259,-0.3643,-0.16956,0.99061,0.55055,-0.67382,-1.28539,-0.9551,0.68917,-0.80448,0.15975,-0.91432,-1.36487,0.85193,0.6017600000000001,-0.32934,0.2278,-0.35636999999999996,-0.75516,-0.70555,-0.5857399999999999,1.04929,1.31115,0.039810000000000005,-0.14389000000000002,-0.55611,-0.37899
0.06037000000000001,-1.7900099999999999,-3.09432,0.18619000000000002,-1.10964,1.3158,1.03043,1.52598,-3.14003,0.72296,1.57792,-0.46058000000000004,-0.25273,0.1477,1.04034,2.4348,0.39902,1.36116,-0.33673000000000003,-2.08813,0.10667,-0.14432,0.82801,-0.5333600000000001,0.6866899999999999,0.09083,-0.06797,-0.40274,-0.64361,1.44415,0.56721,1.9392900000000002,0.06477000000000001,0.4211,2.0561700000000003,0.25186,2.58982,3.58583,0.9438200000000001,3.87311,0.08836000000000001,3.2103599999999997,1.7646400000000002,0.26371999999999995,-0.5645399999999999,0.7487199999999999,0.29308,-0.74962,-0.80411,0.13965999999999998,-0.5896,0.66178,-0.82645,1.40299,2.39062,-0.5473,0.3427,-0.56566,1.9804,1.2183899999999999,0.027110000000000002,-0.22639,-0.51854,2.67391,-0.09219,1.52662,-0.23884,0.11780999999999998
0.55369,-0.37405,-0.63267,0.70741,1.0907200000000001,0.74097,-0.62293,1.44926,-0.054220000000000004,0.8879299999999999,0.4075,0.47421,0.42591,0.70352,-0.46839,-0.82276,1.71373,-1.14456,-0.39732,0.05967000000000001,0.21693,-0.46976,-0.7076600000000001,0.95124,1.87084,-0.14284000000000002,-0.0371,-0.70572,-0.68757,0.51746,0.7711399999999999,1.7906400000000002,0.49461000000000005,-0.18234,1.93661,1.23147,1.49517,1.78877,1.14235,2.3301,-0.0957,2.7013700000000003,0.27738,-0.58421,-0.88564,2.5419099999999997,0.74202,1.3738299999999999,0.43722,-0.40704,-0.45378999999999997,2.44965,0.49058,1.13126,-0.48521000000000003,-0.59711,-0.95834,0.68803,2.04869,-0.18444000000000002,-0.27931999999999996,-0.7439899999999999,-0.8247200000000001,0.49211000000000005,0.5727,0.75261,0.51618,0.33100999999999997
-0.59521,1.2780200000000002,0.43467,0.24311,1.21374,-0.52766,-0.17704,-0.56484,0.35436999999999996,0.5806100000000001,-1.5149299999999999,-0.02455,-0.24345,-0.9773,0.90746,-0.54438,0.25801,0.30432,-0.84714,-1.42929,-3.2246900000000003,0.6239399999999999,-0.56695,-0.85519,-0.87805,-0.74657,-0.35806,-0.6829,-0.53843,-0.50836,1.7604099999999998,1.1004200000000002,-0.02461,0.21575999999999998,-0.78392,0.8709899999999999,0.56021,0.28435,-1.07045,-0.19543,-0.4336,-0.5733699999999999,-0.57696,-0.87344,0.67165,-1.17791,1.7875900000000002,-0.67652,-0.68337,-0.86756,-0.48981,-0.56125,0.45187,-0.38395999999999997,-0.2826,0.9522,-0.09231,-0.76079,-0.76413,-0.7562800000000001,-0.11285,-0.5937399999999999,-0.31839,-0.57423,1.4534799999999999,0.029189999999999997,-0.31931,0.46743999999999997
-1.47181,2.8035200000000002,1.12279,-1.14481,-0.08031,-1.00396,1.6605400000000001,-0.6988800000000001,0.00404,0.5776,0.63464,-2.0697099999999997,1.04168,0.70941,-1.83115,0.8155899999999999,-1.85555,1.0955700000000002,0.030060000000000003,-0.72636,0.63476,-0.62212,-0.9232600000000001,-0.45326000000000005,-0.89954,-0.98196,1.21835,4.402340000000001,2.8544099999999997,-0.9506899999999999,-0.93276,-0.05416,-0.48528000000000004,2.6875400000000003,-0.77496,0.37133,-0.76602,-1.0173,-1.4773,-0.8426600000000001,0.50571,-0.46643999999999997,-0.04112,2.92276,1.45034,0.26739,0.29006,1.73078,-0.3281,0.29548,2.22149,1.81215,1.22153,1.86523,2.40702,-0.24698,-0.42395,-0.50338,-0.56214,-0.9716799999999999,1.99544,4.55696,2.46035,-0.9305899999999999,-0.7094199999999999,0.61679,-228.0,0.042010000000000006
-0.66982,1.7791099999999997,1.0613700000000001,-0.3022,0.16530999999999998,-0.69625,0.91155,-0.7271,0.43978999999999996,1.6973599999999998,0.9155399999999999,-0.15544000000000002,0.21103000000000002,-0.59922,0.9171799999999999,1.1799,-1.63978,-1022.0,-1.1014,-1.18858,0.52657,0.22084,1.0253299999999999,2.18208,0.31222,-0.7458100000000001,-0.2032,-0.4723,-0.68548,-0.46095,1.05282,-0.34374,-0.06348999999999999,-0.67209,0.19238,2.61898,-0.7116,1.2798399999999999,2.13663,-0.45237,0.98695,-0.56806,-0.62464,-0.07173,-0.42021000000000003,1.09295,-0.44914,-0.11366,-0.00595,0.7804399999999999,0.43037,0.75572,2.1768400000000003,-0.58683,-0.8811200000000001,0.24824000000000002,-0.61364,0.9252100000000001,0.05169,-0.82624,-0.11243,-0.5279,-0.62324,-0.6262800000000001,0.1319,-0.4908,-0.24009,-1.00125
-0.41243,-1.34233,-1.7210900000000002,0.5564100000000001,1.40582,0.01365,-0.33325,-0.42375,-1.92372,0.14808,-0.16535999999999998,0.31055,1.4204700000000001,0.9076299999999999,1.36942,0.6713,-1.09281,-0.64859,-0.6263,-1.6974799999999999,0.79798,-0.2764,1.81175,1.6686,1.52745,-0.7379600000000001,0.13543,-0.52678,-0.50553,0.00635,-0.45436000000000004,-0.59228,-0.29095,-0.80157,-0.78182,1.42774,1.31735,-0.03712,0.27471,0.28,-0.19102,-0.4692,3.46999,0.48361000000000004,-0.24508000000000002,1.50455,-0.21535,-0.6189100000000001,1.98732,0.45635,0.68985,-0.7112,1.94597,0.9602700000000001,-0.49522,-0.45986000000000005,0.49849,2.25077,2.34948,-0.7301300000000001,0.00346,-0.6288600000000001,-0.44465,0.32664,-0.67165,-0.5602600000000001,-0.5565899999999999,-0.60977
-0.7742600000000001,1.02549,1.08427,-0.41236999999999996,0.39814,-0.8363299999999999,-0.24565,-0.56484,0.6361600000000001,1.87096,-0.6290399999999999,1.3715700000000002,2.19663,-1.12535,-0.19676,-1.9623099999999998,0.20819000000000001,-0.70687,-0.09824,-0.0413,0.23718000000000003,4.43271,0.8723200000000001,3.53818,-0.25444,-0.6786,-0.39455,0.19174000000000002,0.51057,-0.13985999999999998,-0.50045,-0.8045899999999999,-0.43678,1398.0,-0.45213000000000003,-1.03855,-0.78746,0.41868,1.68557,-0.6633899999999999,-0.51886,-0.65161,-0.38658000000000003,1.20785,0.25348000000000004,-0.7691399999999999,-1.2535399999999999,-0.037110000000000004,1.0872600000000001,1.36329,2.90682,-1.0635,0.48421000000000003,0.25068,-1.0665200000000001,2.80396,0.1444,4.179469999999999,-0.48493,-0.6685399999999999,-0.36756,0.47967,-0.36463,0.06886,-0.60378,-0.78999,-0.34584000000000004,0.9620700000000001
-0.40497,-1.30413,-1.5329700000000002,-0.8730899999999999,-0.17564000000000002,-0.8271,0.46412,-0.60717,-1.09309,0.3467,0.69093,0.5177,1.12017,0.63407,-0.93571,0.6391,-0.80523,1.46885,1.65137,-0.34714,0.9669700000000001,2.65025,0.11395999999999999,-0.6738,-0.60492,-0.12236,1.20551,0.2775,0.43608,-0.30615,-0.9943,-0.92009,2.48294,1.1089,-0.6964899999999999,0.38491,1.22665,-0.63218,-0.49158,-0.67413,0.56655,-0.62361,1.07816,-0.45278,0.54397,0.18707000000000001,0.82885,1.22312,-1.10214,-0.65769,0.08631,-0.14792,-1.2771700000000001,-0.3906,-0.05479,1.79562,-0.30684,-0.58017,-0.6247,-0.15043,2.76759,0.6919,0.12353,0.015030000000000002,-0.67767,-0.84486,1.93294,-0.17661
-1.29556,0.21665,-0.82857,-1.35876,-0.007809999999999999,-1.3044200000000001,2.36734,-0.5331,-0.76203,0.77061,-1.25432,-0.00864,0.46173000000000003,0.34914,-0.62368,-1.02699,-0.8860299999999999,1.00726,0.0065,-0.23646,0.00801,0.8875,-0.23701999999999998,-0.6300600000000001,-0.79091,-0.35531,-0.48222,0.2475,0.24653000000000003,-0.8218700000000001,-0.27971,-0.77667,0.1154,0.18348,-1.19985,1.15877,0.6973199999999999,-1.1311200000000001,0.21736999999999998,-0.9787,2.36225,-0.60024,-0.03845,-0.39841,2.58542,0.66887,1.69087,-0.65369,0.9636399999999999,2.08192,-0.73088,0.61223,0.5876399999999999,1.88652,1.33949,2.8340099999999997,0.8578600000000001,-0.6596,-0.77228,-0.32287,-0.01795,0.41253,0.8594700000000001,-0.67952,-0.07414,-0.47148,0.049319999999999996,0.19841
-0.8899,-1.2653299999999998,-0.8815200000000001,-0.85288,0.06418,-1.12214,0.18164,-0.6204,-1.6755400000000003,0.73359,-0.047639999999999995,1.82315,2.1116200000000003,0.32504,-0.6914,-0.44238999999999995,0.34778000000000003,2.10377,0.23383,-1.34131,-0.8537899999999999,1.7836299999999998,-0.02758,-0.3128,-0.3355,0.57868,-0.33294,-0.54513,-0.56882,0.18531,3.9707,1.12176,2.08235,2.52279,-0.50053,0.65917,0.6554800000000001,-0.63995,2.39995,-0.95357,375.0,-0.41713999999999996,2.83262,0.07846,-0.12147999999999999,0.53341,1.8466900000000002,-0.028010000000000004,-0.65967,-0.48403,0.86434,1.8125900000000001,0.16185,0.9498700000000001,1.0913899999999999,3.5165599999999997,0.09739,-0.51479,-0.5411600000000001,1.36449,-0.49098,-0.51167,-0.56082,0.6531899999999999,3.7941800000000003,1.25966,1.04493,2.16835
-1.26292,-0.13097,-1.24491,-1.4094799999999998,-1.18784,-1.09934,0.80162,-0.2077,-0.24874000000000002,0.41589,-1.17822,1.15677,-0.05596,-0.0502,0.5676800000000001,0.16497,-1.36985,-0.40126,-0.9910100000000001,-0.33901,0.79237,-0.38474,1.22458,1.67038,-0.39714,-0.22796,-0.33543,-0.68202,-0.7407600000000001,-0.3625,-0.5948100000000001,-0.43898000000000004,-0.35220999999999997,-1.24019,-1006.0,2.25312,2.57992,-0.35291,0.69,-0.77491,1.0757,-0.15736,1.78879,3.10507,-1.13848,2.3975400000000002,0.93891,0.36451,0.08292000000000001,-0.50236,1.1754200000000001,2.2626,0.73048,-1.0259200000000002,1.82804,-0.51225,0.3059,1.57212,-0.55487,-0.8447600000000001,-0.63066,-0.7136,-0.7169,-0.02727,-0.35475,-0.38668,-0.21013,-0.65147
2.74892,-0.74061,0.47258999999999995,3.01934,1.86182,3.6131699999999998,-0.61031,4.8143199999999995,-0.42086,1.18099,0.8593299999999999,-0.52787,0.8382200000000001,1.68218,1.4235799999999998,-1.45186,2.41646,0.16475,0.40678000000000003,0.24361999999999998,-0.39531,1.38652,-0.34884,-0.04626,1.03179,-0.5915699999999999,-0.54006,-0.30826,-0.66715,-0.1568,-0.58354,0.00892,0.59568,-0.73045,2.29871,-1.3529,-0.40757,1.37048,0.09103,1.44989,-0.28764,2.78513,-0.34653,-0.44818,-0.9747899999999999,-0.35391999999999996,0.04882,1.8290400000000002,0.06482,-0.14808,-0.19388,-0.98036,0.47588,-0.98892,-1.08571,0.5796100000000001,-0.17790999999999998,-0.26233,0.13218,-0.76786,-0.48618999999999996,-0.52199,-0.61012,-0.60906,-0.27162,-0.59225,0.1089,-0.46661
0.7569899999999999,0.35064,0.9604,0.48251000000000005,0.44381000000000004,0.58441,-0.6505,1.0092299999999998,1.17992,-0.98788,-1.49803,-0.010490000000000001,-1.03271,-0.31262,-0.34379,2.95741,-1.05457,0.5990800000000001,-0.42355,0.07132000000000001,-0.21522,-0.24364,0.31201,-0.67779,-0.6643100000000001,-0.05802,-0.74311,-0.20901,-0.79098,-0.54995,0.30062,0.25556999999999996,-0.26741,-1.07728,2.56927,-0.33957,-0.64683,1.9049900000000002,0.87067,0.7950699999999999,-0.05362000000000001,0.28588,-0.67901,0.41531999999999997,1.23148,-0.3132,0.69801,1.21105,1.05988,0.44756,-0.91053,-0.6564800000000001,-0.46801000000000004,-1.1477899999999999,1.43117,-0.17561,-0.59623,-0.6507,-0.67266,-0.30507,-0.88513,-0.5072399999999999,-0.8526799999999999,-0.63605,-0.39333,0.34491,-0.08456,-1.02379
1.22233,-0.76297,0.14875,0.8835799999999999,0.8842700000000001,0.31811999999999996,-0.70592,0.15473,0.84375,-0.71562,-0.9792299999999999,1.36368,-0.04532,-543.0,-0.0117,-0.37644,0.31171,-0.06787,0.14502,1.2298200000000001,0.46798,-0.6593600000000001,-0.72853,-0.67156,-0.61615,0.47225,-0.25939,0.71623,0.5754600000000001,-0.24181999999999998,-0.26865,-0.52695,-0.4513,-0.81772,0.32959,-0.5939300000000001,-0.86944,0.17452,-1.09295,0.14222,-0.22085,-0.1732,-0.7248600000000001,0.27918000000000004,-0.77076,-0.6511100000000001,-1.40846,-0.49058,-0.08487,-0.67345,-0.9549200000000001,0.2763,-0.14021,-0.20181,-0.16397,-0.70404,-0.6352399999999999,-0.7603800000000001,-0.78178,0.19607,-0.20873000000000003,-0.22796,-0.23717,-381.0,-0.31296,-0.38127,-0.20851,-1.01855
-0.1336,-0.76876,0.61553,-0.69618,-1.1022399999999999,-0.7139,-0.7812399999999999,-0.00488,0.39132,-0.54791,-2.82524,0.40531999999999996,2.22145,-1.8982400000000001,2.5342700000000002,0.034069999999999996,-0.77768,0.42885,-0.27528,0.03532,1.19055,-0.52151,0.46238999999999997,-0.37849,0.5737899999999999,0.7964399999999999,-0.47473000000000004,-0.76922,-0.62034,-1.11795,-1.03475,-0.61274,-0.59477,-1.54502,-0.17835,-1.04855,-0.6821,-0.25534,1.58208,-0.77825,-0.84209,-0.50716,-0.63126,0.55303,-0.91891,-0.24565,1.8547200000000001,-0.76144,-0.22399000000000002,-0.81112,0.41165,-0.11819,-0.82768,-0.9847600000000001,-0.74321,-0.7467199999999999,0.32076,-0.3056,0.21069000000000002,0.7771,-0.79218,-0.67524,-0.6786300000000001,-0.9212799999999999,-0.7134,-0.5131399999999999,-0.45924,-1.01956
-0.90389,0.5324,1.1074899999999999,-0.54,-0.46041000000000004,-0.57592,-0.7542800000000001,-0.47048999999999996,1.1348,0.22732,-1.15754,1.2043700000000002,-0.26389,-0.6029899999999999,-0.3111,0.26478,-0.24866,0.64267,0.29830999999999996,0.70524,1.5943,-0.65973,0.0354,-0.07767,0.9421799999999999,2.86196,0.55694,-0.18900999999999998,-0.26295999999999997,-0.88787,-1.02643,-0.9410799999999999,-0.6797300000000001,-0.9979899999999999,-1.0731,-0.90276,-0.99636,-0.59627,-0.24140999999999999,-0.63868,-0.81084,-0.57619,-0.84378,-0.14961,0.69007,-1.16508,-0.9407399999999999,0.07201,0.41968,0.01732,-0.03872,-0.14637999999999998,-0.56882,-1.33629,-0.1266,-0.74454,0.20343,-0.06775,0.65303,0.71287,0.10399000000000001,-0.13086,-0.2695,-0.78786,-0.7478199999999999,-0.8774200000000001,-0.6039800000000001,-0.72077
-0.6390399999999999,-0.5572600000000001,0.5592699999999999,-0.9133600000000001,-1.32835,-0.48758999999999997,-0.5455,-0.22534,0.7710600000000001,-1.0015,-0.16151,1.20766,-0.84147,0.90107,-0.22588000000000003,-0.12007000000000001,-0.08272,0.45708000000000004,1.1219299999999999,1.17406,0.50955,-0.82919,-1.01073,-0.26868000000000003,4.39104,2.1604900000000002,0.08118,-0.70328,-0.66222,-1.05529,-1.08951,5.11262,0.08152000000000001,1.42919,-0.34668000000000004,-1.23441,-0.65489,-0.69534,0.03424,-0.5039899999999999,-0.53363,-0.60031,-0.7562399999999999,-0.74943,0.56029,-0.03268,-0.55585,-0.78378,0.2883,-0.08644,-0.41975,0.09306,-0.9065,-0.9545,-1.2496399999999999,-0.7993899999999999,-0.9096,-0.52872,3.60872,1.6623900000000003,-0.38528,-0.5918100000000001,-0.81729,-0.98108,-0.77898,4.9474599999999995,0.24486,1.9207599999999998
1.49557,-1.67327,-0.9058,-0.18673,-1.16731,0.8858799999999999,0.46501000000000003,0.90076,-0.84754,-2.15116,0.70307,0.23595,-0.055420000000000004,1.61365,-0.45419,1.45045,0.25133,-1.9563,2.10644,1.47674,-0.24436,-0.76483,-0.9162299999999999,-0.0803,-0.03709,-0.48366000000000003,-0.56081,-0.10722000000000001,-0.6321,-0.5778800000000001,1.4353,-0.00839,-0.6046699999999999,-0.29564,0.2144,-0.1045,0.76862,-0.47216,-0.75569,1.32874,0.93895,0.85208,0.47713999999999995,1.95232,-0.63463,0.7169800000000001,1.4662,1.51112,0.26111999999999996,0.24993,-0.72833,-0.41891000000000006,-1.18334,0.17144,0.40203,-0.7935300000000001,-0.56598,-0.24453000000000003,0.07452,-0.24706,-0.35693,-0.21481999999999998,-0.60861,0.09607,2.8611299999999997,0.66718,-0.55313,2.31344
1.9245400000000001,-0.05231,0.2339,1.9588599999999998,1.52031,2.07015,-0.8175600000000001,1.44044,1.07218,-1.91946,0.58521,-0.45338999999999996,-0.80276,0.33379000000000003,-2.03525,1.14495,0.7066399999999999,-0.10347999999999999,-1.03105,0.8841100000000001,-0.19702,-0.6773100000000001,-1.10487,-0.67378,0.0975,0.42455,-0.86308,-0.8643299999999999,-0.78058,0.55253,0.77794,0.61344,0.40445,-0.18245999999999998,1.53788,-0.46256,-0.69907,1.1092899999999999,0.5967600000000001,0.48173,-0.3736,0.46736000000000005,-0.76122,-0.60969,-0.99036,-1.0872700000000002,-1.19947,1.45088,1.5785799999999999,-0.7169300000000001,0.01984,-1.50875,0.34349,-0.25958000000000003,0.0378,-0.73382,-0.7240800000000001,-0.64107,0.31029,1.1369,-0.8966299999999999,-0.7458199999999999,-0.54764,0.13726,0.8903200000000001,0.7417600000000001,0.27855,-0.0229
-0.39658000000000004,-0.68352,-0.72035,-0.10099,-0.21516999999999997,0.3105,-0.13119,-0.06925,0.25782,-1.2322799999999998,0.96598,-0.7851899999999999,-0.91302,0.82689,-1.6511799999999999,1.1883299999999999,0.40421,-0.9714799999999999,1.08562,0.8633200000000001,-1.44937,-0.8699,-1.16082,-0.7419399999999999,-0.27884000000000003,0.09189,-0.42746000000000006,0.22451999999999997,-0.28743,-0.09122000000000001,-0.8921600000000001,-0.22055999999999998,5.3577699999999995,1.85837,0.0137,-0.5001399999999999,0.09764,0.0319,-0.25608000000000003,-0.11462,-0.31526,0.16937,0.05426,0.22208000000000003,-0.99755,-0.01381,-1.1468200000000002,1303.0,-0.52091,-0.032060000000000005,0.32848,-1.3859700000000001,-0.98515,0.29252,0.30057,-0.8306100000000001,-0.89754,-0.73018,0.01996,0.83357,-0.59604,0.29181,-0.39033,0.40714,-0.70072,-0.62954,6.43142,3.65251
0.93324,-0.22059,0.14693,0.54318,0.66099,0.22301999999999997,-0.83831,0.32581,0.95939,-1.39531,0.44861,1.1553,-0.8854799999999999,-0.26343,-2.3195,0.07317,0.8380200000000001,-1.7516599999999998,0.29839,2.39929,-0.25187,-0.7509899999999999,-0.70485,-0.74357,-0.6964100000000001,1.58855,0.17783,1.50759,-0.0182,1.06707,-0.5171600000000001,-0.84806,-0.49781000000000003,-0.07724,-0.06492,-1.0796,-0.6161399999999999,-1.30706,-1.34995,-0.39655,-0.87066,0.3043,-0.30166,1.76131,-1.36565,1.45812,-0.15789,0.92599,-1.03234,0.10282000000000001,-0.32069000000000003,0.03538,-0.7245199999999999,0.39083,-0.73866,-0.71262,-0.53115,-0.79235,-0.76756,1.6669,0.15685,1.2592299999999998,-0.1779,0.68382,-0.41373999999999994,-0.70595,-0.59985,-0.60241
0.87729,-0.86361,-0.71997,-0.03558,-1.1821700000000002,0.80502,-0.48077,0.59565,0.22416999999999998,-1.18852,-0.34089,0.72734,1.9113799999999999,-2.15291,-0.18794,-0.54067,-0.9411299999999999,-1.94438,-0.89685,0.14945999999999998,-0.08451,0.15053,-0.19960999999999998,0.89943,-0.22159,-0.46312,0.16894,0.70965,-0.35036999999999996,-0.42031999999999997,-0.41811000000000004,-0.20133,-0.20642,-0.24311,0.67687,0.02253,-0.21716999999999997,-0.07526000000000001,-1.1319,0.6360899999999999,-0.25755,0.78515,-0.31686,-0.17443,-0.91565,-0.9307799999999999,1.9242599999999999,0.8422299999999999,3.3359099999999997,-0.31671,2.42635,2.02585,2.94055,2.47982,-0.66502,0.34668000000000004,0.1236,1.6241,0.26192,-0.12327,0.80737,1.57875,-0.24144000000000002,0.54187,-0.60346,0.72123,-0.13491,-0.64623
1.8275599999999999,-0.52205,0.43542,1.2094200000000002,0.8381200000000001,0.96655,-0.8661700000000001,0.35314,0.6762199999999999,-0.9423299999999999,-0.005229999999999999,1.6245399999999999,-0.18222,-1.78184,-0.03864,-0.41493,0.11416,-0.38492,-0.40755,0.70657,0.8616,-0.40492,-0.51962,-0.38733,0.34495,-0.0743,3.4097699999999995,0.10583,-0.6377,-0.8506799999999999,-0.62044,1.16163,0.14054,-0.2878,0.9697,-0.8459700000000001,-0.92138,0.72925,-0.12207,0.5605600000000001,-0.91824,0.062360000000000006,-0.64787,0.29681,-0.42394,0.8209700000000001,-0.43531000000000003,-0.5138199999999999,-0.80887,-1.37365,1.75967,-0.42063999999999996,0.4592,0.1472,0.35339,-0.45607,-0.61177,-0.45601,0.28743,-0.5392399999999999,4.26624,0.06738,-0.8956799999999999,-0.5688,-0.56787,1.6184399999999999,0.6644399999999999,-0.1067
-0.24644000000000002,-0.8608899999999999,0.24068,-1.30406,-2.76685,-0.35958,-0.82549,-0.47841999999999996,0.67743,-0.36855,0.23826,0.4537,-0.07979,-0.66108,-0.53186,-1.20203,1.05149,0.58521,-0.7197,1.86537,-0.03297,-0.8265399999999999,0.18737,0.14542,-0.28808,-0.13254000000000002,1.2086,-0.53364,-0.18556,0.34603,542.0,0.36457,-0.27278,-0.7196,-0.40588,-0.97914,-0.33336,-1.16181,-0.90279,-0.7236,-0.83786,-0.5341600000000001,-0.8571,-1.2571700000000001,0.23523000000000002,-0.96281,-1.48486,0.67811,-1.76072,-1.66517,-0.25365,-1.3995,-0.17251,-0.6766,-0.68918,-0.7913899999999999,0.10534,0.28383,-0.59944,-0.65957,0.28279,-0.60097,-0.10112,0.20513,0.33628,-0.71923,-0.23303000000000001,-0.5403600000000001
0.9099299999999999,-0.33428,0.21206999999999998,0.49833,1.1592200000000001,0.02308,-0.60459,-0.23768000000000003,0.76562,-0.76953,-0.22286,1.43421,-1.3259,-1.56711,0.4031,0.04058,0.5055,0.49501999999999996,-1.12303,-166.0,-0.60802,0.61531,-0.10918,-0.73545,-0.97065,-0.46101000000000003,-0.44116000000000005,1.95692,-0.63092,-0.58821,0.39952,1.28526,-0.42518,0.45155,0.33218000000000003,-1.02849,-0.47895,-0.16509000000000001,-0.64052,-0.13021,-0.5179600000000001,-0.22898000000000002,-0.71851,-0.61497,-0.53737,-0.96934,-0.28206,-0.53535,1.22211,-1.02752,0.26881,-1.20838,-0.6371899999999999,0.8415,1.1555,0.43146999999999996,-0.42268999999999995,-0.80999,-0.83762,-0.48098,-0.42815,2.3614900000000003,-0.8349,-0.24886,0.18800999999999998,1.29948,-0.27424,-0.24323000000000003
-0.75747,-0.8217899999999999,0.49391999999999997,-1.04198,-1.35609,-0.7084,-419.0,-0.10275999999999999,0.5926899999999999,-0.9798899999999999,-1.10721,0.50859,-0.61897,1.0303799999999999,-0.69094,-1.28708,0.40305,-0.23914000000000002,-0.0708,1.8641400000000001,1.2142700000000002,-0.64366,-0.64067,0.22671999999999998,0.65358,3.01945,-0.78268,-0.46226000000000006,-0.56045,-1.13496,-1.03667,-0.20597,0.3137,-0.67011,-0.58055,-0.72205,-0.36009,-1.25684,1.15408,-0.7965800000000001,-0.61519,-0.13757,-0.7522800000000001,-0.41541999999999996,-1.72525,-1.44716,-0.53515,-0.42882,-0.60287,-1.13079,-0.16415,-0.96194,-0.7227,-0.25437,-1.21802,-0.5441199999999999,-0.37118,0.57548,0.29796999999999996,2.56069,-0.7034699999999999,-617.0,-0.49281,-0.94652,-0.6954,-0.08501,0.51615,-0.28520999999999996
1.0955,-1.39857,-0.7618699999999999,0.3825,-0.04361,0.36579,-0.6604399999999999,0.2244,-0.43144,-1.5705799999999999,0.2983,1.02339,0.66425,1.00231,-2.0395,-0.7197399999999999,2.63993,-0.79308,0.01842,1.3633600000000001,0.17465,-0.7925,-0.6775899999999999,-0.7361,-0.76041,-0.61334,0.59577,1.2444600000000001,0.51435,1.69262,-0.8654,-0.59055,-0.62502,0.15287,-0.4408,0.16201,-0.47013,-0.45374,-0.29807,-0.64699,-0.38044,0.06027999999999999,0.6603899999999999,1.94501,0.00813,1.55461,1.9498400000000002,-0.8811200000000001,-0.25398000000000004,-0.6189899999999999,1.8106799999999998,0.6258,-1.09774,-0.69347,-1.01031,-0.8406600000000001,-0.75515,-0.71586,-0.7505,-0.6743399999999999,0.40198,0.75279,0.77048,3.3351599999999997,-0.6756300000000001,-0.55902,-0.46121,1.31431
1.67648,-0.02443,-0.15727,1.08785,0.58314,0.90709,0.06773,1.6062299999999998,-0.41056000000000004,-0.09031,1.03421,-0.46145,-1.60016,0.6046199999999999,-1.08958,1.27749,-0.1757,-0.37535,0.32201,0.6359600000000001,0.42125,-0.60349,3.17537,-0.78597,-0.92369,-0.50565,-0.7702100000000001,-0.41508,0.88428,2.79446,0.89051,0.28889000000000004,-0.71475,1.5513700000000001,3.45574,1.0429,0.70248,2.11063,1.9964400000000002,1.07269,-0.35257,2.46785,-0.0181,-0.7800199999999999,0.28235,-0.69214,-0.11556,-1.48184,0.30180999999999997,-0.64156,-1.07638,1.01449,-0.15471,0.02079,-0.7148899999999999,-0.33969,4.6097,-0.69267,-0.80578,-0.69821,-0.67091,-0.37408,0.44127,3.3854800000000003,0.32168,1.7359099999999998,-0.43181,-0.42917
-0.8143600000000001,0.72282,0.60064,-0.78362,-0.02818,-0.99,0.34210999999999997,-0.56925,431.0,0.44033999999999995,-0.62605,0.46162,0.3316,-0.8156,-0.81985,0.52975,-1.1139700000000001,-0.89446,1.39245,0.67693,0.04898,-0.87439,-1.29259,-0.0979,0.19956,-0.90286,-0.92151,0.13799,0.38963000000000003,-0.37589,-0.18734,-0.34723000000000004,-0.7379,-0.60973,-353.0,-0.62734,-0.43978,-0.97716,0.30243000000000003,-0.8753700000000001,0.60693,-0.66703,0.016380000000000002,-1.31738,-1.00915,0.41541999999999996,0.9008700000000001,-0.9369799999999999,-0.47579,-0.09633,-0.59801,0.5592,1.1212,0.03757,-0.11605,-0.8814299999999999,-0.96696,-0.26145999999999997,0.08005,-0.9690700000000001,-0.96296,0.25621,0.50993,0.020419999999999997,-0.21344000000000002,0.32874000000000003,-0.66089,-0.81857
-0.27535,-1.5581,-1.8825900000000002,-0.29641,-0.3772,-0.24253000000000002,2.1769,0.00923,-2203.0,-1.6447,0.47775,1.74269,0.79773,1.14595,236.0,-1.3966399999999999,1.6826,0.36518,0.78563,0.38692,-0.97762,-0.56814,0.29884,-0.5252100000000001,0.35814,-0.02743,0.31723,0.86903,105.0,-0.54408,-0.81029,0.16693,-0.36209,-0.37795,-0.8228700000000001,1.12221,1.63162,-0.95442,1.0143,-0.3629,2.27324,0.1986,2.2810900000000003,0.53974,0.13768,1.48084,0.99077,0.30101,-0.21914,-0.20745999999999998,1.46973,0.9399799999999999,1.6601599999999999,2.87415,2.06757,-0.21696999999999997,1.19136,-0.23290999999999998,1.5509700000000002,0.72788,0.39083,1.8370900000000001,-0.12774000000000002,-0.15245999999999998,-0.42523999999999995,0.32921,-0.16647,-0.061110000000000005
0.30843000000000004,0.8084399999999999,0.72245,0.4953,-0.19799,0.49073999999999995,-0.5341600000000001,-0.06837,0.99429,-0.86603,0.46735,-0.37803000000000003,-1.12237,-0.32576,-0.5774,0.24514,0.6301100000000001,-0.79411,-0.08345,0.8107,-2.2503,-0.30787,-0.8134600000000001,-0.81098,-0.8939600000000001,-0.24464,0.7153,0.7528600000000001,-0.41751000000000005,0.39905,1.51555,-0.18649000000000002,-0.43968,0.50953,0.13475,-1.20769,-0.92481,0.14878,0.29261,0.08475,-0.12694,-0.09155,-0.76877,0.034210000000000004,-0.40008,0.8440200000000001,0.71849,0.8259700000000001,0.7205,-0.35613,1.3820700000000001,-0.13180999999999998,-0.8065,0.6674399999999999,1.11053,-0.42941999999999997,-0.62983,-0.81058,-0.74864,-0.17673,0.31625,0.69695,-0.23933000000000001,0.9727,2.65897,0.39928,-0.39082,1.36906
0.49867,0.62056,0.9126799999999999,-0.16804000000000002,-0.2245,-0.5472,0.36114,-0.03574,0.8298,-1.25661,-1.91515,0.9099799999999999,1.13247,-1.86205,0.54789,-2.11016,1.31955,-0.3802,-0.71823,0.76198,0.6228199999999999,-0.7921199999999999,0.47362,-0.44037,-0.9277700000000001,-0.8574200000000001,-0.2956,4.16476,-0.12786,-0.9142600000000001,1.7792599999999998,-0.85761,-0.73837,2.1437,0.34064,-0.69838,-0.7489,-0.20289000000000001,-0.17194,-0.5729,-0.28271,-0.48422,-0.42056000000000004,0.2443,-1.19823,-0.07745,-0.84759,-1.16626,1.8310400000000002,-1.05595,-0.16695,-1.0545200000000001,-0.16334,0.39671999999999996,1.23068,-0.59426,-0.054270000000000006,-163.0,-0.74556,-0.8416,0.32278,3.28318,0.07026,-0.72588,3.41141,-0.8430700000000001,-0.58762,1.53063
0.87729,-0.86361,-0.71997,-0.03558,-1.1821700000000002,0.80502,-0.48077,0.59565,0.22416999999999998,-1.18852,-0.34089,0.72734,1.9113799999999999,-2.15291,-0.18794,-0.54067,-0.9411299999999999,-1.94438,-0.89685,0.14945999999999998,-0.08451,0.15053,-0.19960999999999998,0.89943,-0.22159,-0.46312,0.16894,0.70965,-0.35036999999999996,-0.42031999999999997,-0.41811000000000004,-0.20133,-0.20642,-0.24311,0.67687,0.02253,-0.21716999999999997,-0.07526000000000001,-1.1319,0.6360899999999999,-0.25755,0.78515,-0.31686,-0.17443,-0.91565,-0.9307799999999999,1.9242599999999999,0.8422299999999999,3.3359099999999997,-0.31671,2.42635,2.02585,2.94055,2.47982,-0.66502,0.34668000000000004,0.1236,1.6241,0.26192,-0.12327,0.80737,1.57875,-0.24144000000000002,0.54187,-0.60346,0.72123,-0.13491,-0.64623
1.8275599999999999,-0.52205,0.43542,1.2094200000000002,0.8381200000000001,0.96655,-0.8661700000000001,0.35314,0.6762199999999999,-0.9423299999999999,-0.005229999999999999,1.6245399999999999,-0.18222,-1.78184,-0.03864,-0.41493,0.11416,-0.38492,-0.40755,0.70657,0.8616,-0.40492,-0.51962,-0.38733,0.34495,-0.0743,3.4097699999999995,0.10583,-0.6377,-0.8506799999999999,-0.62044,1.16163,0.14054,-0.2878,0.9697,-0.8459700000000001,-0.92138,0.72925,-0.12207,0.5605600000000001,-0.91824,0.062360000000000006,-0.64787,0.29681,-0.42394,0.8209700000000001,-0.43531000000000003,-0.5138199999999999,-0.80887,-1.37365,1.75967,-0.42063999999999996,0.4592,0.1472,0.35339,-0.45607,-0.61177,-0.45601,0.28743,-0.5392399999999999,4.26624,0.06738,-0.8956799999999999,-0.5688,-0.56787,1.6184399999999999,0.6644399999999999,-0.1067
